sequence,action,long_probability_ppm,short_probability_ppm,hold_probability_ppm
16,hold,0,0,1000000
76,hold,328415,305138,366447
136,hold,335940,281398,382663
196,hold,163368,209552,627079
256,hold,210397,234369,555234
316,hold,0,0,1000000
376,hold,0,0,1000000
436,hold,0,0,1000000
496,hold,0,0,1000000
556,hold,310863,341397,347739
616,hold,0,0,1000000
676,hold,0,0,1000000
736,hold,0,0,1000000
796,hold,0,0,1000000
856,hold,298496,333643,367861
916,hold,0,0,1000000
976,hold,217154,299968,482877
1036,hold,291244,278969,429787
1096,hold,0,0,1000000
1156,hold,0,0,1000000
1216,hold,261336,242154,496510
1276,hold,0,0,1000000
1336,hold,0,0,1000000
1396,hold,0,0,1000000
1456,hold,0,0,1000000
1516,hold,401115,306773,292112
1576,hold,312854,297069,390077
1636,hold,0,0,1000000
1696,hold,0,0,1000000
1756,hold,0,0,1000000
1816,hold,0,0,1000000
1876,hold,244992,240034,514974
1936,hold,0,0,1000000
1996,hold,255736,241412,502852
2056,hold,283648,282467,433885
2116,hold,0,0,1000000
2176,hold,0,0,1000000
2236,hold,0,0,1000000
2296,hold,409054,329667,261279
2356,hold,0,0,1000000
2416,hold,0,0,1000000
2476,hold,428736,291892,279372
2536,hold,442478,393148,164374
2596,hold,268755,272300,458945
2656,hold,0,0,1000000
2716,hold,353014,291972,355014
2776,hold,257294,301756,440950
2836,hold,0,0,1000000
2896,hold,0,0,1000000
2956,hold,248155,276553,475292
3016,hold,330661,257788,411551
3076,hold,207145,226930,565925
3136,hold,0,0,1000000
3196,hold,253219,268188,478593
3256,hold,0,0,1000000
3316,hold,314848,252577,432576
3376,hold,0,0,1000000
3436,hold,0,0,1000000
3496,hold,0,0,1000000
3556,hold,0,0,1000000
3616,hold,218041,249257,532702
3676,hold,281163,363176,355661
3736,hold,243551,258910,497539
3796,hold,0,0,1000000
3856,hold,344416,295411,360173
3916,hold,0,0,1000000
3976,hold,315300,256080,428620
4036,hold,363520,340521,295959
4096,hold,355824,288832,355345
4156,hold,318754,266196,415050
4216,hold,0,0,1000000
4276,hold,0,0,1000000
4336,hold,0,0,1000000
4396,hold,255681,268073,476246
4456,hold,0,0,1000000
4516,hold,208492,206611,584897
4576,hold,244752,240537,514711
4636,hold,0,0,1000000
4696,hold,0,0,1000000
4756,hold,205746,196829,597425
4816,hold,0,0,1000000
4876,hold,295169,358583,346248
4936,hold,0,0,1000000
4996,hold,0,0,1000000
5056,hold,0,0,1000000
5116,hold,0,0,1000000
5176,hold,0,0,1000000
5236,hold,241522,216904,541574
5296,hold,0,0,1000000
5356,hold,0,0,1000000
5416,hold,205660,210812,583528
5476,hold,0,0,1000000
5536,hold,0,0,1000000
5596,hold,0,0,1000000
5656,hold,240850,219830,539319
5716,hold,217888,219185,562927
5776,hold,243625,219978,536398
5836,hold,0,0,1000000
5896,hold,0,0,1000000
5956,hold,0,0,1000000
6016,hold,0,0,1000000
6076,hold,0,0,1000000
6136,hold,0,0,1000000
6196,hold,0,0,1000000
6256,hold,282231,289931,427839
6316,hold,0,0,1000000
6376,hold,263832,240316,495851
6436,hold,0,0,1000000
6496,hold,0,0,1000000
6556,hold,0,0,1000000
6616,hold,249863,279915,470222
6676,hold,0,0,1000000
6736,hold,233757,276318,489925
6796,hold,167989,227019,604992
6856,hold,280889,312283,406828
6916,hold,224055,229299,546646
6976,hold,0,0,1000000
7036,hold,0,0,1000000
7096,hold,0,0,1000000
7156,hold,204105,250487,545408
7216,hold,0,0,1000000
7276,hold,293679,344343,361978
7336,short,347739,592856,59406
7396,hold,0,0,1000000
7456,hold,227578,222850,549573
7516,hold,0,0,1000000
7576,hold,0,0,1000000
7636,hold,0,0,1000000
7696,hold,0,0,1000000
7756,hold,285106,254301,460592
7816,hold,287004,270992,442004
7876,hold,0,0,1000000
7936,hold,316937,271696,411367
7996,hold,322183,404773,273044
8056,hold,0,0,1000000
8116,hold,448584,452290,99126
8176,hold,346910,391341,261750
8236,hold,0,0,1000000
8296,hold,0,0,1000000
8356,hold,0,0,1000000
8416,hold,0,0,1000000
8476,hold,0,0,1000000
8536,hold,341014,272936,386050
8596,hold,247684,255024,497293
8656,hold,0,0,1000000
8716,hold,0,0,1000000
8776,hold,0,0,1000000
8836,hold,225120,255906,518974
8896,hold,0,0,1000000
8956,hold,0,0,1000000
9016,hold,0,0,1000000
9076,hold,0,0,1000000
9136,hold,221132,243402,535466
9196,hold,0,0,1000000
9256,hold,222642,344137,433221
9316,hold,0,0,1000000
9376,hold,359694,323474,316832
9436,hold,0,0,1000000
9496,hold,0,0,1000000
9556,short,271478,727955,567
9616,hold,0,0,1000000
9676,hold,423311,426227,150462
9736,hold,0,0,1000000
9796,hold,0,0,1000000
9856,long,523528,336733,139739
9916,hold,0,0,1000000
9976,hold,0,0,1000000
10036,hold,0,0,1000000
10096,hold,0,0,1000000
10156,hold,0,0,1000000
10216,hold,0,0,1000000
10276,hold,0,0,1000000
10336,hold,0,0,1000000
10396,hold,0,0,1000000
10456,hold,0,0,1000000
10516,hold,478244,347829,173927
10576,hold,0,0,1000000
10636,hold,216691,223853,559456
10696,hold,300007,341965,358028
10756,hold,0,0,1000000
10816,hold,449802,368229,181969
10876,hold,0,0,1000000
10936,hold,0,0,1000000
10996,hold,0,0,1000000
11056,hold,0,0,1000000
11116,short,350352,597115,52532
11176,hold,0,0,1000000
11236,hold,0,0,1000000
11296,hold,450211,409550,140239
11356,hold,0,0,1000000
11416,hold,259122,300006,440873
11476,hold,0,0,1000000
11536,hold,0,0,1000000
11596,hold,0,0,1000000
11656,short,461598,532954,5448
11716,hold,0,0,1000000
11776,hold,296689,318413,384898
11836,hold,279571,269424,451006
11896,hold,329243,257852,412906
11956,hold,285804,277095,437101
12016,hold,448374,462465,89161
12076,hold,361333,280957,357711
12136,hold,0,0,1000000
12196,hold,0,0,1000000
12256,hold,0,0,1000000
12316,hold,337584,374316,288099
12376,hold,0,0,1000000
12436,hold,0,0,1000000
12496,hold,366417,439834,193749
12556,hold,0,0,1000000
12616,long,559648,346202,94151
12676,hold,409711,302213,288076
12736,short,423694,551558,24748
12796,hold,0,0,1000000
12856,hold,0,0,1000000
12916,hold,360372,321210,318418
12976,hold,0,0,1000000
13036,hold,0,0,1000000
13096,hold,0,0,1000000
13156,hold,0,0,1000000
13216,hold,0,0,1000000
13276,hold,0,0,1000000
13336,hold,0,0,1000000
13396,hold,0,0,1000000
13456,hold,346432,294731,358837
13516,hold,0,0,1000000
13576,hold,0,0,1000000
13636,hold,0,0,1000000
13696,hold,0,0,1000000
13756,hold,0,0,1000000
13816,hold,0,0,1000000
13876,short,388393,608551,3056
13936,long,562689,339803,97508
13996,hold,0,0,1000000
14056,hold,385007,473116,141878
14116,hold,0,0,1000000
14176,hold,0,0,1000000
14236,hold,0,0,1000000
14296,hold,0,0,1000000
14356,hold,0,0,1000000
14416,hold,0,0,1000000
14476,hold,0,0,1000000
14536,hold,237592,244619,517790
14596,hold,0,0,1000000
14656,hold,0,0,1000000
14716,hold,0,0,1000000
14776,hold,0,0,1000000
14836,hold,0,0,1000000
14896,hold,0,0,1000000
14956,hold,246520,222585,530896
15016,hold,209126,207703,583171
15076,hold,0,0,1000000
15136,hold,0,0,1000000
15196,hold,0,0,1000000
15256,hold,0,0,1000000
15316,hold,0,0,1000000
15376,hold,0,0,1000000
15436,hold,275949,425639,298412
15496,hold,229952,222009,548039
15556,hold,0,0,1000000
15616,hold,0,0,1000000
15676,hold,185551,214344,600104
15736,hold,0,0,1000000
15796,hold,0,0,1000000
15856,hold,0,0,1000000
15916,hold,0,0,1000000
15976,hold,0,0,1000000
16036,hold,0,0,1000000
16096,hold,0,0,1000000
16156,hold,0,0,1000000
16216,hold,0,0,1000000
16276,hold,222268,236110,541622
16336,hold,0,0,1000000
16396,hold,0,0,1000000
16456,hold,319732,249558,430710
16516,hold,0,0,1000000
16576,hold,298617,252061,449322
16636,hold,0,0,1000000
16696,hold,288235,256004,455761
16756,hold,0,0,1000000
16816,hold,0,0,1000000
16876,hold,263376,242791,493832
16936,hold,0,0,1000000
16996,hold,193807,246904,559289
17056,hold,0,0,1000000
17116,hold,199441,266937,533623
17176,hold,329945,371550,298505
17236,hold,0,0,1000000
17296,hold,228702,240822,530476
17356,hold,0,0,1000000
17416,long,544090,302896,153014
17476,hold,0,0,1000000
17536,hold,309928,287221,402851
17596,hold,0,0,1000000
17656,hold,0,0,1000000
17716,hold,419096,347066,233838
17776,hold,0,0,1000000
17836,hold,454073,349461,196466
17896,hold,404085,442017,153898
17956,hold,460057,379811,160132
18016,hold,0,0,1000000
18076,hold,0,0,1000000
18136,hold,0,0,1000000
18196,long,656181,330530,13288
18256,hold,0,0,1000000
18316,hold,0,0,1000000
18376,hold,0,0,1000000
18436,hold,0,0,1000000
18496,hold,0,0,1000000
18556,hold,375509,385603,238888
18616,hold,437336,411035,151629
18676,hold,0,0,1000000
18736,hold,0,0,1000000
18796,hold,372302,324420,303278
18856,hold,0,0,1000000
18916,hold,0,0,1000000
18976,hold,0,0,1000000
19036,hold,226559,233064,540377
19096,hold,271514,274156,454330
19156,hold,216243,221104,562653
19216,hold,350447,317588,331965
19276,hold,0,0,1000000
19336,hold,331471,401703,266826
19396,hold,0,0,1000000
19456,hold,0,0,1000000
19516,hold,0,0,1000000
19576,hold,0,0,1000000
19636,hold,0,0,1000000
19696,long,520859,429353,49789
19756,hold,0,0,1000000
19816,hold,0,0,1000000
19876,hold,331253,267256,401491
19936,hold,0,0,1000000
19996,hold,0,0,1000000
20056,hold,0,0,1000000
20116,hold,0,0,1000000
20176,hold,320395,255357,424247
20236,hold,0,0,1000000
20296,hold,0,0,1000000
20356,hold,0,0,1000000
20416,hold,0,0,1000000
20476,hold,329705,384104,286191
20536,hold,0,0,1000000
20596,hold,257793,229478,512729
20656,hold,0,0,1000000
20716,hold,0,0,1000000
20776,hold,306601,303835,389564
20836,hold,0,0,1000000
20896,hold,0,0,1000000
20956,hold,251961,305591,442448
21016,hold,442047,451918,106034
21076,hold,0,0,1000000
21136,hold,0,0,1000000
21196,hold,0,0,1000000
21256,hold,0,0,1000000
21316,hold,205069,229239,565692
21376,hold,329493,321736,348771
21436,hold,458114,291227,250659
21496,hold,0,0,1000000
21556,hold,0,0,1000000
21616,hold,0,0,1000000
21676,hold,0,0,1000000
21736,hold,0,0,1000000
21796,hold,309133,314194,376674
21856,hold,0,0,1000000
21916,hold,186923,237618,575459
21976,hold,0,0,1000000
22036,hold,234052,228417,537531
22096,hold,0,0,1000000
22156,hold,477072,300736,222192
22216,hold,241434,230191,528375
22276,hold,0,0,1000000
22336,hold,0,0,1000000
22396,hold,0,0,1000000
22456,hold,0,0,1000000
22516,long,585844,396064,18092
22576,hold,341861,427951,230189
22636,hold,0,0,1000000
22696,hold,0,0,1000000
22756,hold,0,0,1000000
22816,hold,327933,292324,379743
22876,hold,0,0,1000000
22936,hold,0,0,1000000
22996,hold,0,0,1000000
23056,hold,0,0,1000000
23116,hold,0,0,1000000
23176,long,501025,324683,174292
23236,hold,406749,374022,219229
23296,hold,0,0,1000000
23356,hold,269080,266588,464332
23416,hold,0,0,1000000
23476,hold,0,0,1000000
23536,hold,0,0,1000000
23596,hold,304057,316040,379903
23656,hold,0,0,1000000
23716,hold,0,0,1000000
23776,hold,246363,238247,515390
23836,hold,0,0,1000000
23896,hold,0,0,1000000
23956,hold,440969,456929,102102
24016,hold,0,0,1000000
24076,hold,0,0,1000000
24136,hold,0,0,1000000
24196,hold,360571,342290,297139
24256,hold,0,0,1000000
24316,hold,490756,292899,216345
24376,hold,330042,351397,318560
24436,hold,0,0,1000000
24496,hold,0,0,1000000
24556,hold,0,0,1000000
24616,hold,0,0,1000000
24676,hold,0,0,1000000
24736,hold,443022,414628,142350
24796,hold,0,0,1000000
24856,hold,0,0,1000000
24916,hold,0,0,1000000
24976,hold,0,0,1000000
25036,hold,302858,281855,415286
25096,hold,0,0,1000000
25156,hold,0,0,1000000
25216,hold,295307,252634,452059
25276,hold,375126,351115,273759
25336,hold,279001,268015,452984
25396,hold,0,0,1000000
25456,hold,0,0,1000000
25516,hold,0,0,1000000
25576,hold,0,0,1000000
25636,hold,0,0,1000000
25696,hold,0,0,1000000
25756,hold,0,0,1000000
25816,hold,0,0,1000000
25876,hold,248585,235436,515979
25936,hold,0,0,1000000
25996,hold,0,0,1000000
26056,hold,247596,226835,525569
26116,hold,0,0,1000000
26176,hold,378496,297842,323662
26236,hold,385777,408793,205430
26296,hold,221863,234777,543360
26356,hold,250393,244430,505176
26416,hold,301683,349575,348742
26476,short,367007,541995,90999
26536,hold,456056,312641,231303
26596,hold,0,0,1000000
26656,hold,0,0,1000000
26716,hold,306544,295601,397855
26776,hold,0,0,1000000
26836,hold,0,0,1000000
26896,hold,0,0,1000000
26956,hold,0,0,1000000
27016,hold,246930,224972,528099
27076,hold,0,0,1000000
27136,hold,354446,424136,221417
27196,hold,0,0,1000000
27256,long,666762,331960,1278
27316,long,696575,303162,263
27376,hold,0,0,1000000
27436,hold,0,0,1000000
27496,hold,0,0,1000000
27556,hold,0,0,1000000
27616,hold,0,0,1000000
27676,hold,375292,359754,264955
27736,hold,0,0,1000000
27796,long,591785,405587,2627
27856,hold,0,0,1000000
27916,hold,446972,409100,143928
27976,long,528573,331591,139836
28036,hold,0,0,1000000
28096,hold,0,0,1000000
28156,hold,0,0,1000000
28216,hold,0,0,1000000
28276,hold,0,0,1000000
28336,short,429536,570396,68
28396,hold,0,0,1000000
28456,hold,0,0,1000000
28516,hold,0,0,1000000
28576,hold,0,0,1000000
28636,hold,0,0,1000000
28696,hold,0,0,1000000
28756,hold,0,0,1000000
28816,hold,0,0,1000000
28876,hold,0,0,1000000
28936,hold,0,0,1000000
28996,hold,0,0,1000000
29056,hold,0,0,1000000
29116,hold,0,0,1000000
29176,hold,0,0,1000000
29236,hold,0,0,1000000
29296,hold,0,0,1000000
29356,hold,0,0,1000000
29416,hold,0,0,1000000
29476,hold,329371,332355,338274
29536,long,561377,385551,53071
29596,hold,0,0,1000000
29656,hold,0,0,1000000
29716,long,611466,378088,10446
29776,short,370201,623837,5962
29836,hold,0,0,1000000
29896,hold,354784,335418,309798
29956,hold,0,0,1000000
30016,hold,0,0,1000000
30076,hold,389836,386007,224157
30136,hold,373461,306854,319685
30196,hold,475076,375637,149287
30256,hold,0,0,1000000
30316,hold,0,0,1000000
30376,hold,0,0,1000000
30436,hold,0,0,1000000
30496,hold,0,0,1000000
30556,hold,0,0,1000000
30616,hold,0,0,1000000
30676,hold,381050,343493,275456
30736,hold,326216,311795,361989
30796,hold,0,0,1000000
30856,hold,0,0,1000000
30916,hold,264662,239638,495700
30976,hold,0,0,1000000
31036,hold,293612,290345,416043
31096,hold,495111,356295,148593
31156,hold,0,0,1000000
31216,long,524245,396099,79656
31276,hold,0,0,1000000
31336,hold,0,0,1000000
31396,hold,0,0,1000000
31456,hold,0,0,1000000
31516,hold,400100,351383,248517
31576,hold,0,0,1000000
31636,hold,0,0,1000000
31696,hold,339228,311947,348824
31756,hold,407117,336278,256604
31816,hold,447139,464594,88267
31876,hold,309371,275155,415474
31936,hold,391287,456068,152645
31996,hold,0,0,1000000
32056,hold,290551,318741,390708
32116,hold,417011,280450,302539
32176,hold,0,0,1000000
32236,hold,0,0,1000000
32296,hold,451598,284172,264230
32356,hold,0,0,1000000
32416,hold,285556,371369,343075
32476,hold,0,0,1000000
32536,hold,369208,313972,316820
32596,hold,0,0,1000000
32656,short,421958,568399,9643
32716,long,663104,314372,22524
32776,hold,0,0,1000000
32836,hold,0,0,1000000
32896,hold,0,0,1000000
32956,long,767210,232173,617
33016,long,575378,403116,21506
33076,hold,0,0,1000000
33136,hold,347911,305781,346308
33196,hold,0,0,1000000
33256,hold,0,0,1000000
33316,hold,0,0,1000000
33376,hold,470450,318091,211460
33436,hold,368176,371110,260714
33496,hold,0,0,1000000
33556,hold,0,0,1000000
33616,hold,318210,271759,410031
33676,hold,270308,253258,476434
33736,hold,0,0,1000000
33796,hold,0,0,1000000
33856,hold,0,0,1000000
33916,hold,0,0,1000000
33976,hold,0,0,1000000
34036,hold,0,0,1000000
34096,hold,428641,329459,241900
34156,hold,0,0,1000000
34216,hold,373577,364064,262359
34276,hold,473985,345306,180709
34336,hold,373217,318319,308464
34396,long,502371,330882,166747
34456,hold,0,0,1000000
34516,hold,373272,379125,247603
34576,hold,0,0,1000000
34636,hold,0,0,1000000
34696,hold,313103,246900,439997
34756,hold,255449,256080,488472
34816,hold,227139,228056,544805
34876,hold,292157,327214,380629
34936,hold,0,0,1000000
34996,hold,0,0,1000000
35056,hold,0,0,1000000
35116,hold,0,0,1000000
35176,hold,0,0,1000000
35236,hold,0,0,1000000
35296,hold,219308,210696,569996
35356,hold,0,0,1000000
35416,hold,0,0,1000000
35476,hold,336856,331173,331971
35536,hold,0,0,1000000
35596,hold,243604,263236,493160
35656,hold,0,0,1000000
35716,hold,0,0,1000000
35776,hold,0,0,1000000
35836,hold,244481,230144,525375
35896,hold,0,0,1000000
35956,hold,0,0,1000000
36016,hold,189904,209685,600411
36076,hold,0,0,1000000
36136,hold,0,0,1000000
36196,hold,0,0,1000000
36256,hold,207359,201621,591020
36316,hold,0,0,1000000
36376,hold,0,0,1000000
36436,hold,190901,203311,605788
36496,hold,256677,236872,506451
36556,hold,213338,216592,570070
36616,hold,297219,243135,459646
36676,hold,0,0,1000000
36736,hold,167626,205461,626913
36796,hold,215608,203219,581173
36856,hold,0,0,1000000
36916,hold,0,0,1000000
36976,hold,0,0,1000000
37036,hold,0,0,1000000
37096,hold,247039,227903,525058
37156,hold,0,0,1000000
37216,hold,0,0,1000000
37276,hold,242645,240534,516821
37336,hold,297350,301284,401366
37396,short,390448,569773,39779
37456,hold,0,0,1000000
37516,short,456201,515864,27935
37576,hold,0,0,1000000
37636,hold,0,0,1000000
37696,hold,350430,348482,301088
37756,hold,0,0,1000000
37816,hold,0,0,1000000
37876,long,587247,377361,35393
37936,hold,0,0,1000000
37996,hold,0,0,1000000
38056,hold,0,0,1000000
38116,hold,0,0,1000000
38176,hold,373120,313641,313239
38236,short,410608,566240,23152
38296,hold,0,0,1000000
38356,hold,495481,435375,69145
38416,hold,0,0,1000000
38476,long,615206,356292,28502
38536,hold,0,0,1000000
38596,hold,0,0,1000000
38656,hold,0,0,1000000
38716,hold,372392,426969,200638
38776,hold,448558,377297,174144
38836,hold,0,0,1000000
38896,hold,330116,346068,323816
38956,hold,442074,324113,233813
39016,hold,0,0,1000000
39076,hold,372564,281293,346143
39136,hold,328333,273796,397871
39196,hold,0,0,1000000
39256,hold,0,0,1000000
39316,hold,0,0,1000000
39376,hold,0,0,1000000
39436,hold,0,0,1000000
39496,hold,0,0,1000000
39556,hold,0,0,1000000
39616,hold,0,0,1000000
39676,hold,0,0,1000000
39736,hold,366802,426300,206898
39796,hold,0,0,1000000
39856,hold,0,0,1000000
39916,hold,403150,326324,270526
39976,hold,0,0,1000000
40036,hold,461353,368007,170640
40096,hold,0,0,1000000
40156,long,563959,320456,115585
40216,hold,0,0,1000000
40276,hold,0,0,1000000
40336,hold,0,0,1000000
40396,hold,0,0,1000000
40456,hold,0,0,1000000
40516,hold,0,0,1000000
40576,hold,0,0,1000000
40636,hold,0,0,1000000
40696,hold,0,0,1000000
40756,hold,0,0,1000000
40816,hold,0,0,1000000
40876,hold,0,0,1000000
40936,hold,0,0,1000000
40996,hold,0,0,1000000
41056,hold,249257,239313,511430
41116,hold,397976,332063,269962
41176,hold,0,0,1000000
41236,hold,0,0,1000000
41296,hold,368643,330462,300895
41356,hold,307803,246720,445478
41416,hold,0,0,1000000
41476,hold,0,0,1000000
41536,long,604808,373325,21867
41596,hold,0,0,1000000
41656,hold,449370,337265,213365
41716,hold,374994,331349,293658
41776,hold,371685,314718,313597
41836,hold,315414,237761,446825
41896,hold,0,0,1000000
41956,hold,305269,304073,390658
42016,hold,0,0,1000000
42076,hold,262315,261422,476264
42136,hold,0,0,1000000
42196,hold,275924,332372,391703
42256,hold,0,0,1000000
42316,hold,231722,226785,541493
42376,hold,0,0,1000000
42436,hold,0,0,1000000
42496,hold,0,0,1000000
42556,hold,0,0,1000000
42616,hold,379054,318504,302442
42676,hold,423384,469666,106949
42736,hold,0,0,1000000
42796,hold,338090,323416,338494
42856,hold,0,0,1000000
42916,hold,0,0,1000000
42976,hold,298793,262602,438605
43036,hold,455271,290091,254638
43096,hold,0,0,1000000
43156,hold,0,0,1000000
43216,hold,348017,423196,228788
43276,hold,0,0,1000000
43336,hold,0,0,1000000
43396,hold,326959,307513,365528
43456,hold,0,0,1000000
43516,hold,0,0,1000000
43576,hold,0,0,1000000
43636,hold,0,0,1000000
43696,hold,263329,300049,436622
43756,hold,0,0,1000000
43816,hold,0,0,1000000
43876,hold,264225,306654,429121
43936,hold,0,0,1000000
43996,hold,277239,266404,456356
44056,hold,0,0,1000000
44116,hold,0,0,1000000
44176,hold,0,0,1000000
44236,hold,0,0,1000000
44296,hold,0,0,1000000
44356,long,585900,376778,37322
44416,hold,433656,392571,173773
44476,hold,0,0,1000000
44536,hold,0,0,1000000
44596,hold,0,0,1000000
44656,hold,275381,238500,486119
44716,hold,0,0,1000000
44776,hold,0,0,1000000
44836,hold,253952,252260,493788
44896,hold,262668,254089,483244
44956,hold,201782,206586,591632
45016,hold,0,0,1000000
45076,hold,0,0,1000000
45136,hold,237227,240654,522118
45196,hold,271306,271640,457054
45256,hold,0,0,1000000
45316,hold,0,0,1000000
45376,hold,288961,272393,438646
45436,hold,0,0,1000000
45496,hold,242053,285074,472873
45556,hold,0,0,1000000
45616,hold,0,0,1000000
45676,hold,0,0,1000000
45736,hold,0,0,1000000
45796,hold,270932,256421,472647
45856,hold,367666,355380,276954
45916,hold,0,0,1000000
45976,hold,334861,373318,291822
46036,hold,390839,371916,237245
46096,hold,312409,252587,435004
46156,hold,251072,236691,512237
46216,hold,275858,277404,446738
46276,short,392294,559944,47762
46336,hold,0,0,1000000
46396,hold,0,0,1000000
46456,hold,236448,246668,516884
46516,hold,0,0,1000000
46576,hold,294202,341560,364237
46636,hold,0,0,1000000
46696,hold,342125,340143,317732
46756,hold,0,0,1000000
46816,hold,0,0,1000000
46876,hold,487886,355508,156606
46936,hold,364155,317760,318085
46996,hold,0,0,1000000
47056,hold,0,0,1000000
47116,hold,394100,395106,210794
47176,long,561311,360997,77692
47236,hold,0,0,1000000
47296,hold,423679,316382,259939
47356,hold,401372,356288,242341
47416,hold,0,0,1000000
47476,hold,0,0,1000000
47536,hold,0,0,1000000
47596,long,552213,446985,803
47656,hold,0,0,1000000
47716,hold,0,0,1000000
47776,hold,0,0,1000000
47836,long,651360,305320,43320
47896,hold,442238,348575,209187
47956,hold,0,0,1000000
48016,hold,445644,365721,188635
48076,hold,0,0,1000000
48136,hold,0,0,1000000
48196,hold,0,0,1000000
48256,hold,0,0,1000000
48316,hold,0,0,1000000
48376,hold,0,0,1000000
48436,long,555268,406499,38233
48496,long,591256,365962,42783
48556,hold,0,0,1000000
48616,hold,0,0,1000000
48676,hold,402744,335434,261823
48736,hold,437882,415397,146722
48796,hold,0,0,1000000
48856,hold,0,0,1000000
48916,hold,0,0,1000000
48976,hold,0,0,1000000
49036,hold,334227,386381,279392
49096,hold,0,0,1000000
49156,hold,0,0,1000000
49216,hold,306130,344680,349190
49276,hold,436764,493516,69720
49336,hold,0,0,1000000
49396,hold,0,0,1000000
49456,hold,428029,361460,210511
49516,hold,0,0,1000000
49576,hold,0,0,1000000
49636,hold,403627,317723,278650
49696,hold,0,0,1000000
49756,hold,0,0,1000000
49816,hold,382736,452541,164723
49876,hold,0,0,1000000
49936,hold,0,0,1000000
49996,hold,0,0,1000000
50056,hold,0,0,1000000
50116,hold,459988,349758,190254
50176,long,511123,486697,2181
50236,hold,0,0,1000000
50296,long,565618,393323,41059
50356,hold,465486,414515,119999
50416,hold,0,0,1000000
50476,hold,324730,350765,324505
50536,hold,381318,352879,265803
50596,hold,0,0,1000000
50656,hold,0,0,1000000
50716,hold,0,0,1000000
50776,hold,0,0,1000000
50836,hold,389970,350236,259794
50896,hold,238900,259867,501233
50956,hold,0,0,1000000
51016,hold,297839,295518,406642
51076,hold,336454,296704,366841
51136,hold,352877,286740,360383
51196,hold,0,0,1000000
51256,hold,272231,265851,461918
51316,hold,0,0,1000000
51376,hold,408171,410498,181331
51436,hold,0,0,1000000
51496,short,375528,539236,85237
51556,hold,0,0,1000000
51616,hold,311859,287181,400961
51676,hold,0,0,1000000
51736,hold,0,0,1000000
51796,hold,0,0,1000000
51856,hold,0,0,1000000
51916,hold,423372,341750,234878
51976,hold,0,0,1000000
52036,hold,0,0,1000000
52096,hold,275584,233564,490852
52156,hold,244908,250081,505011
52216,hold,284612,246356,469031
52276,hold,0,0,1000000
52336,hold,0,0,1000000
52396,hold,346245,333239,320516
52456,hold,0,0,1000000
52516,hold,0,0,1000000
52576,hold,0,0,1000000
52636,hold,0,0,1000000
52696,hold,0,0,1000000
52756,hold,0,0,1000000
52816,hold,0,0,1000000
52876,hold,489155,345827,165018
52936,hold,0,0,1000000
52996,hold,0,0,1000000
53056,hold,0,0,1000000
53116,hold,0,0,1000000
53176,hold,0,0,1000000
53236,hold,0,0,1000000
53296,hold,0,0,1000000
53356,hold,0,0,1000000
53416,hold,0,0,1000000
53476,hold,291878,287012,421110
53536,hold,0,0,1000000
53596,hold,277237,277736,445027
53656,hold,0,0,1000000
53716,hold,0,0,1000000
53776,hold,0,0,1000000
53836,hold,255292,235402,509306
53896,hold,0,0,1000000
53956,hold,244066,249737,506196
54016,hold,0,0,1000000
54076,hold,0,0,1000000
54136,hold,487589,382577,129834
54196,short,366897,620290,12814
54256,hold,0,0,1000000
54316,hold,0,0,1000000
54376,hold,0,0,1000000
54436,hold,413795,374855,211349
54496,hold,444963,363446,191591
54556,hold,0,0,1000000
54616,hold,0,0,1000000
54676,hold,357534,306264,336202
54736,hold,0,0,1000000
54796,hold,0,0,1000000
54856,hold,0,0,1000000
54916,hold,273457,260398,466145
54976,hold,248626,246390,504984
55036,hold,295903,265630,438468
55096,hold,0,0,1000000
55156,hold,234902,264242,500856
55216,hold,194051,212888,593061
55276,hold,0,0,1000000
55336,hold,241896,207370,550733
55396,hold,0,0,1000000
55456,hold,0,0,1000000
55516,hold,0,0,1000000
55576,hold,0,0,1000000
55636,hold,0,0,1000000
55696,hold,354053,347159,298788
55756,hold,240566,290022,469412
55816,hold,0,0,1000000
55876,hold,0,0,1000000
55936,hold,0,0,1000000
55996,hold,0,0,1000000
56056,hold,222629,209534,567836
56116,hold,0,0,1000000
56176,hold,0,0,1000000
56236,hold,217671,215101,567227
56296,hold,0,0,1000000
56356,hold,0,0,1000000
56416,hold,188226,253343,558431
56476,hold,0,0,1000000
56536,hold,225699,244898,529403
56596,hold,0,0,1000000
56656,hold,227329,239494,533177
56716,hold,273885,265797,460317
56776,hold,0,0,1000000
56836,hold,0,0,1000000
56896,hold,278593,262714,458693
56956,hold,281298,328513,390189
57016,hold,0,0,1000000
57076,hold,0,0,1000000
57136,hold,0,0,1000000
57196,hold,0,0,1000000
57256,hold,250119,265920,483961
57316,hold,0,0,1000000
57376,hold,0,0,1000000
57436,hold,0,0,1000000
57496,long,580169,351225,68606
57556,hold,358270,297499,344231
57616,hold,314544,288230,397226
57676,hold,343798,363233,292969
57736,long,506904,356188,136908
57796,hold,351919,257734,390347
57856,hold,304683,260019,435298
57916,hold,0,0,1000000
57976,hold,0,0,1000000
58036,hold,243024,299843,457133
58096,hold,338114,310838,351048
58156,hold,0,0,1000000
58216,hold,0,0,1000000
58276,hold,0,0,1000000
58336,hold,0,0,1000000
58396,hold,0,0,1000000
58456,hold,0,0,1000000
58516,hold,0,0,1000000
58576,hold,0,0,1000000
58636,hold,0,0,1000000
58696,hold,242597,256357,501045
58756,hold,274649,245335,480015
58816,hold,0,0,1000000
58876,hold,268849,261908,469243
58936,hold,0,0,1000000
58996,hold,0,0,1000000
59056,hold,270712,262992,466296
59116,hold,0,0,1000000
59176,hold,0,0,1000000
59236,hold,321531,277684,400786
59296,hold,0,0,1000000
59356,hold,185804,213057,601139
59416,hold,0,0,1000000
59476,hold,184076,201972,613952
59536,hold,251243,248448,500309
59596,hold,0,0,1000000
59656,hold,0,0,1000000
59716,hold,0,0,1000000
59776,hold,322716,346795,330489
59836,hold,0,0,1000000
59896,hold,462285,337308,200407
59956,hold,0,0,1000000
60016,hold,0,0,1000000
60076,hold,395151,335278,269571
60136,hold,0,0,1000000
60196,hold,317904,316879,365217
60256,hold,0,0,1000000
60316,hold,276741,250986,472273
60376,hold,289461,277852,432687
60436,hold,426760,326788,246452
60496,hold,0,0,1000000
60556,hold,0,0,1000000
60616,hold,0,0,1000000
60676,hold,471869,321314,206817
60736,hold,0,0,1000000
60796,hold,0,0,1000000
60856,hold,0,0,1000000
60916,hold,0,0,1000000
60976,hold,217516,224389,558095
61036,hold,0,0,1000000
61096,hold,241112,242565,516322
61156,hold,0,0,1000000
61216,hold,0,0,1000000
61276,hold,0,0,1000000
61336,long,750519,240401,9080
61396,hold,0,0,1000000
61456,hold,0,0,1000000
61516,hold,407995,420033,171973
61576,hold,0,0,1000000
61636,hold,384950,354422,260628
61696,hold,350215,357144,292641
61756,hold,0,0,1000000
61816,hold,0,0,1000000
61876,hold,0,0,1000000
61936,hold,312499,295549,391952
61996,hold,0,0,1000000
62056,hold,0,0,1000000
62116,hold,262927,256115,480958
62176,hold,0,0,1000000
62236,hold,413328,324977,261696
62296,hold,0,0,1000000
62356,hold,429176,387815,183009
62416,hold,0,0,1000000
62476,hold,0,0,1000000
62536,hold,269416,248621,481963
62596,hold,0,0,1000000
62656,hold,361713,353759,284529
62716,hold,0,0,1000000
62776,hold,0,0,1000000
62836,hold,0,0,1000000
62896,hold,0,0,1000000
62956,hold,0,0,1000000
63016,hold,0,0,1000000
63076,hold,274883,277650,447467
63136,hold,0,0,1000000
63196,hold,270109,311116,418774
63256,hold,0,0,1000000
63316,hold,0,0,1000000
63376,hold,0,0,1000000
63436,hold,0,0,1000000
63496,hold,0,0,1000000
63556,hold,0,0,1000000
63616,hold,253266,248269,498465
63676,hold,0,0,1000000
63736,hold,0,0,1000000
63796,hold,0,0,1000000
63856,hold,0,0,1000000
63916,hold,178940,198935,622126
63976,hold,0,0,1000000
64036,hold,0,0,1000000
64096,hold,259592,270509,469899
64156,hold,0,0,1000000
64216,hold,0,0,1000000
64276,hold,0,0,1000000
64336,hold,0,0,1000000
64396,hold,343323,347738,308939
64456,hold,321879,355357,322764
64516,hold,0,0,1000000
64576,hold,0,0,1000000
64636,hold,476054,407345,116600
64696,hold,229307,269357,501336
64756,hold,0,0,1000000
64816,hold,256938,256448,486614
64876,hold,249600,228953,521447
64936,hold,193239,224122,582639
64996,hold,0,0,1000000
65056,hold,240413,229900,529687
65116,hold,179997,229267,590736
65176,hold,0,0,1000000
65236,hold,251259,243348,505393
65296,hold,0,0,1000000
65356,hold,189880,197662,612458
65416,hold,0,0,1000000
65476,hold,0,0,1000000
65536,hold,0,0,1000000
65596,hold,190793,206026,603181
65656,hold,0,0,1000000
65716,hold,0,0,1000000
65776,hold,0,0,1000000
65836,hold,0,0,1000000
65896,hold,0,0,1000000
65956,hold,174839,217716,607445
66016,hold,0,0,1000000
66076,hold,0,0,1000000
66136,hold,0,0,1000000
66196,hold,312519,282362,405119
66256,hold,210591,190357,599051
66316,hold,0,0,1000000
66376,hold,0,0,1000000
66436,hold,0,0,1000000
66496,hold,0,0,1000000
66556,hold,0,0,1000000
66616,hold,0,0,1000000
66676,hold,240545,208102,551354
66736,hold,188898,207795,603307
66796,hold,228475,232337,539187
66856,hold,168467,202707,628825
66916,hold,0,0,1000000
66976,hold,0,0,1000000
67036,hold,0,0,1000000
67096,hold,316589,310476,372935
67156,hold,0,0,1000000
67216,hold,0,0,1000000
67276,hold,0,0,1000000
67336,hold,245160,265111,489728
67396,hold,0,0,1000000
67456,hold,0,0,1000000
67516,hold,168790,213376,617834
67576,hold,145734,188470,665796
67636,hold,424254,324289,251457
67696,hold,0,0,1000000
67756,hold,0,0,1000000
67816,hold,0,0,1000000
67876,hold,226572,233852,539576
67936,hold,0,0,1000000
67996,hold,264434,255196,480369
68056,hold,0,0,1000000
68116,hold,0,0,1000000
68176,hold,0,0,1000000
68236,hold,0,0,1000000
68296,hold,0,0,1000000
68356,hold,0,0,1000000
68416,hold,0,0,1000000
68476,hold,0,0,1000000
68536,hold,338069,359173,302758
68596,hold,0,0,1000000
68656,hold,471615,374463,153922
68716,hold,0,0,1000000
68776,hold,0,0,1000000
68836,hold,324307,317259,358434
68896,hold,203360,244046,552594
68956,hold,250178,237362,512460
69016,hold,0,0,1000000
69076,hold,210447,243761,545792
69136,hold,0,0,1000000
69196,hold,0,0,1000000
69256,hold,197273,213113,589615
69316,hold,0,0,1000000
69376,hold,0,0,1000000
69436,hold,208377,240511,551112
69496,hold,366219,330552,303228
69556,hold,0,0,1000000
69616,hold,0,0,1000000
69676,hold,0,0,1000000
69736,hold,218118,235958,545924
69796,hold,0,0,1000000
69856,hold,0,0,1000000
69916,hold,356676,294802,348521
69976,hold,0,0,1000000
70036,long,517118,378233,104650
70096,hold,0,0,1000000
70156,hold,420394,346570,233036
70216,hold,481366,404124,114510
70276,hold,408339,395625,196036
70336,hold,387400,307533,305067
70396,hold,433657,376452,189891
70456,hold,0,0,1000000
70516,hold,238506,235565,525929
70576,hold,0,0,1000000
70636,hold,310814,366568,322618
70696,hold,227783,248929,523288
70756,hold,0,0,1000000
70816,hold,0,0,1000000
70876,hold,334617,269861,395522
70936,hold,0,0,1000000
70996,hold,174853,208741,616405
71056,hold,0,0,1000000
71116,hold,0,0,1000000
71176,hold,243347,232256,524396
71236,hold,0,0,1000000
71296,hold,0,0,1000000
71356,hold,193955,223774,582271
71416,hold,0,0,1000000
71476,hold,0,0,1000000
71536,hold,0,0,1000000
71596,hold,0,0,1000000
71656,hold,317482,355173,327345
71716,hold,0,0,1000000
71776,hold,340739,270580,388681
71836,hold,0,0,1000000
71896,hold,0,0,1000000
71956,hold,279274,270131,450595
72016,hold,0,0,1000000
72076,hold,232177,242522,525301
72136,hold,0,0,1000000
72196,hold,223416,268245,508339
72256,hold,0,0,1000000
72316,hold,0,0,1000000
72376,hold,266072,247225,486703
72436,hold,0,0,1000000
72496,hold,0,0,1000000
72556,hold,165168,212133,622699
72616,hold,0,0,1000000
72676,hold,140828,189770,669403
72736,hold,0,0,1000000
72796,hold,0,0,1000000
72856,hold,269141,242221,488638
72916,hold,496428,348927,154646
72976,hold,0,0,1000000
73036,hold,331896,271106,396998
73096,hold,274279,250504,475216
73156,hold,0,0,1000000
73216,hold,0,0,1000000
73276,hold,0,0,1000000
73336,hold,0,0,1000000
73396,hold,0,0,1000000
73456,hold,198746,222858,578397
73516,hold,247144,243363,509493
73576,hold,0,0,1000000
73636,hold,197828,215824,586348
73696,hold,0,0,1000000
73756,hold,0,0,1000000
73816,hold,0,0,1000000
73876,hold,170214,187018,642768
73936,hold,281588,265980,452433
73996,hold,220906,213306,565788
74056,hold,0,0,1000000
74116,hold,0,0,1000000
74176,hold,0,0,1000000
74236,hold,333951,382354,283695
74296,hold,0,0,1000000
74356,hold,0,0,1000000
74416,hold,0,0,1000000
74476,hold,422603,384466,192931
74536,hold,479928,424026,96046
74596,hold,393622,364014,242364
74656,long,582772,336735,80492
74716,hold,0,0,1000000
74776,hold,0,0,1000000
74836,hold,0,0,1000000
74896,hold,0,0,1000000
74956,hold,273363,250496,476141
75016,hold,0,0,1000000
75076,hold,0,0,1000000
75136,hold,0,0,1000000
75196,hold,0,0,1000000
75256,hold,0,0,1000000
75316,hold,0,0,1000000
75376,hold,195999,236237,567763
75436,hold,0,0,1000000
75496,hold,208483,222693,568824
75556,hold,0,0,1000000
75616,hold,184151,193224,622625
75676,hold,228521,228895,542584
75736,hold,221993,229610,548397
75796,hold,0,0,1000000
75856,hold,0,0,1000000
75916,hold,256147,236182,507672
75976,hold,0,0,1000000
76036,hold,0,0,1000000
76096,hold,210097,194006,595896
76156,hold,0,0,1000000
76216,hold,166656,183562,649782
76276,hold,0,0,1000000
76336,hold,169857,192907,637236
76396,hold,0,0,1000000
76456,hold,0,0,1000000
76516,hold,0,0,1000000
76576,hold,0,0,1000000
76636,hold,167531,207819,624650
76696,hold,0,0,1000000
76756,hold,0,0,1000000
76816,hold,0,0,1000000
76876,hold,148726,204384,646890
76936,hold,0,0,1000000
76996,hold,0,0,1000000
77056,hold,164758,226126,609116
77116,hold,0,0,1000000
77176,hold,0,0,1000000
77236,hold,267204,258189,474607
77296,hold,0,0,1000000
77356,hold,185261,236030,578709
77416,hold,194483,207208,598309
77476,hold,0,0,1000000
77536,hold,0,0,1000000
77596,hold,0,0,1000000
77656,hold,0,0,1000000
77716,hold,349233,318452,332315
77776,hold,244107,253362,502532
77836,hold,291083,308140,400776
77896,hold,0,0,1000000
77956,hold,259468,281986,458546
78016,hold,0,0,1000000
78076,hold,0,0,1000000
78136,hold,0,0,1000000
78196,hold,0,0,1000000
78256,hold,0,0,1000000
78316,hold,0,0,1000000
78376,hold,0,0,1000000
78436,hold,0,0,1000000
78496,hold,213287,221678,565036
78556,hold,0,0,1000000
78616,hold,318583,354169,327248
78676,hold,0,0,1000000
78736,hold,0,0,1000000
78796,hold,0,0,1000000
78856,hold,0,0,1000000
78916,hold,0,0,1000000
78976,hold,0,0,1000000
79036,hold,0,0,1000000
79096,hold,430529,487925,81545
79156,long,606797,347679,45524
79216,hold,484315,488516,27168
79276,hold,0,0,1000000
79336,hold,0,0,1000000
79396,hold,0,0,1000000
79456,hold,0,0,1000000
79516,hold,0,0,1000000
79576,hold,313754,314977,371269
79636,short,355759,636804,7437
79696,hold,0,0,1000000
79756,hold,450690,381307,168003
79816,short,486820,503305,9875
79876,hold,0,0,1000000
79936,hold,409412,355158,235430
79996,hold,0,0,1000000
80056,hold,0,0,1000000
80116,long,644199,354888,913
80176,hold,0,0,1000000
80236,hold,0,0,1000000
80296,hold,0,0,1000000
80356,short,405132,541505,53363
80416,hold,433898,369703,196399
80476,hold,0,0,1000000
80536,hold,391687,388441,219872
80596,hold,0,0,1000000
80656,hold,358356,308385,333258
80716,hold,0,0,1000000
80776,hold,359942,250243,389815
80836,hold,276582,292169,431248
80896,hold,373499,336394,290108
80956,hold,0,0,1000000
81016,hold,0,0,1000000
81076,hold,292629,292649,414722
81136,hold,414222,412150,173628
81196,hold,274106,244806,481088
81256,hold,0,0,1000000
81316,hold,0,0,1000000
81376,hold,358583,343383,298033
81436,hold,377848,403174,218979
81496,hold,494271,432959,72769
81556,long,504826,474511,20663
81616,short,459208,505749,35042
81676,hold,0,0,1000000
81736,long,561976,417702,20321
81796,long,770312,228693,995
81856,short,314034,683448,2518
81916,long,717681,259206,23114
81976,hold,0,0,1000000
82036,long,514569,351108,134323
82096,hold,0,0,1000000
82156,hold,0,0,1000000
82216,hold,0,0,1000000
82276,hold,0,0,1000000
82336,hold,0,0,1000000
82396,hold,411261,289175,299565
82456,hold,0,0,1000000
82516,hold,337180,319212,343607
82576,hold,0,0,1000000
82636,hold,0,0,1000000
82696,hold,304835,290671,404494
82756,hold,0,0,1000000
82816,hold,402099,435192,162709
82876,hold,0,0,1000000
82936,hold,0,0,1000000
82996,hold,0,0,1000000
83056,hold,0,0,1000000
83116,long,553742,346013,100245
83176,hold,0,0,1000000
83236,hold,401887,411756,186357
83296,short,428245,545211,26545
83356,long,572598,309424,117978
83416,hold,0,0,1000000
83476,hold,367661,286578,345761
83536,hold,0,0,1000000
83596,hold,345292,287422,367286
83656,long,784254,214682,1063
83716,long,716575,279697,3729
83776,long,600658,392181,7161
83836,hold,0,0,1000000
83896,hold,0,0,1000000
83956,hold,0,0,1000000
84016,short,360602,624149,15249
84076,hold,0,0,1000000
84136,hold,0,0,1000000
84196,hold,0,0,1000000
84256,hold,0,0,1000000
84316,short,356446,512667,130886
84376,hold,495000,453963,51038
84436,long,610355,371258,18387
84496,hold,0,0,1000000
84556,hold,0,0,1000000
84616,hold,0,0,1000000
84676,hold,0,0,1000000
84736,hold,0,0,1000000
84796,hold,0,0,1000000
84856,hold,0,0,1000000
84916,hold,0,0,1000000
84976,hold,314566,236000,449434
85036,hold,369157,282320,348523
85096,hold,434061,320918,245020
85156,hold,0,0,1000000
85216,hold,389879,355870,254251
85276,hold,0,0,1000000
85336,hold,297385,327369,375245
85396,hold,346036,289213,364751
85456,hold,0,0,1000000
85516,hold,266635,251442,481923
85576,hold,0,0,1000000
85636,hold,342905,455073,202022
85696,hold,0,0,1000000
85756,hold,0,0,1000000
85816,hold,0,0,1000000
85876,hold,0,0,1000000
85936,hold,395266,282261,322473
85996,hold,0,0,1000000
86056,hold,0,0,1000000
86116,hold,265700,248208,486091
86176,hold,0,0,1000000
86236,hold,0,0,1000000
86296,hold,246280,314993,438727
86356,hold,0,0,1000000
86416,hold,291884,287734,420382
86476,hold,0,0,1000000
86536,hold,0,0,1000000
86596,hold,0,0,1000000
86656,hold,283886,259681,456433
86716,hold,0,0,1000000
86776,hold,0,0,1000000
86836,hold,0,0,1000000
86896,hold,296141,363310,340549
86956,hold,0,0,1000000
87016,hold,0,0,1000000
87076,hold,0,0,1000000
87136,hold,229723,299527,470750
87196,hold,0,0,1000000
87256,hold,354772,430800,214427
87316,hold,0,0,1000000
87376,long,728216,262819,8965
87436,long,675492,312247,12261
87496,long,551205,429165,19629
87556,hold,0,0,1000000
87616,hold,460075,351454,188470
87676,hold,0,0,1000000
87736,hold,0,0,1000000
87796,hold,0,0,1000000
87856,hold,430829,475187,93984
87916,hold,347556,423970,228474
87976,hold,0,0,1000000
88036,hold,0,0,1000000
88096,hold,0,0,1000000
88156,hold,325947,319557,354495
88216,hold,0,0,1000000
88276,long,548685,404213,47102
88336,hold,0,0,1000000
88396,hold,0,0,1000000
88456,hold,0,0,1000000
88516,hold,410965,371468,217568
88576,hold,408692,311640,279668
88636,hold,0,0,1000000
88696,hold,397746,378505,223749
88756,long,583431,416514,55
88816,hold,0,0,1000000
88876,hold,0,0,1000000
88936,hold,0,0,1000000
88996,long,683259,316705,36
89056,hold,0,0,1000000
89116,hold,0,0,1000000
89176,hold,0,0,1000000
89236,hold,0,0,1000000
89296,hold,0,0,1000000
89356,hold,0,0,1000000
89416,long,747347,252533,120
89476,hold,0,0,1000000
89536,hold,0,0,1000000
89596,hold,0,0,1000000
89656,hold,0,0,1000000
89716,hold,420412,436672,142916
89776,hold,0,0,1000000
89836,hold,410340,398433,191226
89896,hold,0,0,1000000
89956,hold,0,0,1000000
90016,hold,0,0,1000000
90076,hold,0,0,1000000
90136,hold,0,0,1000000
90196,hold,0,0,1000000
90256,hold,0,0,1000000
90316,long,632607,322219,45175
90376,long,532540,408391,59069
90436,short,465111,519955,14934
90496,hold,0,0,1000000
90556,long,668058,307148,24794
90616,hold,0,0,1000000
90676,hold,0,0,1000000
90736,hold,428401,408799,162801
90796,hold,0,0,1000000
90856,hold,0,0,1000000
90916,hold,464361,306850,228789
90976,long,544075,317690,138236
91036,hold,0,0,1000000
91096,hold,0,0,1000000
91156,hold,308369,324478,367153
91216,hold,265824,286151,448025
91276,hold,366213,330302,303485
91336,hold,0,0,1000000
91396,long,512500,329985,157515
91456,hold,0,0,1000000
91516,hold,0,0,1000000
91576,hold,0,0,1000000
91636,long,595113,401495,3392
91696,hold,0,0,1000000
91756,hold,495353,368623,136024
91816,hold,0,0,1000000
91876,hold,0,0,1000000
91936,hold,0,0,1000000
91996,hold,0,0,1000000
92056,hold,0,0,1000000
92116,hold,0,0,1000000
92176,hold,0,0,1000000
92236,hold,0,0,1000000
92296,long,510563,354452,134985
92356,hold,0,0,1000000
92416,hold,0,0,1000000
92476,hold,390875,330097,279029
92536,hold,0,0,1000000
92596,hold,390080,343143,266777
92656,hold,0,0,1000000
92716,hold,418140,373190,208669
92776,hold,0,0,1000000
92836,hold,0,0,1000000
92896,hold,358157,365092,276751
92956,hold,0,0,1000000
93016,long,507680,375767,116553
93076,long,581647,393326,25028
93136,hold,0,0,1000000
93196,long,587273,391986,20742
93256,hold,0,0,1000000
93316,hold,0,0,1000000
93376,long,540106,364228,95666
93436,long,553003,326314,120682
93496,hold,0,0,1000000
93556,hold,0,0,1000000
93616,short,194336,805664,0
93676,long,869532,130269,200
93736,long,577853,396299,25848
93796,hold,0,0,1000000
93856,hold,0,0,1000000
93916,hold,313468,284390,402142
93976,hold,0,0,1000000
94036,hold,362171,340393,297435
94096,hold,0,0,1000000
94156,hold,410216,330074,259710
94216,hold,0,0,1000000
94276,hold,336812,371156,292032
94336,hold,0,0,1000000
94396,hold,0,0,1000000
94456,hold,0,0,1000000
94516,hold,0,0,1000000
94576,long,681747,315032,3221
94636,long,628250,356864,14886
94696,long,559392,378093,62515
94756,hold,0,0,1000000
94816,short,462622,512416,24962
94876,hold,0,0,1000000
94936,hold,0,0,1000000
94996,hold,0,0,1000000
95056,hold,376913,330528,292559
95116,hold,0,0,1000000
95176,hold,0,0,1000000
95236,hold,336575,380211,283214
95296,hold,0,0,1000000
95356,hold,0,0,1000000
95416,hold,0,0,1000000
95476,hold,0,0,1000000
95536,hold,316216,300954,382831
95596,hold,0,0,1000000
95656,hold,0,0,1000000
95716,hold,0,0,1000000
95776,hold,0,0,1000000
95836,hold,0,0,1000000
95896,hold,0,0,1000000
95956,hold,0,0,1000000
96016,hold,0,0,1000000
96076,hold,380889,382218,236892
96136,hold,0,0,1000000
96196,hold,0,0,1000000
96256,hold,252477,224299,523224
96316,hold,0,0,1000000
96376,hold,233687,293166,473147
96436,hold,309003,251488,439509
96496,hold,0,0,1000000
96556,hold,0,0,1000000
96616,hold,277479,287781,434740
96676,hold,0,0,1000000
96736,hold,0,0,1000000
96796,hold,0,0,1000000
96856,hold,0,0,1000000
96916,hold,222563,213915,563522
96976,hold,0,0,1000000
97036,hold,0,0,1000000
97096,hold,347034,304410,348557
97156,hold,403580,395432,200988
97216,hold,0,0,1000000
97276,hold,0,0,1000000
97336,long,565001,391127,43872
97396,hold,429862,324518,245620
97456,hold,0,0,1000000
97516,long,600979,319669,79352
97576,hold,0,0,1000000
97636,hold,0,0,1000000
97696,hold,459979,310514,229507
97756,hold,386437,376645,236919
97816,long,565871,390026,44103
97876,long,515981,454078,29941
97936,hold,0,0,1000000
97996,hold,0,0,1000000
98056,hold,437538,341827,220635
98116,hold,0,0,1000000
98176,hold,323064,305626,371310
98236,hold,0,0,1000000
98296,hold,357505,295649,346845
98356,hold,0,0,1000000
98416,hold,0,0,1000000
98476,hold,0,0,1000000
98536,hold,0,0,1000000
98596,hold,0,0,1000000
98656,hold,475787,452525,71688
98716,hold,0,0,1000000
98776,short,481530,517318,1152
98836,hold,0,0,1000000
98896,hold,0,0,1000000
98956,long,567074,414840,18085
99016,hold,0,0,1000000
99076,hold,0,0,1000000
99136,hold,0,0,1000000
99196,hold,0,0,1000000
99256,hold,0,0,1000000
99316,hold,0,0,1000000
99376,hold,0,0,1000000
99436,long,684827,314064,1109
99496,hold,493885,411061,95054
99556,hold,0,0,1000000
99616,hold,0,0,1000000
99676,hold,0,0,1000000
99736,hold,0,0,1000000
99796,hold,0,0,1000000
99856,hold,405866,306578,287556
99916,hold,441875,334058,224067
99976,hold,0,0,1000000
100036,hold,0,0,1000000
100096,hold,0,0,1000000
100156,long,543906,380352,75742
100216,hold,0,0,1000000
100276,hold,0,0,1000000
100336,long,549029,405082,45889
100396,hold,455506,355028,189465
100456,long,546292,423397,30311
100516,hold,467910,439416,92674
100576,hold,0,0,1000000
100636,hold,0,0,1000000
100696,hold,0,0,1000000
100756,hold,365751,402450,231799
100816,hold,0,0,1000000
100876,hold,0,0,1000000
100936,hold,0,0,1000000
100996,long,530127,353372,116501
101056,hold,408159,376881,214960
101116,hold,0,0,1000000
101176,hold,0,0,1000000
101236,hold,0,0,1000000
101296,hold,436714,369808,193478
101356,hold,0,0,1000000
101416,hold,0,0,1000000
101476,hold,0,0,1000000
101536,hold,346016,320299,333685
101596,long,575385,385427,39189
101656,short,454021,533867,12113
101716,long,548705,427687,23607
101776,hold,453807,388243,157950
101836,hold,0,0,1000000
101896,hold,0,0,1000000
101956,hold,441130,318880,239990
102016,hold,0,0,1000000
102076,hold,247203,224254,528543
102136,hold,0,0,1000000
102196,hold,0,0,1000000
102256,hold,0,0,1000000
102316,hold,0,0,1000000
102376,hold,0,0,1000000
102436,hold,0,0,1000000
102496,hold,382949,297433,319618
102556,hold,308169,306961,384869
102616,hold,287582,309815,402603
102676,hold,0,0,1000000
102736,hold,0,0,1000000
102796,hold,0,0,1000000
102856,hold,0,0,1000000
102916,hold,284729,314491,400780
102976,hold,0,0,1000000
103036,hold,0,0,1000000
103096,hold,0,0,1000000
103156,hold,478413,477376,44211
103216,hold,482017,409364,108619
103276,hold,0,0,1000000
103336,hold,0,0,1000000
103396,hold,0,0,1000000
103456,hold,0,0,1000000
103516,hold,0,0,1000000
103576,hold,319429,304533,376038
103636,hold,255710,325437,418853
103696,hold,371159,325089,303752
103756,hold,372381,319630,307989
103816,hold,262392,240132,497477
103876,hold,329278,271589,399133
103936,hold,0,0,1000000
103996,hold,0,0,1000000
104056,hold,0,0,1000000
104116,hold,0,0,1000000
104176,hold,336329,297451,366220
104236,hold,279870,285562,434568
104296,hold,0,0,1000000
104356,hold,249969,283120,466911
104416,hold,345997,263319,390684
104476,hold,0,0,1000000
104536,hold,0,0,1000000
104596,hold,450136,389403,160461
104656,hold,0,0,1000000
104716,hold,0,0,1000000
104776,hold,0,0,1000000
104836,hold,316162,306728,377110
104896,hold,274277,316265,409458
104956,hold,0,0,1000000
105016,hold,0,0,1000000
105076,hold,0,0,1000000
105136,hold,0,0,1000000
105196,hold,241286,221761,536953
105256,hold,0,0,1000000
105316,hold,233180,227304,539516
105376,hold,217735,234348,547918
105436,hold,0,0,1000000
105496,hold,270745,233371,495884
105556,hold,291092,280603,428305
105616,hold,325368,381375,293256
105676,hold,0,0,1000000
105736,hold,0,0,1000000
105796,hold,0,0,1000000
105856,hold,227283,233784,538934
105916,hold,229209,217383,553408
105976,hold,0,0,1000000
106036,hold,0,0,1000000
106096,hold,0,0,1000000
106156,hold,0,0,1000000
106216,hold,0,0,1000000
106276,hold,254110,245933,499957
106336,hold,238473,225359,536168
106396,hold,0,0,1000000
106456,hold,227894,219492,552614
106516,hold,0,0,1000000
106576,hold,0,0,1000000
106636,hold,0,0,1000000
106696,hold,305250,291403,403347
106756,hold,278787,224474,496739
106816,hold,228892,220843,550265
106876,hold,0,0,1000000
106936,hold,0,0,1000000
106996,hold,251244,279058,469699
107056,hold,238425,257780,503796
107116,hold,0,0,1000000
107176,hold,0,0,1000000
107236,hold,394966,499050,105985
107296,hold,490751,327868,181381
107356,hold,0,0,1000000
107416,hold,0,0,1000000
107476,hold,355324,326531,318145
107536,hold,493705,480675,25621
107596,hold,0,0,1000000
107656,hold,0,0,1000000
107716,short,307700,621544,70756
107776,hold,0,0,1000000
107836,hold,361717,348045,290238
107896,hold,429212,365375,205413
107956,hold,0,0,1000000
108016,hold,326752,282617,390630
108076,hold,0,0,1000000
108136,hold,0,0,1000000
108196,hold,270374,244048,485578
108256,hold,257395,255827,486778
108316,hold,299870,367387,332743
108376,hold,0,0,1000000
108436,hold,0,0,1000000
108496,hold,0,0,1000000
108556,hold,279701,248058,472241
108616,hold,0,0,1000000
108676,hold,0,0,1000000
108736,hold,0,0,1000000
108796,hold,0,0,1000000
108856,hold,0,0,1000000
108916,hold,428435,308971,262594
108976,hold,366117,376158,257725
109036,hold,0,0,1000000
109096,hold,0,0,1000000
109156,hold,311505,286948,401547
109216,hold,0,0,1000000
109276,hold,0,0,1000000
109336,hold,0,0,1000000
109396,hold,201502,226718,571781
109456,hold,0,0,1000000
109516,hold,345020,438635,216344
109576,hold,0,0,1000000
109636,hold,0,0,1000000
109696,hold,0,0,1000000
109756,hold,0,0,1000000
109816,hold,0,0,1000000
109876,hold,0,0,1000000
109936,hold,0,0,1000000
109996,hold,0,0,1000000
110056,hold,359733,407557,232710
110116,hold,0,0,1000000
110176,hold,345811,311224,342965
110236,hold,0,0,1000000
110296,long,530632,389311,80058
110356,hold,0,0,1000000
110416,hold,0,0,1000000
110476,hold,0,0,1000000
110536,hold,0,0,1000000
110596,hold,304027,277244,418729
110656,hold,0,0,1000000
110716,hold,0,0,1000000
110776,hold,0,0,1000000
110836,hold,291809,269563,438628
110896,hold,0,0,1000000
110956,hold,0,0,1000000
111016,hold,0,0,1000000
111076,hold,0,0,1000000
111136,hold,0,0,1000000
111196,hold,0,0,1000000
111256,hold,300116,275463,424421
111316,hold,0,0,1000000
111376,hold,218248,240868,540884
111436,hold,0,0,1000000
111496,hold,0,0,1000000
111556,hold,0,0,1000000
111616,hold,0,0,1000000
111676,hold,0,0,1000000
111736,hold,0,0,1000000
111796,hold,0,0,1000000
111856,hold,0,0,1000000
111916,hold,0,0,1000000
111976,hold,0,0,1000000
112036,long,522565,428568,48867
112096,hold,0,0,1000000
112156,hold,0,0,1000000
112216,hold,0,0,1000000
112276,hold,352462,320351,327187
112336,hold,331806,350990,317205
112396,hold,493602,348423,157975
112456,hold,377653,343389,278958
112516,hold,0,0,1000000
112576,hold,0,0,1000000
112636,hold,247228,256574,496198
112696,hold,255825,249102,495073
112756,hold,0,0,1000000
112816,hold,0,0,1000000
112876,hold,176557,224574,598869
112936,short,319661,521531,158808
112996,hold,0,0,1000000
113056,hold,0,0,1000000
113116,hold,0,0,1000000
113176,hold,438384,396971,164645
113236,hold,0,0,1000000
113296,long,558777,377751,63472
113356,hold,0,0,1000000
113416,hold,0,0,1000000
113476,hold,0,0,1000000
113536,hold,0,0,1000000
113596,hold,0,0,1000000
113656,hold,0,0,1000000
113716,hold,322401,332867,344732
113776,hold,223185,252727,524088
113836,hold,0,0,1000000
113896,hold,0,0,1000000
113956,hold,0,0,1000000
114016,hold,243033,226172,530795
114076,hold,0,0,1000000
114136,hold,263685,279762,456553
114196,hold,0,0,1000000
114256,hold,0,0,1000000
114316,hold,0,0,1000000
114376,hold,226079,213966,559955
114436,hold,0,0,1000000
114496,hold,0,0,1000000
114556,hold,407982,325261,266757
114616,hold,0,0,1000000
114676,hold,0,0,1000000
114736,hold,0,0,1000000
114796,hold,0,0,1000000
114856,hold,0,0,1000000
114916,hold,0,0,1000000
114976,hold,295703,270394,433903
115036,hold,224582,210906,564512
115096,hold,0,0,1000000
115156,hold,0,0,1000000
115216,hold,0,0,1000000
115276,hold,196821,228544,574635
115336,hold,0,0,1000000
115396,hold,0,0,1000000
115456,hold,231666,199355,568979
115516,hold,0,0,1000000
115576,hold,0,0,1000000
115636,hold,0,0,1000000
115696,hold,0,0,1000000
115756,hold,0,0,1000000
115816,hold,0,0,1000000
115876,hold,0,0,1000000
115936,hold,0,0,1000000
115996,hold,0,0,1000000
116056,hold,0,0,1000000
116116,hold,198987,206000,595013
116176,hold,0,0,1000000
116236,hold,0,0,1000000
116296,hold,223317,197996,578687
116356,hold,0,0,1000000
116416,hold,0,0,1000000
116476,hold,221517,217204,561280
116536,hold,0,0,1000000
116596,hold,244690,231913,523397
116656,hold,0,0,1000000
116716,hold,222276,202308,575416
116776,hold,0,0,1000000
116836,hold,164147,184961,650892
116896,hold,0,0,1000000
116956,hold,0,0,1000000
117016,hold,177906,182345,639749
117076,hold,0,0,1000000
117136,hold,170684,181130,648186
117196,hold,0,0,1000000
117256,hold,0,0,1000000
117316,hold,216802,224945,558254
117376,hold,0,0,1000000
117436,hold,307431,229990,462580
117496,hold,258594,227591,513814
117556,hold,0,0,1000000
117616,hold,299609,298161,402230
117676,hold,0,0,1000000
117736,hold,309324,263132,427544
117796,hold,0,0,1000000
117856,hold,0,0,1000000
117916,hold,204268,229053,566679
117976,hold,316760,291929,391311
118036,hold,0,0,1000000
118096,hold,319509,252448,428044
118156,hold,0,0,1000000
118216,hold,0,0,1000000
118276,hold,316052,311405,372543
118336,hold,284129,279014,436857
118396,hold,0,0,1000000
118456,hold,0,0,1000000
118516,hold,0,0,1000000
118576,hold,0,0,1000000
118636,hold,0,0,1000000
118696,hold,0,0,1000000
118756,hold,209004,238670,552326
118816,hold,0,0,1000000
118876,hold,278652,288275,433073
118936,hold,338202,356640,305158
118996,hold,0,0,1000000
119056,hold,0,0,1000000
119116,hold,0,0,1000000
119176,hold,313817,249539,436643
119236,hold,0,0,1000000
119296,hold,0,0,1000000
119356,hold,374368,281114,344518
119416,hold,0,0,1000000
119476,hold,313190,308783,378027
119536,hold,0,0,1000000
119596,hold,0,0,1000000
119656,hold,354170,310019,335811
119716,hold,0,0,1000000
119776,hold,0,0,1000000
119836,hold,0,0,1000000
119896,hold,281298,249684,469018
119956,hold,0,0,1000000
120016,hold,0,0,1000000
120076,hold,244031,229379,526591
120136,hold,318984,277874,403142
120196,hold,0,0,1000000
120256,hold,0,0,1000000
120316,hold,483212,329724,187064
120376,hold,0,0,1000000
120436,hold,0,0,1000000
120496,hold,0,0,1000000
120556,hold,293850,306506,399644
120616,hold,338239,370694,291067
120676,hold,0,0,1000000
120736,hold,326748,327122,346131
120796,hold,324430,271571,404000
120856,hold,291605,339820,368575
120916,hold,397939,301597,300464
120976,hold,0,0,1000000
121036,hold,263399,242829,493772
121096,hold,0,0,1000000
121156,hold,267218,277840,454943
121216,hold,0,0,1000000
121276,hold,0,0,1000000
121336,hold,186142,211421,602437
121396,hold,221960,208107,569933
121456,hold,307131,265471,427398
121516,hold,246111,242185,511703
121576,hold,246785,217133,536082
121636,hold,0,0,1000000
121696,hold,311662,281933,406405
121756,hold,279178,320816,400006
121816,hold,477288,381833,140879
121876,hold,0,0,1000000
121936,hold,0,0,1000000
121996,hold,0,0,1000000
122056,hold,0,0,1000000
122116,hold,351828,408989,239183
122176,hold,290321,302407,407272
122236,hold,316311,251404,432286
122296,hold,0,0,1000000
122356,hold,327177,266359,406463
122416,hold,0,0,1000000
122476,hold,208229,255619,536151
122536,hold,329391,261854,408755
122596,hold,0,0,1000000
122656,hold,0,0,1000000
122716,hold,0,0,1000000
122776,hold,0,0,1000000
122836,hold,0,0,1000000
122896,hold,0,0,1000000
122956,hold,0,0,1000000
123016,hold,0,0,1000000
123076,hold,247935,248359,503706
123136,hold,0,0,1000000
123196,hold,295911,316467,387623
123256,hold,0,0,1000000
123316,hold,372326,315719,311955
123376,hold,0,0,1000000
123436,hold,0,0,1000000
123496,hold,0,0,1000000
123556,hold,0,0,1000000
123616,hold,295248,273646,431106
123676,hold,262705,230178,507117
123736,hold,0,0,1000000
123796,hold,223058,254369,522573
123856,hold,0,0,1000000
123916,hold,0,0,1000000
123976,hold,0,0,1000000
124036,hold,300427,349129,350444
124096,hold,0,0,1000000
124156,hold,383999,344235,271766
124216,hold,0,0,1000000
124276,hold,343168,303412,353420
124336,hold,372446,325416,302138
124396,hold,259331,290623,450046
124456,hold,0,0,1000000
124516,hold,244706,289633,465661
124576,hold,0,0,1000000
124636,hold,0,0,1000000
124696,hold,447390,473268,79342
124756,hold,0,0,1000000
124816,hold,349370,400268,250363
124876,hold,0,0,1000000
124936,hold,364403,317491,318106
124996,hold,341468,308702,349829
125056,hold,0,0,1000000
125116,hold,0,0,1000000
125176,hold,248332,252423,499245
125236,hold,0,0,1000000
125296,hold,0,0,1000000
125356,hold,0,0,1000000
125416,hold,0,0,1000000
125476,hold,408851,318868,272280
125536,hold,215828,227520,556653
125596,hold,0,0,1000000
125656,hold,242468,250135,507396
125716,hold,0,0,1000000
125776,hold,0,0,1000000
125836,hold,0,0,1000000
125896,hold,390705,276893,332402
125956,hold,407053,336995,255952
126016,long,514822,302771,182407
126076,hold,0,0,1000000
126136,hold,0,0,1000000
126196,hold,256063,259168,484770
126256,hold,0,0,1000000
126316,short,339377,580353,80270
126376,hold,400414,302538,297048
126436,hold,0,0,1000000
126496,hold,0,0,1000000
126556,hold,0,0,1000000
126616,hold,0,0,1000000
126676,hold,0,0,1000000
126736,hold,287238,243061,469700
126796,hold,319652,291847,388502
126856,hold,0,0,1000000
126916,hold,256819,270730,472452
126976,hold,297255,244447,458299
127036,hold,0,0,1000000
127096,hold,0,0,1000000
127156,hold,246248,237179,516573
127216,hold,0,0,1000000
127276,hold,0,0,1000000
127336,hold,179045,221580,599374
127396,hold,0,0,1000000
127456,hold,307630,269799,422570
127516,hold,0,0,1000000
127576,hold,343961,301089,354950
127636,hold,274687,234842,490470
127696,hold,267655,250080,482265
127756,hold,379431,302248,318321
127816,hold,0,0,1000000
127876,hold,0,0,1000000
127936,hold,0,0,1000000
127996,hold,0,0,1000000
128056,long,520978,336044,142978
128116,hold,0,0,1000000
128176,hold,0,0,1000000
128236,hold,0,0,1000000
128296,hold,0,0,1000000
128356,hold,0,0,1000000
128416,hold,0,0,1000000
128476,hold,324339,293436,382225
128536,hold,0,0,1000000
128596,hold,0,0,1000000
128656,hold,0,0,1000000
128716,hold,359151,353772,287078
128776,hold,0,0,1000000
128836,hold,242955,265571,491473
128896,hold,0,0,1000000
128956,hold,409347,317629,273024
129016,long,585064,393347,21589
129076,hold,0,0,1000000
129136,hold,0,0,1000000
129196,hold,0,0,1000000
129256,hold,0,0,1000000
129316,hold,0,0,1000000
129376,hold,453798,323379,222823
129436,hold,0,0,1000000
129496,hold,0,0,1000000
129556,hold,438462,431842,129696
129616,hold,0,0,1000000
129676,hold,0,0,1000000
129736,hold,294092,239772,466135
129796,hold,301327,244958,453715
129856,hold,271313,269434,459253
129916,hold,260170,213509,526320
129976,hold,298200,260203,441597
130036,hold,223981,218584,557435
130096,hold,359825,274978,365197
130156,hold,282636,301067,416296
130216,hold,0,0,1000000
130276,hold,0,0,1000000
130336,hold,0,0,1000000
130396,hold,368368,349807,281825
130456,short,448351,502855,48795
130516,hold,427965,377292,194742
130576,hold,0,0,1000000
130636,hold,0,0,1000000
130696,hold,0,0,1000000
130756,hold,0,0,1000000
130816,hold,0,0,1000000
130876,hold,0,0,1000000
130936,hold,0,0,1000000
130996,hold,0,0,1000000
131056,hold,0,0,1000000
131116,hold,347394,312040,340566
131176,hold,0,0,1000000
131236,hold,0,0,1000000
131296,hold,0,0,1000000
131356,hold,238806,306562,454632
131416,hold,260172,309254,430574
131476,hold,0,0,1000000
131536,hold,299033,286240,414727
131596,hold,394135,440033,165833
131656,hold,0,0,1000000
131716,hold,338246,273650,388105
131776,hold,0,0,1000000
131836,hold,0,0,1000000
131896,hold,0,0,1000000
131956,hold,446102,407687,146212
132016,hold,457408,345659,196933
132076,hold,0,0,1000000
132136,hold,496090,318916,184994
132196,hold,0,0,1000000
132256,short,283524,716329,147
132316,long,749661,249462,876
132376,short,442867,546928,10204
132436,long,601319,356581,42100
132496,hold,0,0,1000000
132556,hold,428494,292692,278814
132616,hold,0,0,1000000
132676,hold,0,0,1000000
132736,hold,0,0,1000000
132796,hold,0,0,1000000
132856,hold,245346,261259,493394
132916,hold,0,0,1000000
132976,hold,318203,278172,403624
133036,hold,0,0,1000000
133096,hold,0,0,1000000
133156,hold,397864,299175,302960
133216,hold,432207,400463,167330
133276,long,503753,387582,108665
133336,hold,0,0,1000000
133396,hold,0,0,1000000
133456,hold,0,0,1000000
133516,hold,0,0,1000000
133576,hold,0,0,1000000
133636,hold,0,0,1000000
133696,hold,0,0,1000000
133756,hold,279851,290159,429990
133816,hold,322976,250558,426466
133876,hold,0,0,1000000
133936,hold,267758,290009,442232
133996,hold,0,0,1000000
134056,hold,0,0,1000000
134116,hold,318742,302238,379020
134176,hold,0,0,1000000
134236,hold,0,0,1000000
134296,hold,216153,215775,568072
134356,hold,366412,348857,284730
134416,hold,331358,303241,365400
134476,hold,0,0,1000000
134536,short,364480,533749,101771
134596,long,514348,448764,36888
134656,hold,0,0,1000000
134716,hold,0,0,1000000
134776,hold,0,0,1000000
134836,long,591976,372433,35591
134896,hold,0,0,1000000
134956,hold,0,0,1000000
135016,hold,397775,394283,207942
135076,hold,0,0,1000000
135136,hold,0,0,1000000
135196,hold,294821,268113,437066
135256,hold,0,0,1000000
135316,hold,238467,271217,490316
135376,hold,0,0,1000000
135436,hold,351596,269380,379024
135496,hold,0,0,1000000
135556,hold,0,0,1000000
135616,hold,0,0,1000000
135676,hold,0,0,1000000
135736,hold,0,0,1000000
135796,hold,238345,250531,511125
135856,hold,0,0,1000000
135916,hold,295487,253569,450944
135976,hold,0,0,1000000
136036,hold,211794,252740,535466
136096,hold,0,0,1000000
136156,hold,296103,344378,359519
136216,hold,372100,323264,304636
136276,hold,0,0,1000000
136336,hold,0,0,1000000
136396,hold,0,0,1000000
136456,hold,288405,280854,430741
136516,hold,0,0,1000000
136576,hold,0,0,1000000
136636,hold,0,0,1000000
136696,hold,0,0,1000000
136756,hold,195082,210902,594016
136816,hold,279155,245740,475105
136876,hold,0,0,1000000
136936,hold,0,0,1000000
136996,hold,0,0,1000000
137056,hold,0,0,1000000
137116,hold,146735,196521,656744
137176,hold,0,0,1000000
137236,hold,248587,247240,504172
137296,hold,230869,260422,508710
137356,hold,0,0,1000000
137416,hold,0,0,1000000
137476,hold,222204,258279,519517
137536,hold,0,0,1000000
137596,hold,0,0,1000000
137656,hold,0,0,1000000
137716,hold,0,0,1000000
137776,hold,0,0,1000000
137836,hold,357270,396812,245918
137896,long,530063,446373,23564
137956,hold,0,0,1000000
138016,hold,0,0,1000000
138076,hold,0,0,1000000
138136,hold,0,0,1000000
138196,long,589200,395784,15016
138256,hold,0,0,1000000
138316,long,539053,399171,61776
138376,hold,0,0,1000000
138436,hold,460871,409067,130061
138496,long,574798,393045,32157
138556,hold,0,0,1000000
138616,hold,0,0,1000000
138676,long,662603,331558,5839
138736,hold,0,0,1000000
138796,hold,0,0,1000000
138856,long,559030,361807,79163
138916,hold,0,0,1000000
138976,hold,0,0,1000000
139036,hold,0,0,1000000
139096,short,276659,723331,10
139156,long,606633,393365,2
139216,hold,0,0,1000000
139276,hold,0,0,1000000
139336,hold,0,0,1000000
139396,long,574339,381778,43884
139456,hold,0,0,1000000
139516,hold,373406,246014,380580
139576,hold,357330,278836,363834
139636,hold,0,0,1000000
139696,hold,0,0,1000000
139756,hold,0,0,1000000
139816,hold,355863,327742,316395
139876,hold,402853,361722,235425
139936,hold,0,0,1000000
139996,hold,0,0,1000000
140056,hold,340159,337154,322688
140116,hold,0,0,1000000
140176,hold,355387,386984,257629
140236,hold,0,0,1000000
140296,hold,0,0,1000000
140356,hold,0,0,1000000
140416,hold,313415,376261,310324
140476,hold,0,0,1000000
140536,hold,0,0,1000000
140596,long,519948,440956,39096
140656,hold,0,0,1000000
140716,long,524917,451687,23396
140776,hold,0,0,1000000
140836,hold,0,0,1000000
140896,hold,0,0,1000000
140956,hold,0,0,1000000
141016,hold,0,0,1000000
141076,hold,0,0,1000000
141136,hold,0,0,1000000
141196,short,327362,659097,13540
141256,long,567703,331793,100504
141316,long,546189,366980,86831
141376,hold,0,0,1000000
141436,hold,0,0,1000000
141496,hold,441624,423150,135226
141556,hold,0,0,1000000
141616,hold,0,0,1000000
141676,hold,0,0,1000000
141736,hold,0,0,1000000
141796,long,583169,403335,13496
141856,hold,0,0,1000000
141916,hold,471292,329553,199156
141976,hold,0,0,1000000
142036,hold,0,0,1000000
142096,hold,0,0,1000000
142156,long,516328,338489,145183
142216,long,621091,375357,3552
142276,hold,0,0,1000000
142336,hold,0,0,1000000
142396,hold,416031,385733,198236
142456,hold,0,0,1000000
142516,hold,308800,358270,332931
142576,hold,365508,343996,290496
142636,hold,0,0,1000000
142696,hold,0,0,1000000
142756,hold,340624,470607,188769
142816,hold,0,0,1000000
142876,hold,256124,249415,494462
142936,hold,0,0,1000000
142996,hold,0,0,1000000
143056,hold,0,0,1000000
143116,hold,349133,284461,366406
143176,hold,288689,278816,432495
143236,hold,330388,323911,345701
143296,hold,0,0,1000000
143356,hold,0,0,1000000
143416,hold,0,0,1000000
143476,short,392524,545462,62014
143536,long,603788,384736,11476
143596,hold,0,0,1000000
143656,hold,395201,409786,195013
143716,hold,0,0,1000000
143776,hold,0,0,1000000
143836,hold,0,0,1000000
143896,hold,0,0,1000000
143956,hold,297180,334097,368723
144016,hold,0,0,1000000
144076,hold,0,0,1000000
144136,hold,387113,304057,308830
144196,hold,0,0,1000000
144256,hold,373610,289132,337258
144316,hold,278856,289560,431584
144376,hold,273759,305711,420529
144436,hold,0,0,1000000
144496,hold,0,0,1000000
144556,hold,0,0,1000000
144616,hold,331833,311974,356193
144676,hold,0,0,1000000
144736,hold,425024,355414,219562
144796,hold,0,0,1000000
144856,hold,0,0,1000000
144916,long,544223,372869,82908
144976,hold,0,0,1000000
145036,hold,390984,309296,299720
145096,hold,448375,340207,211418
145156,hold,0,0,1000000
145216,hold,0,0,1000000
145276,hold,238927,226619,534453
145336,hold,331293,327449,341259
145396,hold,203933,254531,541536
145456,hold,0,0,1000000
145516,hold,0,0,1000000
145576,hold,0,0,1000000
145636,hold,325738,300687,373575
145696,hold,0,0,1000000
145756,hold,360202,270770,369028
145816,hold,0,0,1000000
145876,hold,0,0,1000000
145936,hold,328426,327761,343813
145996,hold,246765,276924,476311
146056,hold,0,0,1000000
146116,hold,0,0,1000000
146176,hold,0,0,1000000
146236,hold,307004,287330,405665
146296,hold,0,0,1000000
146356,hold,0,0,1000000
146416,hold,0,0,1000000
146476,hold,292860,314645,392496
146536,hold,282070,232402,485528
146596,hold,0,0,1000000
146656,hold,0,0,1000000
146716,hold,0,0,1000000
146776,hold,0,0,1000000
146836,hold,247920,269979,482102
146896,hold,299902,248603,451496
146956,hold,277824,265075,457102
147016,hold,383016,331247,285737
147076,hold,0,0,1000000
147136,hold,374778,385067,240155
147196,hold,353195,364875,281929
147256,hold,0,0,1000000
147316,hold,0,0,1000000
147376,hold,312646,285920,401434
147436,hold,0,0,1000000
147496,hold,265411,275497,459093
147556,hold,0,0,1000000
147616,hold,0,0,1000000
147676,hold,0,0,1000000
147736,hold,470995,352301,176703
147796,hold,0,0,1000000
147856,hold,0,0,1000000
147916,hold,331999,307529,360472
147976,hold,0,0,1000000
148036,hold,0,0,1000000
148096,hold,0,0,1000000
148156,long,606402,318937,74661
148216,hold,0,0,1000000
148276,hold,0,0,1000000
148336,hold,438352,326314,235334
148396,hold,0,0,1000000
148456,hold,0,0,1000000
148516,hold,0,0,1000000
148576,hold,0,0,1000000
148636,hold,0,0,1000000
148696,hold,0,0,1000000
148756,hold,0,0,1000000
148816,hold,0,0,1000000
148876,hold,269104,242785,488111
148936,hold,313285,290105,396609
148996,hold,366296,281809,351895
149056,hold,0,0,1000000
149116,hold,331217,259293,409491
149176,long,550482,375707,73812
149236,hold,0,0,1000000
149296,hold,0,0,1000000
149356,hold,0,0,1000000
149416,hold,313537,338005,348457
149476,hold,0,0,1000000
149536,hold,0,0,1000000
149596,hold,0,0,1000000
149656,hold,318598,323941,357462
149716,hold,0,0,1000000
149776,hold,0,0,1000000
149836,hold,280515,275565,443919
149896,hold,300875,257729,441396
149956,hold,0,0,1000000
150016,hold,0,0,1000000
150076,hold,273896,244936,481169
150136,hold,0,0,1000000
150196,hold,0,0,1000000
150256,hold,254389,249051,496560
150316,hold,0,0,1000000
150376,hold,322262,316778,360960
150436,hold,309525,302835,387640
150496,hold,293847,256646,449507
150556,hold,0,0,1000000
150616,hold,0,0,1000000
150676,hold,0,0,1000000
150736,hold,0,0,1000000
150796,hold,0,0,1000000
150856,hold,412312,445242,142446
150916,hold,0,0,1000000
150976,hold,0,0,1000000
151036,hold,0,0,1000000
151096,hold,0,0,1000000
151156,hold,0,0,1000000
151216,hold,316666,330263,353071
151276,hold,0,0,1000000
151336,hold,318433,281051,400516
151396,hold,0,0,1000000
151456,hold,288380,284300,427320
151516,hold,0,0,1000000
151576,hold,0,0,1000000
151636,hold,0,0,1000000
151696,hold,333526,295423,371051
151756,hold,396979,301159,301862
151816,hold,0,0,1000000
151876,hold,292957,272764,434279
151936,hold,0,0,1000000
151996,hold,277140,263170,459690
152056,hold,0,0,1000000
152116,hold,385082,340873,274046
152176,hold,345784,304098,350118
152236,hold,0,0,1000000
152296,long,607713,371356,20931
152356,hold,0,0,1000000
152416,hold,0,0,1000000
152476,hold,0,0,1000000
152536,hold,0,0,1000000
152596,hold,0,0,1000000
152656,hold,293409,264558,442033
152716,hold,311776,254716,433508
152776,hold,266902,307147,425951
152836,hold,0,0,1000000
152896,hold,242017,245131,512852
152956,hold,207073,213066,579860
153016,hold,224711,223112,552176
153076,hold,234541,231010,534449
153136,hold,0,0,1000000
153196,hold,307706,283321,408972
153256,hold,0,0,1000000
153316,hold,0,0,1000000
153376,hold,266285,232791,500925
153436,hold,0,0,1000000
153496,hold,377219,318310,304471
153556,hold,0,0,1000000
153616,hold,0,0,1000000
153676,hold,305279,279601,415121
153736,hold,350111,299472,350416
153796,hold,321885,319620,358495
153856,hold,0,0,1000000
153916,hold,0,0,1000000
153976,hold,0,0,1000000
154036,hold,296473,240312,463215
154096,hold,0,0,1000000
154156,hold,0,0,1000000
154216,hold,212209,235163,552627
154276,hold,0,0,1000000
154336,hold,212906,259626,527468
154396,hold,0,0,1000000
154456,hold,222904,220877,556219
154516,hold,0,0,1000000
154576,hold,0,0,1000000
154636,hold,207276,230580,562144
154696,hold,0,0,1000000
154756,hold,0,0,1000000
154816,hold,0,0,1000000
154876,hold,0,0,1000000
154936,hold,0,0,1000000
154996,hold,0,0,1000000
155056,hold,0,0,1000000
155116,hold,0,0,1000000
155176,hold,0,0,1000000
155236,hold,0,0,1000000
155296,hold,0,0,1000000
155356,hold,0,0,1000000
155416,hold,0,0,1000000
155476,hold,236693,266990,496317
155536,hold,0,0,1000000
155596,hold,200580,190596,608823
155656,hold,0,0,1000000
155716,hold,200452,222181,577366
155776,hold,0,0,1000000
155836,hold,0,0,1000000
155896,hold,0,0,1000000
155956,hold,0,0,1000000
156016,hold,178134,200409,621457
156076,hold,187815,202800,609386
156136,hold,199199,232557,568244
156196,hold,0,0,1000000
156256,hold,0,0,1000000
156316,hold,0,0,1000000
156376,hold,0,0,1000000
156436,hold,0,0,1000000
156496,hold,0,0,1000000
156556,hold,329640,247931,422429
156616,hold,252472,236409,511120
156676,hold,207440,224905,567656
156736,hold,0,0,1000000
156796,hold,219543,190580,589877
156856,hold,0,0,1000000
156916,hold,168731,204880,626389
156976,hold,0,0,1000000
157036,hold,0,0,1000000
157096,hold,0,0,1000000
157156,hold,0,0,1000000
157216,hold,0,0,1000000
157276,hold,0,0,1000000
157336,hold,0,0,1000000
157396,hold,285314,264336,450350
157456,hold,0,0,1000000
157516,hold,177414,205267,617319
157576,hold,211394,238333,550273
157636,hold,353715,309376,336909
157696,hold,0,0,1000000
157756,hold,0,0,1000000
157816,hold,255195,260887,483918
157876,hold,0,0,1000000
157936,hold,0,0,1000000
157996,hold,0,0,1000000
158056,hold,187301,192574,620125
158116,hold,0,0,1000000
158176,hold,238566,236802,524632
158236,hold,0,0,1000000
158296,hold,0,0,1000000
158356,hold,256130,237505,506365
158416,hold,303401,304195,392404
158476,hold,473076,343336,183588
158536,hold,0,0,1000000
158596,hold,0,0,1000000
158656,hold,0,0,1000000
158716,hold,203684,230533,565783
158776,hold,0,0,1000000
158836,hold,0,0,1000000
158896,hold,0,0,1000000
158956,hold,0,0,1000000
159016,hold,0,0,1000000
159076,hold,287019,335376,377605
159136,hold,0,0,1000000
159196,hold,393099,302623,304278
159256,hold,438992,352527,208481
159316,hold,0,0,1000000
159376,hold,0,0,1000000
159436,long,504147,412015,83838
159496,hold,0,0,1000000
159556,hold,0,0,1000000
159616,hold,0,0,1000000
159676,hold,0,0,1000000
159736,hold,0,0,1000000
159796,hold,0,0,1000000
159856,hold,260518,255601,483881
159916,long,534423,342051,123526
159976,hold,0,0,1000000
160036,hold,356239,341824,301937
160096,hold,199766,258028,542207
160156,hold,0,0,1000000
160216,hold,0,0,1000000
160276,hold,0,0,1000000
160336,hold,219002,242180,538818
160396,hold,251091,261724,487185
160456,hold,214664,236557,548779
160516,hold,0,0,1000000
160576,hold,0,0,1000000
160636,hold,480097,400736,119167
160696,hold,484250,372322,143428
160756,hold,370435,394805,234760
160816,hold,386792,422230,190977
160876,hold,0,0,1000000
160936,hold,336442,309359,354199
160996,hold,235963,277962,486075
161056,hold,0,0,1000000
161116,hold,0,0,1000000
161176,long,772429,219359,8212
161236,hold,362056,306186,331758
161296,hold,0,0,1000000
161356,hold,0,0,1000000
161416,hold,434242,285180,280578
161476,hold,0,0,1000000
161536,hold,196746,220772,582482
161596,hold,0,0,1000000
161656,hold,259166,253663,487171
161716,hold,0,0,1000000
161776,hold,392885,416486,190628
161836,hold,0,0,1000000
161896,hold,361101,402959,235940
161956,hold,0,0,1000000
162016,hold,0,0,1000000
162076,hold,289847,274261,435892
162136,hold,0,0,1000000
162196,hold,461270,486522,52208
162256,hold,395465,352201,252334
162316,hold,282818,297249,419933
162376,hold,316013,308254,375734
162436,hold,326635,331728,341638
162496,hold,332473,277125,390402
162556,hold,0,0,1000000
162616,hold,409008,311060,279932
162676,hold,231772,246189,522039
162736,hold,253416,326265,420319
162796,hold,0,0,1000000
162856,hold,311979,241611,446410
162916,hold,285282,277736,436982
162976,hold,464784,365659,169557
163036,hold,246358,221249,532393
163096,hold,304254,304046,391699
163156,hold,0,0,1000000
163216,hold,294491,289280,416229
163276,hold,0,0,1000000
163336,hold,0,0,1000000
163396,hold,0,0,1000000
163456,hold,327298,246640,426062
163516,hold,0,0,1000000
163576,hold,0,0,1000000
163636,hold,355200,346156,298644
163696,hold,0,0,1000000
163756,hold,299566,410886,289548
163816,hold,368864,279162,351973
163876,hold,0,0,1000000
163936,hold,0,0,1000000
163996,hold,191142,203501,605357
164056,hold,0,0,1000000
164116,hold,0,0,1000000
164176,hold,0,0,1000000
164236,hold,299856,368169,331976
164296,hold,320991,343039,335970
164356,hold,407002,286226,306772
164416,hold,269249,256207,474545
164476,hold,0,0,1000000
164536,hold,0,0,1000000
164596,hold,201297,241703,557000
164656,hold,0,0,1000000
164716,hold,0,0,1000000
164776,hold,0,0,1000000
164836,hold,377932,280680,341388
164896,hold,345505,453850,200645
164956,hold,384850,331533,283618
165016,short,403081,562097,34822
165076,hold,0,0,1000000
165136,hold,310324,356229,333447
165196,hold,258371,255744,485885
165256,hold,422331,316012,261658
165316,hold,239696,269137,491167
165376,hold,0,0,1000000
165436,hold,0,0,1000000
165496,hold,0,0,1000000
165556,hold,0,0,1000000
165616,hold,0,0,1000000
165676,hold,0,0,1000000
165736,hold,0,0,1000000
165796,hold,0,0,1000000
165856,hold,200929,234471,564600
165916,hold,236482,234660,528858
165976,hold,0,0,1000000
166036,hold,0,0,1000000
166096,hold,0,0,1000000
166156,hold,283079,282219,434701
166216,hold,0,0,1000000
166276,hold,0,0,1000000
166336,hold,0,0,1000000
166396,hold,0,0,1000000
166456,hold,0,0,1000000
166516,hold,240202,219730,540069
166576,hold,0,0,1000000
166636,hold,0,0,1000000
166696,hold,0,0,1000000
166756,hold,0,0,1000000
166816,hold,0,0,1000000
166876,hold,0,0,1000000
166936,hold,264789,250551,484660
166996,hold,0,0,1000000
167056,hold,0,0,1000000
167116,hold,370342,328918,300740
167176,hold,454087,306812,239101
167236,hold,0,0,1000000
167296,hold,0,0,1000000
167356,hold,264896,245375,489729
167416,hold,0,0,1000000
167476,hold,0,0,1000000
167536,hold,0,0,1000000
167596,hold,0,0,1000000
167656,hold,0,0,1000000
167716,hold,232194,227839,539967
167776,hold,205823,233573,560603
167836,hold,0,0,1000000
167896,hold,0,0,1000000
167956,hold,0,0,1000000
168016,hold,0,0,1000000
168076,hold,346781,258117,395102
168136,hold,0,0,1000000
168196,hold,0,0,1000000
168256,hold,0,0,1000000
168316,hold,196025,229266,574708
168376,hold,250443,288324,461233
168436,hold,0,0,1000000
168496,hold,0,0,1000000
168556,hold,0,0,1000000
168616,hold,0,0,1000000
168676,hold,346197,258775,395028
168736,hold,292715,265012,442273
168796,hold,244977,249518,505505
168856,hold,252887,272869,474244
168916,hold,0,0,1000000
168976,hold,248863,243875,507262
169036,hold,0,0,1000000
169096,hold,0,0,1000000
169156,hold,281064,271794,447141
169216,hold,0,0,1000000
169276,hold,0,0,1000000
169336,hold,459283,334543,206174
169396,hold,0,0,1000000
169456,hold,429174,336733,234093
169516,hold,0,0,1000000
169576,hold,0,0,1000000
169636,hold,318591,249564,431845
169696,hold,0,0,1000000
169756,hold,0,0,1000000
169816,hold,186831,202377,610792
169876,hold,245018,241859,513124
169936,hold,239946,271587,488467
169996,hold,0,0,1000000
170056,hold,0,0,1000000
170116,hold,0,0,1000000
170176,hold,248745,226418,524837
170236,hold,280856,291685,427458
170296,hold,219728,204262,576010
170356,hold,224026,220841,555133
170416,hold,196562,213921,589518
170476,hold,0,0,1000000
170536,hold,0,0,1000000
170596,hold,318393,276358,405249
170656,hold,0,0,1000000
170716,hold,297304,354716,347980
170776,hold,0,0,1000000
170836,hold,0,0,1000000
170896,hold,0,0,1000000
170956,hold,0,0,1000000
171016,hold,0,0,1000000
171076,hold,0,0,1000000
171136,hold,229472,282384,488144
171196,hold,307524,405351,287126
171256,hold,0,0,1000000
171316,hold,370255,365612,264134
171376,hold,256749,239764,503487
171436,hold,0,0,1000000
171496,hold,0,0,1000000
171556,hold,0,0,1000000
171616,hold,317453,249481,433066
171676,hold,0,0,1000000
171736,hold,0,0,1000000
171796,hold,0,0,1000000
171856,hold,0,0,1000000
171916,hold,0,0,1000000
171976,hold,204604,198796,596600
172036,hold,0,0,1000000
172096,hold,249981,257580,492439
172156,hold,418975,387984,193041
172216,long,564100,342016,93884
172276,hold,396668,290050,313283
172336,hold,341401,328373,330226
172396,hold,0,0,1000000
172456,hold,309978,270378,419644
172516,hold,262525,277238,460237
172576,hold,331638,329167,339195
172636,hold,0,0,1000000
172696,hold,0,0,1000000
172756,hold,0,0,1000000
172816,hold,0,0,1000000
172876,hold,184116,212827,603056
172936,hold,0,0,1000000
172996,hold,0,0,1000000
173056,hold,0,0,1000000
173116,hold,222595,207701,569704
173176,hold,0,0,1000000
173236,hold,0,0,1000000
173296,hold,0,0,1000000
173356,hold,185405,190709,623886
173416,hold,272238,234480,493281
173476,hold,279586,286971,433443
173536,hold,0,0,1000000
173596,hold,0,0,1000000
173656,hold,0,0,1000000
173716,hold,361788,499321,138891
173776,hold,0,0,1000000
173836,hold,0,0,1000000
173896,hold,334607,293852,371541
173956,hold,0,0,1000000
174016,hold,0,0,1000000
174076,hold,0,0,1000000
174136,hold,0,0,1000000
174196,hold,306671,250200,443129
174256,hold,239366,238594,522040
174316,hold,275358,282190,442451
174376,hold,0,0,1000000
174436,hold,242622,274973,482405
174496,hold,0,0,1000000
174556,hold,203944,240235,555820
174616,hold,249403,234334,516263
174676,hold,0,0,1000000
174736,hold,0,0,1000000
174796,hold,231931,227112,540957
174856,hold,0,0,1000000
174916,hold,204465,209706,585829
174976,hold,204232,232819,562949
175036,hold,0,0,1000000
175096,hold,0,0,1000000
175156,hold,297429,315713,386859
175216,hold,0,0,1000000
175276,hold,315766,307761,376473
175336,hold,231217,221846,546937
175396,hold,303866,270643,425490
175456,hold,0,0,1000000
175516,hold,0,0,1000000
175576,hold,291828,273527,434646
175636,hold,0,0,1000000
175696,hold,144813,194075,661113
175756,hold,194607,241010,564383
175816,hold,0,0,1000000
175876,hold,199137,209392,591471
175936,hold,0,0,1000000
175996,hold,0,0,1000000
176056,hold,179228,217082,603690
176116,hold,0,0,1000000
176176,hold,0,0,1000000
176236,hold,0,0,1000000
176296,hold,0,0,1000000
176356,hold,279140,235563,485298
176416,hold,0,0,1000000
176476,hold,199983,198057,601960
176536,hold,0,0,1000000
176596,hold,176156,208855,614989
176656,hold,170996,198929,630076
176716,hold,259335,259921,480745
176776,hold,243518,203111,553371
176836,hold,0,0,1000000
176896,hold,0,0,1000000
176956,hold,0,0,1000000
177016,hold,0,0,1000000
177076,hold,0,0,1000000
177136,hold,0,0,1000000
177196,hold,0,0,1000000
177256,hold,0,0,1000000
177316,hold,307583,249268,443149
177376,hold,0,0,1000000
177436,hold,0,0,1000000
177496,hold,0,0,1000000
177556,hold,0,0,1000000
177616,hold,249964,262952,487083
177676,hold,0,0,1000000
177736,hold,238455,250399,511147
177796,hold,0,0,1000000
177856,hold,0,0,1000000
177916,hold,0,0,1000000
177976,hold,0,0,1000000
178036,hold,0,0,1000000
178096,hold,215069,239873,545058
178156,hold,0,0,1000000
178216,hold,0,0,1000000
178276,hold,0,0,1000000
178336,hold,186968,226798,586234
178396,hold,0,0,1000000
178456,hold,341776,331004,327220
178516,hold,374275,329916,295809
178576,hold,0,0,1000000
178636,hold,0,0,1000000
178696,hold,0,0,1000000
178756,hold,0,0,1000000
178816,hold,0,0,1000000
178876,hold,0,0,1000000
178936,hold,214200,213277,572524
178996,hold,0,0,1000000
179056,hold,0,0,1000000
179116,hold,201898,235674,562428
179176,hold,0,0,1000000
179236,hold,260243,229419,510338
179296,hold,0,0,1000000
179356,hold,0,0,1000000
179416,hold,0,0,1000000
179476,hold,0,0,1000000
179536,hold,291426,259987,448586
179596,hold,0,0,1000000
179656,hold,242524,227329,530147
179716,hold,260367,244858,494774
179776,hold,302056,257625,440319
179836,hold,253917,237491,508593
179896,hold,254698,230853,514449
179956,hold,0,0,1000000
180016,hold,274010,280299,445691
180076,hold,0,0,1000000
180136,hold,321601,286631,391769
180196,hold,0,0,1000000
180256,hold,0,0,1000000
180316,hold,0,0,1000000
180376,hold,0,0,1000000
180436,hold,0,0,1000000
180496,hold,207234,263348,529418
180556,hold,0,0,1000000
180616,hold,0,0,1000000
180676,hold,0,0,1000000
180736,hold,0,0,1000000
180796,hold,0,0,1000000
180856,hold,0,0,1000000
180916,hold,0,0,1000000
180976,hold,359055,344248,296697
181036,hold,0,0,1000000
181096,hold,0,0,1000000
181156,hold,244541,224822,530637
181216,hold,0,0,1000000
181276,hold,197506,269176,533318
181336,hold,346455,309673,343872
181396,hold,333473,290935,375592
181456,hold,289398,282518,428084
181516,hold,326583,294246,379171
181576,hold,330025,333360,336614
181636,hold,252799,271036,476165
181696,hold,244280,231896,523824
181756,hold,269936,283525,446539
181816,hold,234454,222427,543119
181876,hold,0,0,1000000
181936,hold,171102,207536,621361
181996,hold,0,0,1000000
182056,hold,0,0,1000000
182116,hold,204278,200574,595147
182176,hold,0,0,1000000
182236,hold,207114,229406,563480
182296,hold,304379,319427,376195
182356,hold,0,0,1000000
182416,hold,0,0,1000000
182476,hold,0,0,1000000
182536,hold,463776,376116,160108
182596,hold,0,0,1000000
182656,hold,0,0,1000000
182716,hold,208310,231460,560230
182776,hold,287278,271766,440956
182836,hold,0,0,1000000
182896,hold,247701,256304,495995
182956,hold,444438,463188,92374
183016,hold,382850,280268,336882
183076,hold,289417,332989,377594
183136,hold,283801,269160,447040
183196,hold,269570,285835,444595
183256,hold,0,0,1000000
183316,hold,190154,209311,600535
183376,hold,294173,283039,422788
183436,hold,0,0,1000000
183496,hold,0,0,1000000
183556,hold,0,0,1000000
183616,hold,222658,237711,539631
183676,hold,0,0,1000000
183736,hold,0,0,1000000
183796,hold,317151,291841,391008
183856,long,532767,321138,146095
183916,hold,0,0,1000000
183976,hold,0,0,1000000
184036,hold,0,0,1000000
184096,hold,0,0,1000000
184156,hold,497512,340096,162391
184216,hold,0,0,1000000
184276,hold,0,0,1000000
184336,hold,0,0,1000000
184396,hold,0,0,1000000
184456,hold,0,0,1000000
184516,hold,0,0,1000000
184576,hold,0,0,1000000
184636,hold,0,0,1000000
184696,hold,196672,221841,581487
184756,hold,234381,251169,514450
184816,hold,0,0,1000000
184876,hold,450499,457922,91579
184936,hold,365680,320852,313468
184996,hold,0,0,1000000
185056,hold,0,0,1000000
185116,hold,0,0,1000000
185176,hold,0,0,1000000
185236,hold,0,0,1000000
185296,hold,0,0,1000000
185356,hold,0,0,1000000
185416,hold,0,0,1000000
185476,hold,0,0,1000000
185536,hold,178588,222658,598753
185596,hold,229058,249077,521865
185656,hold,0,0,1000000
185716,hold,275848,228907,495246
185776,hold,222688,235804,541508
185836,hold,0,0,1000000
185896,hold,0,0,1000000
185956,hold,0,0,1000000
186016,hold,0,0,1000000
186076,hold,0,0,1000000
186136,hold,254432,250930,494638
186196,hold,230599,276140,493261
186256,hold,0,0,1000000
186316,hold,328470,283734,387797
186376,hold,207359,229117,563523
186436,hold,271144,262986,465870
186496,hold,0,0,1000000
186556,hold,0,0,1000000
186616,hold,0,0,1000000
186676,hold,0,0,1000000
186736,hold,274919,232441,492641
186796,hold,0,0,1000000
186856,hold,0,0,1000000
186916,hold,0,0,1000000
186976,hold,260027,209368,530605
187036,hold,0,0,1000000
187096,hold,227273,243270,529457
187156,long,570299,371355,58345
187216,hold,0,0,1000000
187276,hold,0,0,1000000
187336,hold,363300,298298,338402
187396,hold,0,0,1000000
187456,hold,265668,248590,485742
187516,hold,228245,256831,514923
187576,hold,281585,253027,465388
187636,hold,0,0,1000000
187696,hold,0,0,1000000
187756,hold,380309,318073,301619
187816,hold,0,0,1000000
187876,hold,0,0,1000000
187936,hold,278734,312490,408776
187996,hold,0,0,1000000
188056,hold,419788,397468,182744
188116,hold,284618,270285,445097
188176,hold,415372,372172,212456
188236,hold,0,0,1000000
188296,hold,0,0,1000000
188356,hold,272203,258231,469567
188416,hold,318069,235113,446818
188476,hold,289858,264940,445202
188536,hold,0,0,1000000
188596,hold,0,0,1000000
188656,hold,328394,259110,412496
188716,hold,0,0,1000000
188776,hold,363249,357568,279184
188836,hold,0,0,1000000
188896,hold,265438,231140,503422
188956,hold,0,0,1000000
189016,hold,0,0,1000000
189076,hold,488263,388276,123461
189136,hold,478110,365862,156028
189196,hold,0,0,1000000
189256,hold,0,0,1000000
189316,hold,0,0,1000000
189376,hold,371510,323758,304732
189436,hold,316545,271029,412426
189496,hold,0,0,1000000
189556,long,602996,354709,42295
189616,hold,0,0,1000000
189676,hold,0,0,1000000
189736,long,572383,346563,81054
189796,hold,0,0,1000000
189856,hold,0,0,1000000
189916,hold,289473,302295,408232
189976,hold,0,0,1000000
190036,hold,208003,223873,568124
190096,hold,280037,329576,390386
190156,hold,0,0,1000000
190216,hold,355290,358729,285982
190276,hold,0,0,1000000
190336,hold,0,0,1000000
190396,hold,206528,247972,545500
190456,hold,0,0,1000000
190516,hold,0,0,1000000
190576,hold,0,0,1000000
190636,hold,0,0,1000000
190696,hold,234459,270767,494774
190756,hold,0,0,1000000
190816,hold,0,0,1000000
190876,hold,0,0,1000000
190936,short,377982,553285,68733
190996,hold,347117,347110,305772
191056,hold,419852,381608,198540
191116,hold,364982,274041,360977
191176,hold,314454,307440,378106
191236,hold,0,0,1000000
191296,hold,0,0,1000000
191356,hold,0,0,1000000
191416,hold,0,0,1000000
191476,hold,0,0,1000000
191536,hold,0,0,1000000
191596,hold,0,0,1000000
191656,hold,321657,264220,414123
191716,hold,0,0,1000000
191776,hold,0,0,1000000
191836,hold,211478,210095,578427
191896,hold,0,0,1000000
191956,hold,225239,255124,519638
192016,hold,0,0,1000000
192076,hold,391541,290332,318127
192136,hold,240913,221826,537261
192196,hold,0,0,1000000
192256,hold,0,0,1000000
192316,hold,0,0,1000000
192376,hold,401145,480276,118579
192436,hold,0,0,1000000
192496,hold,0,0,1000000
192556,hold,321762,336100,342138
192616,hold,0,0,1000000
192676,hold,297614,244523,457863
192736,hold,246586,233335,520079
192796,hold,0,0,1000000
192856,hold,0,0,1000000
192916,hold,0,0,1000000
192976,hold,286026,241225,472749
193036,hold,209442,228494,562064
193096,hold,301232,340169,358599
193156,hold,0,0,1000000
193216,hold,0,0,1000000
193276,hold,0,0,1000000
193336,hold,0,0,1000000
193396,hold,241155,278080,480765
193456,hold,0,0,1000000
193516,hold,0,0,1000000
193576,hold,0,0,1000000
193636,hold,333032,263070,403898
193696,hold,0,0,1000000
193756,hold,292483,244640,462877
193816,long,510691,386914,102394
193876,hold,0,0,1000000
193936,hold,310404,288367,401229
193996,hold,276839,280693,442468
194056,hold,0,0,1000000
194116,hold,447868,319521,232611
194176,hold,0,0,1000000
194236,hold,0,0,1000000
194296,hold,391931,286550,321519
194356,hold,285373,295822,418805
194416,hold,355070,283298,361632
194476,hold,0,0,1000000
194536,hold,250412,230330,519258
194596,hold,0,0,1000000
194656,hold,0,0,1000000
194716,hold,0,0,1000000
194776,hold,0,0,1000000
194836,hold,0,0,1000000
194896,hold,324971,374565,300464
194956,hold,0,0,1000000
195016,hold,258401,244797,496802
195076,hold,0,0,1000000
195136,hold,0,0,1000000
195196,hold,0,0,1000000
195256,hold,0,0,1000000
195316,hold,319256,315053,365691
195376,hold,0,0,1000000
195436,hold,0,0,1000000
195496,hold,0,0,1000000
195556,hold,298212,272199,429589
195616,hold,0,0,1000000
195676,hold,338705,319094,342201
195736,hold,261977,270872,467151
195796,hold,245005,253900,501094
195856,hold,320700,290678,388622
195916,hold,322306,296740,380954
195976,hold,0,0,1000000
196036,hold,241824,241850,516327
196096,hold,216919,222562,560519
196156,hold,0,0,1000000
196216,hold,0,0,1000000
196276,hold,0,0,1000000
196336,hold,168759,212520,618722
196396,hold,0,0,1000000
196456,hold,0,0,1000000
196516,hold,260146,236805,503049
196576,hold,0,0,1000000
196636,hold,0,0,1000000
196696,hold,0,0,1000000
196756,hold,0,0,1000000
196816,hold,0,0,1000000
196876,hold,0,0,1000000
196936,hold,0,0,1000000
196996,hold,0,0,1000000
197056,hold,0,0,1000000
197116,hold,272778,230609,496613
197176,hold,303984,282861,413155
197236,hold,0,0,1000000
197296,hold,0,0,1000000
197356,hold,0,0,1000000
197416,hold,0,0,1000000
197476,hold,174587,225516,599897
197536,hold,200209,201023,598768
197596,hold,172893,185103,642004
197656,hold,182643,200052,617305
197716,hold,0,0,1000000
197776,hold,217255,281263,501483
197836,hold,0,0,1000000
197896,hold,0,0,1000000
197956,hold,0,0,1000000
198016,hold,0,0,1000000
198076,hold,170185,188410,641405
198136,hold,245371,267821,486808
198196,hold,314595,314427,370978
198256,hold,0,0,1000000
198316,hold,334842,296890,368268
198376,long,508461,410022,81516
198436,hold,0,0,1000000
198496,hold,498630,338525,162846
198556,hold,255045,250191,494764
198616,hold,0,0,1000000
198676,hold,350504,422392,227104
198736,hold,338499,451119,210382
198796,long,534342,369900,95758
198856,hold,306558,446904,246538
198916,hold,361192,360143,278665
198976,hold,460299,424670,115032
199036,hold,469702,412919,117379
199096,hold,0,0,1000000
199156,hold,0,0,1000000
199216,hold,295148,271927,432924
199276,hold,0,0,1000000
199336,hold,301932,279387,418681
199396,hold,0,0,1000000
199456,hold,278376,321418,400207
199516,hold,0,0,1000000
199576,hold,347755,317475,334770
199636,hold,262975,267970,469055
199696,hold,0,0,1000000
199756,hold,292564,408795,298641
199816,hold,0,0,1000000
199876,hold,0,0,1000000
199936,hold,244014,272364,483622
199996,hold,0,0,1000000
200056,hold,0,0,1000000
200116,hold,190714,217938,591347
200176,hold,397238,340647,262115
200236,hold,0,0,1000000
200296,hold,326969,304542,368488
200356,hold,317057,295609,387334
200416,hold,283668,281916,434416
200476,hold,244339,231438,524223
200536,hold,245234,323130,431636
200596,hold,0,0,1000000
200656,hold,321951,321009,357040
200716,hold,204639,223797,571564
200776,hold,0,0,1000000
200836,hold,277379,290170,432451
200896,hold,0,0,1000000
200956,hold,243766,260105,496129
201016,hold,0,0,1000000
201076,hold,0,0,1000000
201136,hold,0,0,1000000
201196,hold,361221,444982,193797
201256,hold,0,0,1000000
201316,hold,0,0,1000000
201376,hold,307632,348813,343556
201436,hold,0,0,1000000
201496,hold,0,0,1000000
201556,hold,312772,254046,433182
201616,hold,0,0,1000000
201676,hold,0,0,1000000
201736,hold,372102,302984,324914
201796,hold,229653,231275,539072
201856,hold,0,0,1000000
201916,hold,378204,329432,292364
201976,hold,0,0,1000000
202036,hold,0,0,1000000
202096,hold,449790,342613,207597
202156,hold,261534,287245,451221
202216,hold,0,0,1000000
202276,hold,0,0,1000000
202336,hold,0,0,1000000
202396,hold,0,0,1000000
202456,hold,323531,363411,313058
202516,short,425048,521095,53857
202576,hold,0,0,1000000
202636,hold,0,0,1000000
202696,long,695797,286194,18009
202756,hold,0,0,1000000
202816,hold,359644,373733,266623
202876,hold,0,0,1000000
202936,hold,0,0,1000000
202996,hold,385863,336933,277204
203056,hold,0,0,1000000
203116,hold,0,0,1000000
203176,hold,0,0,1000000
203236,hold,0,0,1000000
203296,hold,374494,391223,234283
203356,hold,0,0,1000000
203416,hold,389051,353417,257532
203476,hold,0,0,1000000
203536,hold,0,0,1000000
203596,hold,405679,395433,198888
203656,hold,219662,245788,534550
203716,hold,0,0,1000000
203776,hold,0,0,1000000
203836,hold,260720,295111,444170
203896,hold,0,0,1000000
203956,hold,0,0,1000000
204016,hold,384149,304440,311411
204076,hold,309943,277970,412087
204136,hold,0,0,1000000
204196,hold,0,0,1000000
204256,hold,402181,302886,294934
204316,hold,0,0,1000000
204376,hold,0,0,1000000
204436,hold,0,0,1000000
204496,hold,254531,282771,462697
204556,hold,337833,333843,328324
204616,hold,0,0,1000000
204676,hold,0,0,1000000
204736,hold,274221,304684,421095
204796,hold,0,0,1000000
204856,hold,259646,334042,406312
204916,hold,276706,267834,455460
204976,hold,0,0,1000000
205036,hold,233691,223132,543177
205096,hold,0,0,1000000
205156,hold,0,0,1000000
205216,short,308394,690874,732
205276,long,509039,371217,119744
205336,hold,427733,448289,123978
205396,hold,409597,432189,158215
205456,short,424759,526859,48382
205516,hold,423033,313539,263428
205576,hold,0,0,1000000
205636,hold,0,0,1000000
205696,hold,404771,299691,295538
205756,hold,0,0,1000000
205816,hold,0,0,1000000
205876,hold,422706,324398,252896
205936,hold,0,0,1000000
205996,hold,0,0,1000000
206056,hold,0,0,1000000
206116,hold,0,0,1000000
206176,hold,171968,207226,620806
206236,hold,0,0,1000000
206296,hold,0,0,1000000
206356,hold,0,0,1000000
206416,hold,291345,319606,389050
206476,hold,200971,227911,571119
206536,hold,0,0,1000000
206596,hold,294563,310793,394644
206656,hold,287920,381698,330382
206716,hold,292589,320139,387272
206776,hold,0,0,1000000
206836,hold,0,0,1000000
206896,hold,244453,273088,482458
206956,hold,285201,291291,423508
207016,hold,0,0,1000000
207076,hold,0,0,1000000
207136,hold,0,0,1000000
207196,hold,273955,229811,496233
207256,hold,0,0,1000000
207316,long,534321,337011,128668
207376,hold,0,0,1000000
207436,hold,427564,407992,164443
207496,hold,339001,268608,392390
207556,hold,233241,224897,541863
207616,hold,165401,212771,621828
207676,hold,0,0,1000000
207736,hold,232756,244300,522944
207796,hold,281807,266900,451293
207856,hold,0,0,1000000
207916,hold,383963,363644,252394
207976,hold,0,0,1000000
208036,hold,0,0,1000000
208096,hold,307811,286058,406131
208156,hold,0,0,1000000
208216,hold,0,0,1000000
208276,hold,0,0,1000000
208336,hold,0,0,1000000
208396,hold,256178,299991,443831
208456,hold,237881,209776,552342
208516,hold,0,0,1000000
208576,hold,0,0,1000000
208636,hold,225762,216785,557453
208696,short,425946,530201,43853
208756,hold,0,0,1000000
208816,hold,0,0,1000000
208876,hold,331055,301392,367553
208936,hold,0,0,1000000
208996,hold,0,0,1000000
209056,hold,0,0,1000000
209116,hold,0,0,1000000
209176,hold,198754,233354,567891
209236,hold,0,0,1000000
209296,hold,0,0,1000000
209356,hold,0,0,1000000
209416,hold,0,0,1000000
209476,hold,0,0,1000000
209536,hold,0,0,1000000
209596,hold,0,0,1000000
209656,hold,0,0,1000000
209716,hold,0,0,1000000
209776,hold,0,0,1000000
209836,hold,422888,298033,279078
209896,hold,0,0,1000000
209956,hold,0,0,1000000
210016,hold,0,0,1000000
210076,hold,0,0,1000000
210136,hold,351640,286602,361758
210196,hold,248220,253883,497897
210256,hold,284039,251282,464679
210316,short,319772,646285,33943
210376,hold,0,0,1000000
210436,hold,402386,350185,247429
210496,hold,0,0,1000000
210556,hold,0,0,1000000
210616,hold,303012,274803,422185
210676,hold,0,0,1000000
210736,hold,205012,235852,559136
210796,hold,0,0,1000000
210856,hold,0,0,1000000
210916,hold,195453,245326,559221
210976,hold,0,0,1000000
211036,short,327641,525566,146793
211096,hold,0,0,1000000
211156,hold,0,0,1000000
211216,hold,350575,301055,348370
211276,hold,0,0,1000000
211336,hold,0,0,1000000
211396,hold,307913,320910,371176
211456,hold,0,0,1000000
211516,hold,322378,305673,371948
211576,hold,402828,357317,239855
211636,hold,258426,247216,494358
211696,hold,253671,277160,469169
211756,hold,0,0,1000000
211816,hold,0,0,1000000
211876,hold,0,0,1000000
211936,hold,0,0,1000000
211996,hold,0,0,1000000
212056,hold,0,0,1000000
212116,hold,0,0,1000000
212176,hold,0,0,1000000
212236,hold,0,0,1000000
212296,hold,0,0,1000000
212356,hold,210346,219203,570451
212416,hold,0,0,1000000
212476,hold,0,0,1000000
212536,hold,417723,460443,121834
212596,hold,380482,395328,224190
212656,hold,0,0,1000000
212716,hold,315500,288648,395852
212776,hold,0,0,1000000
212836,hold,0,0,1000000
212896,hold,364387,281430,354183
212956,hold,0,0,1000000
213016,hold,0,0,1000000
213076,hold,298030,307782,394188
213136,hold,0,0,1000000
213196,hold,285832,273991,440177
213256,hold,0,0,1000000
213316,hold,0,0,1000000
213376,hold,206584,248853,544563
213436,hold,0,0,1000000
213496,hold,0,0,1000000
213556,hold,305617,246747,447636
213616,hold,0,0,1000000
213676,hold,225774,254307,519919
213736,hold,0,0,1000000
213796,hold,239879,239395,520726
213856,hold,201287,238673,560040
213916,hold,0,0,1000000
213976,hold,470832,415120,114047
214036,hold,0,0,1000000
214096,hold,468296,356596,175108
214156,hold,0,0,1000000
214216,hold,0,0,1000000
214276,hold,348882,433956,217162
214336,hold,0,0,1000000
214396,hold,273738,225902,500360
214456,hold,0,0,1000000
214516,hold,235993,243583,520424
214576,hold,0,0,1000000
214636,hold,0,0,1000000
214696,hold,286057,279241,434701
214756,hold,0,0,1000000
214816,hold,0,0,1000000
214876,hold,0,0,1000000
214936,hold,0,0,1000000
214996,hold,351683,322441,325876
215056,hold,398211,339026,262764
215116,hold,0,0,1000000
215176,hold,0,0,1000000
215236,hold,187104,219766,593130
215296,hold,371869,465473,162658
215356,hold,0,0,1000000
215416,hold,0,0,1000000
215476,hold,0,0,1000000
215536,hold,0,0,1000000
215596,hold,430352,381647,188001
215656,hold,273818,318555,407627
215716,hold,297398,276627,425975
215776,hold,319260,277506,403234
215836,hold,278529,232998,488473
215896,hold,257747,241324,500928
215956,hold,410508,340712,248780
216016,hold,0,0,1000000
216076,hold,0,0,1000000
216136,hold,0,0,1000000
216196,hold,430128,310149,259724
216256,hold,0,0,1000000
216316,hold,0,0,1000000
216376,hold,0,0,1000000
216436,hold,0,0,1000000
216496,hold,0,0,1000000
216556,hold,0,0,1000000
216616,hold,0,0,1000000
216676,hold,247672,226135,526193
216736,hold,219233,230278,550489
216796,hold,191665,216797,591538
216856,hold,291800,255434,452766
216916,hold,0,0,1000000
216976,hold,0,0,1000000
217036,hold,0,0,1000000
217096,hold,0,0,1000000
217156,hold,246474,228819,524707
217216,hold,0,0,1000000
217276,hold,0,0,1000000
217336,hold,165535,202919,631546
217396,hold,0,0,1000000
217456,hold,234943,286863,478195
217516,hold,0,0,1000000
217576,hold,321002,295982,383016
217636,hold,0,0,1000000
217696,hold,222931,211487,565582
217756,hold,231006,209515,559479
217816,hold,188916,234951,576134
217876,hold,0,0,1000000
217936,hold,0,0,1000000
217996,hold,0,0,1000000
218056,hold,0,0,1000000
218116,hold,0,0,1000000
218176,hold,211251,205705,583044
218236,hold,0,0,1000000
218296,hold,303134,304496,392370
218356,hold,0,0,1000000
218416,hold,326351,427153,246497
218476,hold,0,0,1000000
218536,hold,0,0,1000000
218596,hold,0,0,1000000
218656,hold,282791,258022,459187
218716,hold,0,0,1000000
218776,hold,300712,300817,398471
218836,hold,0,0,1000000
218896,hold,0,0,1000000
218956,hold,0,0,1000000
219016,hold,263777,258075,478148
219076,hold,301462,290327,408211
219136,hold,0,0,1000000
219196,hold,0,0,1000000
219256,hold,0,0,1000000
219316,hold,182286,219519,598195
219376,hold,211512,235519,552969
219436,hold,387830,424419,187751
219496,hold,0,0,1000000
219556,hold,320206,309180,370614
219616,hold,317529,297250,385221
219676,hold,265477,232036,502487
219736,hold,0,0,1000000
219796,hold,0,0,1000000
219856,hold,0,0,1000000
219916,hold,0,0,1000000
219976,hold,231243,256050,512707
220036,hold,0,0,1000000
220096,hold,256124,276349,467527
220156,hold,0,0,1000000
220216,hold,0,0,1000000
220276,hold,236772,242659,520569
220336,hold,298434,286581,414985
220396,hold,0,0,1000000
220456,hold,0,0,1000000
220516,hold,396028,347599,256374
220576,hold,261368,273650,464982
220636,hold,0,0,1000000
220696,hold,0,0,1000000
220756,hold,0,0,1000000
220816,hold,216218,269910,513873
220876,hold,232650,204812,562538
220936,hold,0,0,1000000
220996,hold,0,0,1000000
221056,hold,0,0,1000000
221116,hold,0,0,1000000
221176,hold,0,0,1000000
221236,hold,283184,294606,422210
221296,hold,0,0,1000000
221356,hold,292884,298683,408433
221416,hold,268279,285462,446259
221476,hold,237557,217317,545126
221536,hold,0,0,1000000
221596,hold,278568,318500,402932
221656,hold,0,0,1000000
221716,hold,0,0,1000000
221776,hold,0,0,1000000
221836,hold,0,0,1000000
221896,hold,0,0,1000000
221956,hold,0,0,1000000
222016,hold,201389,211506,587106
222076,hold,0,0,1000000
222136,hold,226638,245592,527770
222196,hold,0,0,1000000
222256,hold,0,0,1000000
222316,hold,0,0,1000000
222376,hold,222249,219257,558494
222436,hold,249073,244258,506668
222496,hold,313395,281942,404663
222556,hold,232718,260794,506488
222616,hold,0,0,1000000
222676,hold,268368,261870,469761
222736,hold,0,0,1000000
222796,hold,0,0,1000000
222856,hold,233983,241843,524174
222916,hold,242216,243649,514135
222976,hold,0,0,1000000
223036,hold,0,0,1000000
223096,hold,0,0,1000000
223156,hold,214836,229004,556160
223216,hold,0,0,1000000
223276,hold,233616,247208,519176
223336,hold,0,0,1000000
223396,hold,0,0,1000000
223456,hold,207099,200339,592562
223516,hold,0,0,1000000
223576,hold,216395,248473,535132
223636,hold,0,0,1000000
223696,hold,0,0,1000000
223756,hold,201083,196180,602736
223816,hold,0,0,1000000
223876,hold,201269,226099,572631
223936,hold,252033,261238,486729
223996,hold,249045,301621,449334
224056,hold,471903,442596,85501
224116,hold,0,0,1000000
224176,hold,0,0,1000000
224236,hold,462417,338081,199502
224296,short,286220,595371,118409
224356,hold,0,0,1000000
224416,short,418823,526886,54291
224476,hold,0,0,1000000
224536,hold,421843,360870,217287
224596,hold,277388,261883,460729
224656,hold,286430,389663,323907
224716,hold,193317,202946,603736
224776,hold,0,0,1000000
224836,hold,260887,236847,502266
224896,hold,237823,220054,542124
224956,hold,221978,216545,561477
225016,hold,255086,256615,488299
225076,hold,0,0,1000000
225136,hold,0,0,1000000
225196,hold,250143,241901,507955
225256,hold,0,0,1000000
225316,hold,0,0,1000000
225376,hold,0,0,1000000
225436,hold,0,0,1000000
225496,hold,0,0,1000000
225556,hold,426406,391225,182369
225616,hold,0,0,1000000
225676,hold,304555,332653,362792
225736,hold,0,0,1000000
225796,hold,0,0,1000000
225856,hold,0,0,1000000
225916,hold,0,0,1000000
225976,hold,0,0,1000000
226036,hold,0,0,1000000
226096,hold,192022,277536,530441
226156,hold,251797,230631,517572
226216,hold,0,0,1000000
226276,hold,237656,229618,532726
226336,hold,0,0,1000000
226396,hold,0,0,1000000
226456,hold,0,0,1000000
226516,hold,0,0,1000000
226576,hold,0,0,1000000
226636,hold,0,0,1000000
226696,hold,0,0,1000000
226756,hold,211466,208860,579674
226816,hold,0,0,1000000
226876,hold,253338,231726,514936
226936,hold,0,0,1000000
226996,hold,0,0,1000000
227056,hold,196619,209349,594032
227116,hold,196419,201408,602173
227176,hold,234914,237806,527280
227236,hold,0,0,1000000
227296,hold,267129,226081,506790
227356,hold,0,0,1000000
227416,hold,0,0,1000000
227476,hold,0,0,1000000
227536,hold,231914,230866,537220
227596,hold,0,0,1000000
227656,hold,0,0,1000000
227716,hold,0,0,1000000
227776,hold,0,0,1000000
227836,hold,0,0,1000000
227896,hold,0,0,1000000
227956,hold,0,0,1000000
228016,hold,160046,184242,655712
228076,hold,189315,223179,587506
228136,hold,263149,279597,457253
228196,hold,168564,192442,638994
228256,hold,238953,222496,538551
228316,hold,0,0,1000000
228376,hold,0,0,1000000
228436,hold,241287,276536,482176
228496,hold,205080,237134,557786
228556,hold,0,0,1000000
228616,hold,0,0,1000000
228676,hold,158459,177725,663816
228736,hold,0,0,1000000
228796,hold,202450,216123,581427
228856,hold,289026,288664,422310
228916,hold,328144,295998,375858
228976,hold,0,0,1000000
229036,hold,0,0,1000000
229096,hold,0,0,1000000
229156,hold,218076,226616,555309
229216,hold,181504,200614,617882
229276,hold,286279,232171,481550
229336,hold,0,0,1000000
229396,hold,0,0,1000000
229456,hold,0,0,1000000
229516,hold,226611,213480,559908
229576,hold,429583,449761,120657
229636,hold,0,0,1000000
229696,hold,0,0,1000000
229756,hold,0,0,1000000
229816,hold,0,0,1000000
229876,hold,0,0,1000000
229936,hold,0,0,1000000
229996,hold,356154,322816,321031
230056,hold,0,0,1000000
230116,hold,0,0,1000000
230176,hold,0,0,1000000
230236,hold,348523,343768,307708
230296,hold,0,0,1000000
230356,hold,0,0,1000000
230416,hold,0,0,1000000
230476,hold,0,0,1000000
230536,hold,0,0,1000000
230596,hold,0,0,1000000
230656,hold,0,0,1000000
230716,hold,243856,226808,529336
230776,hold,287095,286233,426672
230836,hold,0,0,1000000
230896,hold,0,0,1000000
230956,hold,0,0,1000000
231016,hold,272587,243961,483452
231076,hold,0,0,1000000
231136,hold,0,0,1000000
231196,hold,264884,231842,503274
231256,hold,393757,365823,240420
231316,hold,0,0,1000000
231376,hold,0,0,1000000
231436,hold,0,0,1000000
231496,hold,324559,265008,410433
231556,hold,237397,256125,506478
231616,hold,0,0,1000000
231676,hold,0,0,1000000
231736,hold,267414,251431,481154
231796,hold,288763,269573,441664
231856,hold,270160,319894,409946
231916,hold,316796,294969,388235
231976,hold,0,0,1000000
232036,hold,0,0,1000000
232096,hold,0,0,1000000
232156,hold,176759,216705,606536
232216,hold,0,0,1000000
232276,hold,0,0,1000000
232336,hold,0,0,1000000
232396,hold,0,0,1000000
232456,hold,214702,236260,549038
232516,hold,0,0,1000000
232576,hold,0,0,1000000
232636,hold,0,0,1000000
232696,hold,0,0,1000000
232756,hold,0,0,1000000
232816,hold,0,0,1000000
232876,hold,0,0,1000000
232936,hold,353830,468837,177334
232996,hold,0,0,1000000
233056,hold,0,0,1000000
233116,hold,303820,282127,414054
233176,hold,395078,289631,315291
233236,hold,0,0,1000000
233296,hold,227222,227146,545632
233356,hold,0,0,1000000
233416,hold,0,0,1000000
233476,hold,209744,241752,548504
233536,hold,293130,292853,414017
233596,hold,0,0,1000000
233656,hold,0,0,1000000
233716,hold,0,0,1000000
233776,hold,0,0,1000000
233836,hold,0,0,1000000
233896,hold,225687,241721,532593
233956,hold,0,0,1000000
234016,hold,254324,267245,478431
234076,hold,0,0,1000000
234136,hold,363795,306778,329426
234196,hold,0,0,1000000
234256,hold,0,0,1000000
234316,hold,242544,246064,511392
234376,hold,0,0,1000000
234436,hold,0,0,1000000
234496,short,383900,501259,114840
234556,hold,0,0,1000000
234616,hold,0,0,1000000
234676,hold,0,0,1000000
234736,short,329966,642997,27037
234796,long,501291,479375,19334
234856,hold,0,0,1000000
234916,hold,0,0,1000000
234976,hold,0,0,1000000
235036,hold,0,0,1000000
235096,hold,0,0,1000000
235156,hold,327511,308060,364429
235216,hold,304397,315192,380410
235276,hold,407759,337161,255079
235336,hold,0,0,1000000
235396,hold,0,0,1000000
235456,hold,283620,262377,454004
235516,hold,273646,270304,456050
235576,hold,0,0,1000000
235636,hold,359567,392491,247942
235696,hold,372172,312269,315559
235756,hold,320464,374805,304732
235816,hold,0,0,1000000
235876,hold,0,0,1000000
235936,hold,0,0,1000000
235996,hold,0,0,1000000
236056,hold,285236,243576,471188
236116,hold,0,0,1000000
236176,hold,0,0,1000000
236236,hold,346366,299637,353997
236296,hold,0,0,1000000
236356,hold,212362,220621,567017
236416,hold,0,0,1000000
236476,hold,0,0,1000000
236536,hold,0,0,1000000
236596,hold,199053,240720,560227
236656,hold,0,0,1000000
236716,hold,0,0,1000000
236776,hold,0,0,1000000
236836,hold,0,0,1000000
236896,hold,0,0,1000000
236956,hold,0,0,1000000
237016,hold,0,0,1000000
237076,hold,0,0,1000000
237136,hold,0,0,1000000
237196,hold,0,0,1000000
237256,hold,218182,237889,543930
237316,hold,0,0,1000000
237376,hold,330108,325485,344407
237436,hold,261547,223710,514743
237496,hold,298576,229823,471600
237556,hold,0,0,1000000
237616,hold,0,0,1000000
237676,hold,0,0,1000000
237736,hold,0,0,1000000
237796,hold,177723,188625,633652
237856,hold,0,0,1000000
237916,hold,0,0,1000000
237976,hold,191773,220856,587371
238036,hold,300456,274269,425275
238096,hold,0,0,1000000
238156,hold,201392,243870,554738
238216,hold,262208,225890,511902
238276,hold,0,0,1000000
238336,hold,0,0,1000000
238396,hold,237108,269830,493061
238456,hold,0,0,1000000
238516,hold,0,0,1000000
238576,hold,0,0,1000000
238636,hold,0,0,1000000
238696,hold,0,0,1000000
238756,hold,0,0,1000000
238816,hold,272869,301448,425682
238876,hold,370881,300083,329036
238936,hold,338872,305265,355863
238996,hold,0,0,1000000
239056,hold,208585,234548,556867
239116,hold,375341,407090,217569
239176,hold,252640,252265,495095
239236,hold,0,0,1000000
239296,hold,0,0,1000000
239356,hold,233809,227041,539150
239416,hold,211126,214580,574294
239476,hold,0,0,1000000
239536,hold,270582,279466,449953
239596,hold,0,0,1000000
239656,hold,0,0,1000000
239716,hold,222410,226770,550820
239776,hold,0,0,1000000
239836,hold,0,0,1000000
239896,hold,0,0,1000000
239956,hold,308722,306651,384627
240016,hold,0,0,1000000
240076,hold,0,0,1000000
240136,hold,0,0,1000000
240196,hold,245680,260250,494069
240256,hold,0,0,1000000
240316,hold,0,0,1000000
240376,hold,0,0,1000000
240436,long,517152,295761,187087
240496,hold,442862,491774,65365
240556,hold,356687,300208,343105
240616,hold,0,0,1000000
240676,hold,299873,312275,387852
240736,hold,0,0,1000000
240796,hold,247804,253405,498792
240856,hold,0,0,1000000
240916,hold,234189,257724,508088
240976,hold,0,0,1000000
241036,hold,0,0,1000000
241096,hold,289171,276431,434398
241156,hold,295430,296017,408553
241216,hold,0,0,1000000
241276,hold,0,0,1000000
241336,hold,0,0,1000000
241396,hold,451095,445568,103336
241456,hold,0,0,1000000
241516,hold,477787,378960,143254
241576,hold,0,0,1000000
241636,hold,360762,303859,335380
241696,hold,281162,326753,392085
241756,hold,0,0,1000000
241816,hold,0,0,1000000
241876,hold,0,0,1000000
241936,hold,0,0,1000000
241996,hold,233646,224778,541577
242056,hold,317714,356772,325514
242116,hold,276022,228781,495198
242176,hold,248359,224054,527588
242236,hold,0,0,1000000
242296,hold,0,0,1000000
242356,hold,331029,280866,388104
242416,hold,209137,231960,558903
242476,hold,0,0,1000000
242536,hold,324787,301075,374138
242596,hold,0,0,1000000
242656,hold,291235,284901,423865
242716,hold,299706,380261,320033
242776,hold,475337,420572,104091
242836,hold,415067,460109,124823
242896,hold,0,0,1000000
242956,hold,0,0,1000000
243016,hold,0,0,1000000
243076,hold,0,0,1000000
243136,hold,0,0,1000000
243196,hold,266389,271869,461742
243256,hold,270742,281044,448214
243316,hold,0,0,1000000
243376,hold,239409,266833,493758
243436,hold,0,0,1000000
243496,hold,0,0,1000000
243556,hold,224019,214216,561766
243616,hold,0,0,1000000
243676,hold,0,0,1000000
243736,hold,209139,240047,550814
243796,hold,0,0,1000000
243856,hold,0,0,1000000
243916,hold,0,0,1000000
243976,hold,221189,202353,576458
244036,hold,212435,230884,556681
244096,hold,0,0,1000000
244156,hold,200982,229056,569961
244216,hold,0,0,1000000
244276,hold,0,0,1000000
244336,hold,0,0,1000000
244396,hold,0,0,1000000
244456,hold,262365,241639,495996
244516,hold,311568,298073,390359
244576,hold,0,0,1000000
244636,hold,0,0,1000000
244696,hold,268755,235863,495382
244756,hold,329359,244693,425948
244816,hold,0,0,1000000
244876,hold,0,0,1000000
244936,hold,180557,204575,614868
244996,hold,262168,221230,516602
245056,hold,0,0,1000000
245116,hold,252531,218926,528542
245176,hold,187610,216763,595627
245236,hold,287667,224322,488011
245296,hold,295708,293507,410785
245356,hold,395188,300067,304745
245416,hold,0,0,1000000
245476,hold,0,0,1000000
245536,hold,0,0,1000000
245596,hold,0,0,1000000
245656,hold,392506,344439,263055
245716,long,532196,363429,104376
245776,hold,0,0,1000000
245836,hold,360214,323475,316312
245896,hold,0,0,1000000
245956,hold,0,0,1000000
246016,hold,312916,244505,442578
246076,hold,0,0,1000000
246136,hold,255968,273215,470817
246196,hold,0,0,1000000
246256,hold,0,0,1000000
246316,hold,0,0,1000000
246376,hold,160597,192540,646863
246436,hold,192749,197337,609915
246496,hold,167824,197012,635164
246556,hold,0,0,1000000
246616,hold,0,0,1000000
246676,hold,0,0,1000000
246736,hold,167730,190072,642198
246796,hold,157221,188765,654013
246856,hold,0,0,1000000
246916,hold,0,0,1000000
246976,hold,163461,186424,650115
247036,hold,0,0,1000000
247096,hold,234169,232734,533098
247156,hold,0,0,1000000
247216,hold,0,0,1000000
247276,hold,0,0,1000000
247336,hold,0,0,1000000
247396,hold,368962,362040,268997
247456,hold,0,0,1000000
247516,hold,0,0,1000000
247576,hold,0,0,1000000
247636,hold,0,0,1000000
247696,hold,0,0,1000000
247756,hold,375981,316293,307727
247816,long,554171,397312,48517
247876,hold,0,0,1000000
247936,hold,0,0,1000000
247996,hold,0,0,1000000
248056,hold,0,0,1000000
248116,hold,235832,246752,517416
248176,hold,306589,277791,415620
248236,hold,238417,226074,535509
248296,hold,347709,313032,339259
248356,hold,263809,222544,513647
248416,hold,0,0,1000000
248476,hold,287750,467974,244276
248536,hold,465804,482811,51385
248596,long,570550,356911,72539
248656,hold,411147,411414,177439
248716,short,363067,562308,74625
248776,hold,296553,313588,389859
248836,hold,0,0,1000000
248896,hold,409999,480249,109752
248956,hold,461848,310627,227525
249016,hold,394779,369117,236104
249076,hold,0,0,1000000
249136,hold,0,0,1000000
249196,hold,0,0,1000000
249256,hold,0,0,1000000
249316,hold,0,0,1000000
249376,hold,0,0,1000000
249436,hold,238116,225564,536321
249496,hold,207158,219586,573256
249556,hold,0,0,1000000
249616,hold,227627,228116,544258
249676,hold,255057,244965,499979
249736,hold,226572,234219,539208
249796,hold,0,0,1000000
249856,hold,0,0,1000000
249916,hold,0,0,1000000
249976,hold,392137,380654,227209
250036,hold,0,0,1000000
250096,hold,356262,424422,219316
250156,hold,0,0,1000000
250216,hold,467254,353231,179515
250276,hold,0,0,1000000
250336,hold,0,0,1000000
250396,hold,473939,329287,196774
250456,short,413189,529606,57205
250516,hold,0,0,1000000
250576,hold,0,0,1000000
250636,hold,0,0,1000000
250696,hold,0,0,1000000
250756,hold,0,0,1000000
250816,hold,0,0,1000000
250876,hold,288690,257215,454094
250936,hold,0,0,1000000
250996,hold,0,0,1000000
251056,hold,414444,364845,220711
251116,hold,277950,260812,461238
251176,hold,0,0,1000000
251236,hold,0,0,1000000
251296,hold,0,0,1000000
251356,hold,0,0,1000000
251416,hold,0,0,1000000
251476,hold,0,0,1000000
251536,hold,0,0,1000000
251596,hold,264411,304665,430924
251656,hold,0,0,1000000
251716,hold,282081,273832,444087
251776,hold,0,0,1000000
251836,hold,255845,251854,492301
251896,hold,0,0,1000000
251956,hold,0,0,1000000
252016,hold,286378,299154,414468
252076,hold,0,0,1000000
252136,hold,0,0,1000000
252196,hold,278531,291998,429471
252256,hold,238703,240385,520912
252316,hold,0,0,1000000
252376,hold,0,0,1000000
252436,hold,211558,205756,582686
252496,hold,202674,227730,569596
252556,hold,233705,254173,512122
252616,hold,0,0,1000000
252676,hold,0,0,1000000
252736,hold,0,0,1000000
252796,hold,290944,297734,411323
252856,hold,0,0,1000000
252916,hold,415655,425697,158648
252976,hold,0,0,1000000
253036,hold,0,0,1000000
253096,hold,0,0,1000000
253156,hold,0,0,1000000
253216,hold,0,0,1000000
253276,hold,0,0,1000000
253336,hold,297003,264131,438866
253396,hold,0,0,1000000
253456,hold,309148,252065,438787
253516,hold,255836,254896,489267
253576,hold,295381,271798,432821
253636,hold,0,0,1000000
253696,hold,0,0,1000000
253756,hold,0,0,1000000
253816,hold,0,0,1000000
253876,hold,0,0,1000000
253936,hold,237861,216662,545477
253996,hold,389731,384436,225833
254056,hold,0,0,1000000
254116,hold,0,0,1000000
254176,hold,0,0,1000000
254236,hold,0,0,1000000
254296,hold,0,0,1000000
254356,hold,0,0,1000000
254416,hold,0,0,1000000
254476,hold,0,0,1000000
254536,hold,0,0,1000000
254596,hold,0,0,1000000
254656,hold,0,0,1000000
254716,hold,0,0,1000000
254776,hold,0,0,1000000
254836,hold,0,0,1000000
254896,hold,0,0,1000000
254956,hold,0,0,1000000
255016,hold,268087,234725,497187
255076,hold,0,0,1000000
255136,hold,164787,194975,640238
255196,hold,178463,194243,627294
255256,hold,263038,226826,510136
255316,hold,249311,215078,535612
255376,hold,309435,268639,421926
255436,hold,0,0,1000000
255496,hold,265199,292825,441976
255556,hold,0,0,1000000
255616,hold,0,0,1000000
255676,hold,0,0,1000000
255736,hold,0,0,1000000
255796,hold,0,0,1000000
255856,hold,223503,260449,516048
255916,hold,0,0,1000000
255976,hold,337200,287037,375763
256036,hold,0,0,1000000
256096,hold,280303,241302,478395
256156,hold,0,0,1000000
256216,hold,0,0,1000000
256276,hold,0,0,1000000
256336,hold,180458,210429,609113
256396,hold,0,0,1000000
256456,hold,223695,211855,564450
256516,hold,0,0,1000000
256576,hold,0,0,1000000
256636,hold,150602,177394,672004
256696,hold,149474,172528,677999
256756,hold,0,0,1000000
256816,hold,0,0,1000000
256876,hold,166185,183211,650604
256936,hold,0,0,1000000
256996,hold,0,0,1000000
257056,hold,128863,179204,691933
257116,hold,0,0,1000000
257176,hold,255019,207719,537263
257236,hold,199114,187556,613330
257296,hold,215623,224588,559790
257356,hold,0,0,1000000
257416,hold,0,0,1000000
257476,hold,199884,193797,606319
257536,hold,147800,200304,651896
257596,hold,0,0,1000000
257656,hold,0,0,1000000
257716,hold,0,0,1000000
257776,hold,134015,168228,697757
257836,hold,146368,179104,674529
257896,hold,181451,197447,621102
257956,hold,0,0,1000000
258016,hold,0,0,1000000
258076,hold,0,0,1000000
258136,hold,156219,170651,673130
258196,hold,0,0,1000000
258256,hold,140781,172642,686578
258316,hold,198389,200538,601073
258376,hold,208309,234250,557441
258436,hold,0,0,1000000
258496,hold,0,0,1000000
258556,hold,0,0,1000000
258616,hold,0,0,1000000
258676,hold,262122,260623,477255
258736,hold,293595,261973,444433
258796,hold,214298,223146,562556
258856,hold,0,0,1000000
258916,hold,0,0,1000000
258976,hold,0,0,1000000
259036,hold,0,0,1000000
259096,hold,251279,206961,541760
259156,hold,0,0,1000000
259216,hold,225737,221905,552359
259276,hold,0,0,1000000
259336,hold,0,0,1000000
259396,hold,0,0,1000000
259456,hold,0,0,1000000
259516,hold,208282,198926,592792
259576,hold,166005,194576,639419
259636,hold,334567,271726,393707
259696,hold,0,0,1000000
259756,hold,0,0,1000000
259816,hold,168627,210468,620906
259876,hold,198287,198097,603616
259936,hold,0,0,1000000
259996,hold,0,0,1000000
260056,hold,0,0,1000000
260116,hold,316237,327439,356324
260176,hold,271496,268546,459958
260236,hold,0,0,1000000
260296,hold,0,0,1000000
260356,hold,0,0,1000000
260416,hold,242737,236304,520959
260476,hold,187806,206909,605284
260536,hold,0,0,1000000
260596,hold,0,0,1000000
