sequence,action,long_probability_ppm,short_probability_ppm,hold_probability_ppm
16,hold,324467,311803,363730
76,hold,355240,331077,313683
136,hold,319715,278182,402104
196,hold,244430,263994,491576
256,hold,258116,251494,490389
316,hold,237999,244884,517117
376,hold,237129,238980,523891
436,hold,222614,226450,550936
496,hold,236304,259943,503753
556,hold,346561,311978,341461
616,hold,318590,263387,418023
676,hold,289362,252858,457779
736,hold,263882,247714,488404
796,hold,281378,259148,459474
856,hold,315417,343676,340907
916,long,385253,293955,320792
976,hold,283794,315682,400524
1036,hold,309504,247263,443233
1096,hold,290199,255139,454662
1156,hold,339686,356768,303546
1216,hold,295293,266934,437774
1276,hold,302118,263108,434773
1336,hold,335563,270271,394167
1396,hold,283078,275115,441806
1456,hold,291625,249574,458801
1516,long,374039,312387,313574
1576,hold,317102,259606,423292
1636,hold,345575,287855,366570
1696,hold,276487,253203,470309
1756,hold,339951,293499,366550
1816,hold,299241,279929,420830
1876,hold,239045,270217,490738
1936,short,295664,372161,332176
1996,hold,273007,279692,447302
2056,hold,302508,281618,415873
2116,hold,296679,331423,371898
2176,hold,292871,297179,409950
2236,hold,327775,324367,347858
2296,long,403084,295673,301243
2356,long,553568,360811,85620
2416,long,507731,310367,181901
2476,long,373738,364802,261460
2536,long,462113,304400,233486
2596,hold,308463,278290,413247
2656,long,395840,368440,235719
2716,long,374144,261698,364158
2776,hold,300740,296975,402284
2836,hold,326710,272411,400880
2896,hold,233487,230908,535605
2956,hold,293928,265561,440511
3016,hold,288848,301790,409363
3076,hold,251135,232100,516765
3136,hold,247874,240462,511664
3196,hold,289696,284815,425489
3256,hold,244118,257093,498789
3316,hold,293218,256792,449990
3376,hold,266387,274496,459117
3436,hold,270894,271946,457161
3496,hold,265839,254378,479783
3556,hold,224307,225883,549810
3616,hold,252520,299607,447872
3676,hold,317920,320327,361753
3736,hold,252670,256624,490706
3796,long,458308,337191,204500
3856,long,370388,330977,298634
3916,long,406721,290161,303118
3976,hold,286726,307947,405327
4036,short,354875,402958,242167
4096,hold,345350,279047,375602
4156,hold,307928,248049,444023
4216,hold,265523,275088,459389
4276,hold,265020,258496,476484
4336,hold,249812,240586,509601
4396,hold,273434,274121,452445
4456,hold,253685,240738,505576
4516,hold,238401,236414,525184
4576,hold,262330,246011,491658
4636,hold,205552,222483,571964
4696,hold,215170,220952,563879
4756,hold,201945,237905,560150
4816,hold,239068,253172,507760
4876,hold,322462,351357,326181
4936,hold,272797,247882,479320
4996,hold,230388,253462,516151
5056,hold,233071,267317,499612
5116,hold,237396,271530,491074
5176,hold,259122,262355,478523
5236,hold,242850,249720,507430
5296,long,364879,253062,382059
5356,hold,246923,238124,514953
5416,hold,223268,255938,520794
5476,hold,261253,272535,466212
5536,hold,264255,233192,502553
5596,hold,273352,283985,442663
5656,hold,236255,225564,538181
5716,hold,256121,233085,510794
5776,hold,229585,244117,526298
5836,hold,249632,248683,501685
5896,hold,220188,226023,553789
5956,hold,212736,219574,567690
6016,hold,224487,256170,519343
6076,hold,222812,248326,528862
6136,hold,220444,233620,545936
6196,hold,209777,230441,559782
6256,hold,288434,285321,426245
6316,hold,233299,237595,529107
6376,hold,249912,250611,499477
6436,hold,219822,225831,554347
6496,hold,250523,265518,483959
6556,hold,237296,230676,532028
6616,hold,284408,295209,420383
6676,hold,358199,342118,299684
6736,hold,264367,301520,434113
6796,hold,237923,248370,513707
6856,hold,328498,312750,358752
6916,hold,228948,274504,496548
6976,hold,227922,244010,528069
7036,hold,338482,307644,353874
7096,hold,222063,232448,545489
7156,hold,254893,253783,491324
7216,hold,259150,240886,499964
7276,hold,344089,297562,358349
7336,short,341755,589984,68262
7396,hold,323601,268442,407957
7456,hold,247241,258743,494016
7516,hold,257823,252278,489899
7576,hold,313829,284277,401894
7636,hold,322382,282071,395547
7696,hold,239005,246493,514502
7756,hold,288023,237320,474657
7816,hold,300176,253071,446753
7876,hold,264035,273933,462032
7936,hold,290345,309820,399835
7996,long,376193,357322,266485
8056,short,412630,475546,111824
8116,short,380390,535921,83688
8176,long,364134,361145,274720
8236,long,415789,298850,285361
8296,long,362465,297921,339614
8356,long,385507,294260,320233
8416,hold,283611,290815,425574
8476,hold,308160,249069,442771
8536,hold,299870,248440,451690
8596,hold,267336,260329,472335
8656,hold,296452,303995,399553
8716,long,389088,267279,343632
8776,hold,262975,246285,490740
8836,hold,254062,240902,505036
8896,hold,245854,266871,487275
8956,hold,226004,231089,542907
9016,hold,255638,257682,486680
9076,hold,228468,245793,525738
9136,hold,251737,255574,492689
9196,hold,237090,253191,509719
9256,hold,268149,313575,418276
9316,hold,259436,261970,478595
9376,long,364796,253591,381612
9436,hold,275368,248255,476378
9496,hold,288076,267527,444397
9556,short,498485,499877,1639
9616,long,620389,302380,77231
9676,long,465172,360822,174007
9736,long,421837,297206,280957
9796,long,448138,279566,272295
9856,long,496972,306179,196849
9916,long,384763,287421,327816
9976,long,409034,310876,280090
10036,long,379264,287968,332768
10096,hold,287145,276740,436115
10156,hold,333581,263312,403106
10216,hold,279877,277141,442982
10276,long,387145,308710,304145
10336,long,428909,364779,206312
10396,long,429245,323470,247285
10456,hold,275070,275740,449189
10516,long,463451,320010,216540
10576,long,360162,320823,319015
10636,hold,260167,255127,484705
10696,hold,330466,311216,358319
10756,hold,287066,272629,440306
10816,long,490671,264030,245298
10876,long,474233,323678,202089
10936,long,426551,291981,281468
10996,long,562627,368082,69291
11056,long,546212,301308,152480
11116,long,488609,399985,111406
11176,long,567084,307365,125551
11236,long,450681,305236,244082
11296,long,499589,315058,185353
11356,long,431849,329746,238405
11416,hold,259853,328616,411531
11476,hold,335832,263638,400530
11536,hold,297536,260755,441709
11596,hold,325198,278119,396683
11656,long,565126,424829,10045
11716,long,424983,274086,300931
11776,hold,322979,261748,415273
11836,hold,304267,285570,410162
11896,hold,308527,296009,395464
11956,hold,295928,253471,450601
12016,long,514866,359192,125942
12076,hold,350275,284591,365134
12136,hold,298940,285029,416031
12196,hold,320209,278615,401175
12256,long,375349,325675,298976
12316,hold,353585,315459,330956
12376,long,567741,318629,113630
12436,long,458047,347701,194252
12496,short,402028,452338,145635
12556,long,400918,273540,325542
12616,long,585614,263895,150492
12676,long,389585,324544,285872
12736,long,533684,401085,65231
12796,long,512521,335443,152036
12856,long,471568,299827,228604
12916,long,384703,328007,287290
12976,hold,326836,298183,374981
13036,long,370152,325060,304788
13096,hold,317187,293002,389811
13156,hold,328791,313265,357944
13216,hold,324543,356072,319384
13276,hold,265794,260603,473602
13336,hold,300483,263787,435729
13396,hold,326691,305279,368029
13456,hold,359553,312483,327964
13516,hold,307159,297895,394945
13576,hold,280881,277375,441745
13636,hold,287914,267645,444442
13696,hold,292657,267157,440185
13756,hold,321681,300007,378312
13816,long,851222,136281,12496
13876,long,693179,293816,13005
13936,long,559461,321139,119400
13996,long,565340,306750,127911
14056,short,406651,455103,138246
14116,long,561166,273688,165146
14176,long,383037,324175,292789
14236,long,433603,272434,293963
14296,hold,303105,263460,433436
14356,hold,294767,266553,438680
14416,hold,262926,260599,476475
14476,hold,310401,271046,418554
14536,hold,275150,236900,487951
14596,hold,279696,255100,465204
14656,hold,253004,246664,500332
14716,hold,258506,256797,484698
14776,hold,248735,261934,489332
14836,hold,229472,251528,519000
14896,hold,235456,245449,519095
14956,hold,239865,225405,534730
15016,hold,218971,244228,536801
15076,hold,239317,255115,505568
15136,hold,252477,254488,493035
15196,hold,276460,288584,434955
15256,hold,262632,245132,492236
15316,hold,245393,246675,507932
15376,hold,253774,252443,493783
15436,hold,337573,351882,310544
15496,hold,249750,268510,481740
15556,hold,241963,235185,522852
15616,hold,224111,224200,551689
15676,hold,228597,264676,506727
15736,hold,296027,287243,416730
15796,hold,280033,247542,472425
15856,hold,256408,262532,481060
15916,hold,255114,237661,507225
15976,hold,240727,250411,508862
16036,hold,230241,226753,543006
16096,hold,217775,228163,554062
16156,hold,215025,228290,556685
16216,hold,229413,233405,537182
16276,hold,243670,244533,511798
16336,hold,207309,218896,573796
16396,hold,252285,248716,498999
16456,hold,279257,242962,477781
16516,hold,243726,267612,488662
16576,hold,279564,312152,408285
16636,hold,271633,270142,458225
16696,hold,287726,279236,433037
16756,hold,282467,240857,476676
16816,hold,347621,260209,392171
16876,hold,264560,281184,454256
16936,hold,243094,238129,518778
16996,hold,260675,241039,498286
17056,hold,287845,268578,443577
17116,hold,251864,260413,487724
17176,long,367821,325421,306758
17236,hold,354692,293742,351566
17296,hold,262035,284226,453739
17356,long,473371,324670,201959
17416,long,495885,254752,249363
17476,hold,340130,279715,380155
17536,hold,303758,296775,399466
17596,hold,329808,257771,412421
17656,hold,306160,276463,417377
17716,long,436131,248585,315284
17776,hold,328189,306530,365281
17836,long,435068,280513,284420
17896,long,443255,399149,157597
17956,long,487111,282766,230123
18016,long,496021,375881,128098
18076,long,480941,340870,178189
18136,long,621487,284613,93901
18196,long,712471,271671,15859
18256,long,638506,290444,71050
18316,long,501531,316248,182221
18376,long,481102,311802,207096
18436,long,484662,320473,194866
18496,long,478358,277294,244348
18556,long,436163,361750,202087
18616,short,424400,445012,130589
18676,long,390767,268606,340626
18736,hold,326292,272471,401237
18796,hold,337310,344239,318450
18856,long,391244,269375,339381
18916,long,370237,328938,300826
18976,hold,281408,262753,455839
19036,hold,251914,271273,476813
19096,hold,301639,252952,445410
19156,hold,237176,235717,527107
19216,short,275605,392756,331639
19276,long,368176,337728,294096
19336,short,382040,397215,220745
19396,hold,333882,334921,331197
19456,hold,339476,288758,371766
19516,long,360668,274392,364940
19576,long,700039,226024,73936
19636,long,450592,374649,174759
19696,long,580438,354703,64859
19756,long,485576,333739,180686
19816,long,414388,296737,288875
19876,hold,358650,315041,326309
19936,long,424090,302365,273545
19996,long,381782,274069,344149
20056,hold,310772,276052,413175
20116,hold,268019,255713,476268
20176,hold,302401,300469,397131
20236,long,378325,342695,278979
20296,long,418914,354250,226836
20356,hold,313119,274310,412571
20416,hold,354260,313848,331892
20476,long,384084,341823,274093
20536,hold,263722,250997,485282
20596,hold,256612,247852,495536
20656,hold,337240,351104,311656
20716,hold,303919,269802,426279
20776,hold,330537,275616,393847
20836,hold,293949,298671,407381
20896,hold,323096,266077,410827
20956,hold,296184,328069,375748
21016,long,502283,404898,92819
21076,long,454341,364156,181503
21136,long,417944,291060,290996
21196,long,408456,284953,306590
21256,hold,358704,287549,353748
21316,hold,258266,263739,477995
21376,short,330753,369995,299251
21436,long,425198,251133,323669
21496,hold,287520,249921,462559
21556,hold,285313,264284,450403
21616,long,459010,369461,171528
21676,long,437095,294696,268209
21736,hold,345146,302130,352725
21796,hold,321817,287147,391036
21856,hold,319461,275540,404999
21916,hold,244208,242431,513361
21976,hold,241567,242861,515572
22036,hold,250322,262240,487438
22096,hold,266019,256627,477354
22156,long,452761,259261,287979
22216,hold,260540,252653,486807
22276,short,376629,410366,213005
22336,long,367065,319253,313681
22396,long,368326,291224,340450
22456,long,485536,291678,222786
22516,long,645664,291413,62922
22576,short,373522,412845,213634
22636,long,508669,325838,165493
22696,long,397156,331106,271738
22756,hold,353697,289681,356622
22816,hold,358368,320643,320988
22876,long,434338,328098,237564
22936,hold,339034,260215,400750
22996,hold,322350,271349,406301
23056,hold,295446,311414,393140
23116,hold,307441,243072,449487
23176,long,438780,405814,155405
23236,long,448274,270231,281496
23296,hold,311048,265060,423891
23356,hold,270588,311797,417615
23416,hold,265380,230653,503967
23476,hold,303559,293277,403164
23536,hold,303098,295714,401188
23596,hold,333063,309007,357931
23656,hold,302674,307492,389834
23716,hold,303498,276718,419784
23776,hold,254358,271486,474156
23836,hold,318532,273122,408346
23896,long,381465,280323,338212
23956,short,389422,468539,142039
24016,long,447823,436973,115204
24076,long,378700,319541,301759
24136,long,424774,286558,288668
24196,short,329151,420159,250690
24256,long,428810,329953,241236
24316,long,421069,278131,300800
24376,long,375948,294940,329112
24436,hold,307989,266567,425444
24496,hold,243469,249337,507195
24556,hold,321584,343025,335391
24616,hold,257593,244893,497514
24676,hold,250553,238663,510784
24736,long,516928,299729,183343
24796,long,376491,288184,335325
24856,long,389638,277098,333263
24916,long,407876,291072,301052
24976,long,469744,332771,197485
25036,hold,349018,291695,359287
25096,long,362882,302344,334773
25156,hold,348012,257529,394459
25216,hold,263222,264968,471810
25276,long,406356,330164,263480
25336,hold,322680,276755,400565
25396,long,365049,284603,350348
25456,long,369334,307072,323593
25516,long,544283,309265,146452
25576,hold,340462,298855,360683
25636,hold,341695,268507,389798
25696,hold,326137,350885,322977
25756,hold,331959,246047,421995
25816,hold,293179,248762,458059
25876,hold,250817,288312,460871
25936,hold,309405,248771,441823
25996,hold,304715,315338,379947
26056,hold,244461,273488,482052
26116,long,430475,323321,246205
26176,short,349038,371402,279559
26236,long,449378,298545,252077
26296,hold,278296,292478,429226
26356,hold,288574,286869,424557
26416,hold,352265,301680,346055
26476,short,431171,433565,135264
26536,long,465942,313950,220108
26596,long,390682,274732,334586
26656,long,474097,307458,218445
26716,hold,338688,308287,353025
26776,hold,359342,296227,344431
26836,long,480237,293308,226455
26896,long,360351,279746,359903
26956,hold,311019,275997,412984
27016,hold,243286,273273,483441
27076,hold,263128,260009,476864
27136,short,373913,434794,191293
27196,long,410081,333153,256766
27256,long,693826,304353,1821
27316,long,908045,90703,1252
27376,long,866152,126736,7112
27436,long,817853,172198,9949
27496,long,600196,303570,96234
27556,long,558407,284298,157295
27616,long,545094,290492,164413
27676,long,362005,317497,320498
27736,long,481200,303789,215011
27796,short,488110,510597,1293
27856,long,691754,263739,44506
27916,long,412664,388581,198755
27976,long,568059,251280,180660
28036,long,484156,304507,211337
28096,long,514495,442292,43213
28156,long,786210,179006,34784
28216,long,514277,341266,144456
28276,long,485474,298234,216292
28336,long,721948,277110,942
28396,long,785195,214764,41
28456,long,968476,31447,78
28516,long,651300,268059,80641
28576,long,638254,261863,99883
28636,long,520964,286989,192048
28696,long,687362,219421,93217
28756,long,535653,402056,62291
28816,long,681937,259653,58411
28876,long,679240,270769,49991
28936,long,636638,350946,12415
28996,long,497199,363184,139617
29056,long,489027,364839,146134
29116,long,572185,283992,143823
29176,long,454549,308974,236477
29236,long,407955,334877,257168
29296,long,400597,367214,232189
29356,hold,354232,287958,357810
29416,hold,352829,283731,363440
29476,short,335162,390476,274362
29536,short,459397,465013,75590
29596,long,494361,395221,110418
29656,long,488907,306770,204323
29716,long,752463,209093,38444
29776,short,196203,796493,7304
29836,long,658298,246971,94730
29896,long,389733,341711,268557
29956,long,439379,372326,188295
30016,long,401871,396775,201354
30076,long,459610,249333,291057
30136,long,409171,297424,293406
30196,long,489776,288168,222056
30256,long,416153,311235,272612
30316,long,382168,282432,335401
30376,hold,348183,283730,368086
30436,hold,300348,273599,426053
30496,hold,281829,262491,455680
30556,hold,311487,281023,407490
30616,hold,272097,273501,454402
30676,long,374458,344495,281046
30736,hold,359694,289335,350972
30796,hold,314504,275025,410470
30856,hold,319867,262902,417231
30916,hold,263777,252813,483409
30976,hold,358866,328372,312762
31036,hold,309877,241827,448296
31096,long,498430,282725,218845
31156,long,514910,374233,110858
31216,long,592901,289543,117556
31276,long,395619,346854,257527
31336,hold,335323,330767,333910
31396,long,438577,273596,287827
31456,long,393350,333221,273429
31516,long,431520,291201,277279
31576,hold,303935,275995,420071
31636,long,420383,330045,249572
31696,hold,342698,299732,357570
31756,long,418271,315254,266474
31816,long,507428,390379,102194
31876,hold,321855,279547,398599
31936,long,458569,387165,154266
31996,long,376585,256258,367158
32056,short,306312,376825,316864
32116,long,372679,288588,338732
32176,hold,338995,269678,391327
32236,hold,338712,285333,375955
32296,long,409775,276656,313569
32356,long,404274,320457,275269
32416,hold,337680,301267,361053
32476,long,415162,332962,251875
32536,long,396397,327559,276044
32596,long,604559,395202,239
32656,short,295713,695734,8553
32716,long,765998,184517,49485
32776,long,458101,361139,180761
32836,long,515345,286628,198027
32896,short,395164,604815,21
32956,long,914334,83044,2622
33016,long,486689,486111,27200
33076,long,446845,286904,266251
33136,hold,356989,256085,386926
33196,long,366523,285860,347618
33256,long,367970,286790,345240
33316,long,366397,285215,348388
33376,long,502341,267759,229900
33436,short,354888,389631,255481
33496,long,369067,279491,351442
33556,hold,321595,312644,365761
33616,hold,336822,336110,327068
33676,hold,293647,261901,444452
33736,hold,321583,261734,416683
33796,hold,289969,254886,455145
33856,hold,305920,258772,435308
33916,hold,356746,295974,347280
33976,hold,358900,259054,382046
34036,long,530769,382549,86682
34096,long,437783,327234,234983
34156,long,393309,317713,288978
34216,long,366525,339325,294150
34276,long,460371,316373,223256
34336,long,380723,291329,327948
34396,long,494360,280794,224847
34456,hold,347482,292573,359945
34516,long,407095,321402,271503
34576,hold,306658,278963,414379
34636,hold,350042,272932,377026
34696,hold,290116,270228,439656
34756,hold,271095,255203,473702
34816,hold,290978,255358,453664
34876,hold,325816,320772,353412
34936,hold,296057,280692,423251
34996,hold,270189,250717,479094
35056,hold,236513,242041,521446
35116,hold,237981,230200,531819
35176,hold,320546,324280,355174
35236,hold,256455,278964,464581
35296,hold,237860,241195,520945
35356,hold,272495,293374,434131
35416,hold,260850,242943,496207
35476,short,317563,409103,273334
35536,hold,251167,248543,500290
35596,hold,281681,264500,453819
35656,hold,281008,263691,455301
35716,hold,304497,288941,406561
35776,hold,213080,224704,562216
35836,hold,265081,245699,489220
35896,hold,233156,239073,527771
35956,hold,272217,245458,482325
36016,hold,239880,222446,537674
36076,hold,250790,237877,511332
36136,hold,245954,242614,511432
36196,hold,220335,246651,533014
36256,hold,224402,232676,542922
36316,hold,272506,245859,481635
36376,hold,220298,225331,554371
36436,hold,210546,220311,569143
36496,hold,242589,248445,508967
36556,hold,233078,233264,533658
36616,hold,288133,242197,469670
36676,hold,227571,230336,542093
36736,hold,225220,237011,537768
36796,hold,217602,248708,533690
36856,hold,257046,235272,507682
36916,hold,219042,228229,552730
36976,hold,213675,221271,565054
37036,hold,210522,234911,554567
37096,hold,212478,238080,549442
37156,hold,224840,224340,550820
37216,hold,223844,233104,543052
37276,hold,261179,238515,500306
37336,hold,322833,283332,393835
37396,long,510230,440043,49727
37456,long,586114,283558,130328
37516,long,569673,375782,54544
37576,long,457518,317629,224853
37636,long,442804,310729,246467
37696,long,391565,299912,308523
37756,long,437464,307357,255178
37816,long,449412,328870,221718
37876,long,700157,227687,72156
37936,long,637047,316654,46299
37996,long,432655,305646,261699
38056,long,433810,293703,272487
38116,long,508917,309150,181933
38176,hold,356704,278443,364853
38236,short,293604,689458,16938
38296,long,676495,234275,89229
38356,long,579928,333514,86558
38416,long,549152,289364,161484
38476,long,718787,228527,52685
38536,long,512422,319722,167856
38596,long,482226,273830,243944
38656,long,378382,322099,299520
38716,short,329818,525509,144672
38776,long,523598,271779,204623
38836,long,361832,349622,288546
38896,hold,329293,313935,356772
38956,long,415001,274482,310516
39016,long,382104,268930,348966
39076,hold,353177,316135,330688
39136,hold,316040,278727,405234
39196,hold,306697,269369,423934
39256,hold,280308,239013,480679
39316,hold,273178,264470,462352
39376,hold,323734,272608,403658
39436,hold,336801,284774,378425
39496,hold,305741,268138,426121
39556,hold,286673,265052,448275
39616,hold,290710,262332,446958
39676,hold,295462,275836,428702
39736,long,420861,311563,267576
39796,long,587167,324283,88550
39856,long,524780,288788,186433
39916,long,380037,343382,276581
39976,long,458399,405116,136485
40036,long,463376,331754,204870
40096,hold,337887,320550,341563
40156,long,530685,284560,184755
40216,long,551116,330297,118587
40276,long,411267,324131,264602
40336,hold,344312,328280,327407
40396,hold,279391,255341,465268
40456,hold,344752,315609,339640
40516,hold,267003,268988,464009
40576,hold,297390,279665,422945
40636,hold,227883,228323,543795
40696,hold,262961,278064,458975
40756,hold,303469,299339,397192
40816,hold,266821,296108,437072
40876,hold,323647,286733,389620
40936,hold,264422,258022,477556
40996,hold,264438,249313,486249
41056,hold,248132,272068,479800
41116,long,389982,312534,297483
41176,long,417974,326578,255447
41236,long,380480,325583,293937
41296,long,412947,290543,296509
41356,hold,308511,295918,395571
41416,long,383564,309039,307398
41476,long,526862,419146,53993
41536,long,657042,313645,29312
41596,long,548162,375095,76742
41656,long,463872,299819,236308
41716,short,369628,372415,257957
41776,long,375254,277599,347147
41836,hold,318829,275091,406081
41896,hold,357290,302860,339850
41956,hold,323584,359238,317178
42016,hold,327851,288412,383737
42076,hold,302792,276778,420429
42136,hold,252656,258716,488628
42196,hold,295739,282841,421420
42256,hold,277750,272693,449556
42316,hold,267078,274371,458551
42376,hold,283102,255136,461762
42436,hold,266255,250535,483209
42496,hold,261724,263134,475142
42556,hold,309902,319592,370506
42616,long,365643,285124,349233
42676,short,399260,493526,107213
42736,long,448675,268245,283081
42796,long,365053,272256,362691
42856,hold,320071,274850,405079
42916,hold,349416,311136,339448
42976,hold,287473,279206,433321
43036,long,432633,244138,323229
43096,hold,240461,241198,518341
43156,hold,258570,240140,501290
43216,short,375192,383201,241607
43276,hold,289816,252891,457292
43336,hold,271060,252734,476206
43396,hold,350398,300462,349140
43456,hold,294807,308403,396790
43516,hold,259087,263614,477299
43576,hold,229101,226417,544481
43636,hold,246394,243511,510095
43696,hold,304363,269578,426058
43756,hold,286416,254198,459386
43816,hold,278750,259981,461269
43876,short,277537,368398,354065
43936,hold,271343,253878,474779
43996,hold,270190,274136,455674
44056,long,361945,275542,362513
44116,long,411148,373608,215244
44176,long,439444,351226,209330
44236,long,400959,305848,293192
44296,hold,299169,277509,423322
44356,long,640270,278330,81400
44416,long,454280,314886,230834
44476,long,423856,262603,313542
44536,hold,307742,266030,426228
44596,hold,303180,261408,435412
44656,hold,265388,283782,450830
44716,hold,272044,283468,444488
44776,hold,256446,244474,499080
44836,hold,268708,250612,480679
44896,hold,263768,264152,472080
44956,hold,223737,234173,542090
45016,hold,222282,232117,545600
45076,hold,226906,236889,536205
45136,hold,239944,245018,515038
45196,hold,288627,240139,471233
45256,hold,307145,312824,380030
45316,hold,252094,251564,496342
45376,hold,269437,289024,441539
45436,hold,212211,227091,560698
45496,hold,287605,279224,433171
45556,hold,282080,256435,461484
45616,hold,263645,274339,462015
45676,hold,284164,285679,430157
45736,hold,251952,271055,476994
45796,hold,263100,241412,495489
45856,hold,358221,303344,338435
45916,hold,334975,274942,390083
45976,long,374515,289484,336001
46036,long,451211,270380,278409
46096,hold,298279,272105,429616
46156,hold,276449,273934,449616
46216,hold,317405,263525,419070
46276,long,480368,454800,64833
46336,long,486655,323999,189346
46396,hold,342353,298541,359106
46456,hold,266836,288216,444948
46516,hold,339746,323060,337195
46576,hold,319222,256299,424479
46636,hold,343608,319276,337117
46696,hold,353487,274200,372313
46756,hold,278235,255276,466488
46816,long,382481,280490,337030
46876,long,456894,332044,211062
46936,short,332259,391172,276569
46996,long,439180,358723,202097
47056,long,397134,342517,260350
47116,long,440998,275456,283545
47176,long,572350,311029,116621
47236,long,614584,310135,75281
47296,long,422712,335549,241740
47356,long,430791,250638,318572
47416,long,528065,295853,176082
47476,long,783700,195151,21149
47536,long,659088,287680,53232
47596,long,809692,187195,3113
47656,long,865618,134337,45
47716,long,605203,327483,67314
47776,long,544562,254912,200526
47836,long,658496,253998,87506
47896,long,437975,357275,204750
47956,long,449309,306088,244603
48016,long,449914,394055,156031
48076,long,500734,365457,133809
48136,long,466846,270753,262402
48196,long,405983,318881,275136
48256,long,425877,306381,267742
48316,long,456746,275491,267763
48376,long,567547,354737,77717
48436,long,589227,369096,41677
48496,long,640211,318928,40860
48556,long,532528,323448,144024
48616,long,544226,322555,133219
48676,long,435077,303410,261513
48736,long,484065,360613,155322
48796,long,471868,283787,244345
48856,long,445048,395473,159479
48916,long,429212,291025,279763
48976,hold,319047,306099,374854
49036,long,367727,262589,369685
49096,long,373055,327988,298957
49156,hold,316708,252964,430328
49216,long,372411,303109,324480
49276,long,571988,308725,119287
49336,long,563388,280343,156269
49396,long,413929,288023,298047
49456,long,428035,271287,300678
49516,long,420480,305479,274041
49576,hold,312955,263548,423497
49636,hold,350078,326919,323003
49696,hold,317387,262942,419671
49756,long,407221,354451,238328
49816,long,415710,334133,250157
49876,long,525389,378345,96266
49936,long,615958,354113,29928
49996,long,466338,322760,210902
50056,long,459662,274159,266178
50116,short,361330,436005,202665
50176,long,718569,272175,9255
50236,long,619087,321525,59388
50296,long,599870,327819,72311
50356,long,468197,416956,114847
50416,long,384793,326838,288369
50476,hold,321755,283898,394347
50536,long,423254,244049,332697
50596,long,456372,290063,253565
50656,hold,294081,281168,424751
50716,hold,311948,285979,402074
50776,hold,309974,282267,407759
50836,long,391335,318585,290080
50896,hold,275132,288005,436862
50956,hold,290015,278548,431437
51016,hold,324933,263178,411890
51076,hold,310128,355507,334365
51136,hold,349240,334140,316620
51196,long,406102,368599,225299
51256,hold,294101,267382,438517
51316,long,548397,340742,110862
51376,long,465862,320856,213283
51436,long,428181,387103,184715
51496,long,480097,328265,191639
51556,long,407971,287595,304434
51616,hold,307487,305518,386995
51676,long,455487,269094,275419
51736,long,445122,340346,214532
51796,long,486428,312319,201254
51856,long,450485,344634,204881
51916,long,394382,379332,226286
51976,long,383041,379970,236989
52036,hold,312979,277426,409595
52096,hold,279724,255357,464918
52156,hold,296495,293520,409985
52216,hold,270849,289509,439642
52276,hold,305500,264815,429685
52336,hold,276526,254511,468964
52396,short,306617,416870,276513
52456,hold,322114,326147,351739
52516,long,367284,317970,314746
52576,long,365650,281947,352403
52636,hold,339603,278207,382190
52696,long,443371,367362,189267
52756,long,576948,293016,130036
52816,long,558556,289429,152015
52876,long,493498,257605,248897
52936,long,430378,302538,267083
52996,long,410194,309429,280376
53056,long,477122,293106,229772
53116,hold,346552,306756,346692
53176,long,481970,290018,228012
53236,long,375316,295557,329127
53296,hold,322460,294612,382927
53356,hold,309591,258642,431767
53416,long,462525,340701,196774
53476,hold,299686,271741,428572
53536,hold,281959,263608,454432
53596,hold,301797,253246,444957
53656,hold,308957,277765,413278
53716,long,384023,241894,374083
53776,hold,303743,257681,438575
53836,hold,280357,272761,446882
53896,hold,269037,251343,479620
53956,hold,253169,285402,461429
54016,hold,266298,248250,485452
54076,hold,303824,271282,424894
54136,long,444677,413676,141647
54196,long,567139,393783,39078
54256,long,680858,223832,95310
54316,long,516976,367106,115919
54376,long,445117,282082,272802
54436,long,469746,301816,228437
54496,long,468968,278458,252575
54556,long,442546,306353,251101
54616,long,423810,325863,250327
54676,hold,338598,349439,311963
54736,hold,326869,317202,355929
54796,hold,278950,250562,470488
54856,hold,288593,249800,461607
54916,hold,271399,302180,426421
54976,hold,281371,262360,456270
55036,hold,308280,255180,436540
55096,hold,267045,249404,483552
55156,hold,286054,279245,434701
55216,hold,232682,248920,518399
55276,hold,247411,231158,521431
55336,hold,219396,236238,544367
55396,hold,259429,229117,511454
55456,hold,235363,235603,529034
55516,hold,255487,251574,492939
55576,short,342029,400029,257942
55636,hold,289364,270884,439752
55696,hold,340075,323657,336268
55756,hold,280805,327539,391656
55816,hold,240345,241332,518323
55876,hold,253202,267515,479283
55936,hold,277113,245780,477107
55996,hold,245494,244910,509595
56056,hold,232251,238162,529587
56116,hold,221234,221365,557401
56176,hold,244916,238049,517036
56236,hold,241329,267336,491335
56296,hold,287049,253454,459497
56356,hold,245649,228407,525943
56416,hold,282597,292416,424987
56476,hold,243489,233050,523462
56536,hold,258764,238286,502950
56596,hold,243806,248305,507889
56656,hold,254078,278106,467816
56716,hold,277052,278495,444453
56776,hold,312351,305686,381963
56836,hold,263561,254407,482032
56896,hold,277088,270022,452890
56956,hold,318802,334702,346496
57016,hold,323223,283638,393139
57076,hold,327781,333576,338643
57136,hold,325570,348147,326283
57196,hold,269722,276154,454124
57256,hold,292702,248852,458446
57316,hold,261082,291659,447259
57376,hold,256812,242150,501038
57436,hold,322182,244941,432876
57496,long,566337,325811,107852
57556,long,363570,295192,341238
57616,hold,296308,317213,386479
57676,long,421947,317023,261030
57736,long,548477,248703,202819
57796,hold,323177,282913,393910
57856,hold,299832,282028,418140
57916,hold,331985,332169,335846
57976,long,371889,265285,362825
58036,hold,300975,332104,366921
58096,hold,292952,320679,386370
58156,hold,309459,251712,438828
58216,hold,288368,270034,441598
58276,hold,293783,264535,441682
58336,hold,266277,256771,476951
58396,hold,318596,293063,388341
58456,long,402188,300534,297278
58516,long,485424,296706,217870
58576,long,439567,345622,214811
58636,hold,335671,330321,334008
58696,hold,263507,258238,478255
58756,hold,268826,269150,462024
58816,hold,265026,253112,481862
58876,hold,274255,256531,469214
58936,hold,246167,242256,511576
58996,hold,289194,257000,453806
59056,hold,258695,308888,432417
59116,hold,327142,257927,414931
59176,hold,275914,241822,482264
59236,hold,327928,271875,400196
59296,hold,228575,226413,545012
59356,hold,231320,246087,522593
59416,hold,314761,298991,386248
59476,hold,219047,232052,548900
59536,hold,263685,270418,465897
59596,hold,212730,226969,560300
59656,hold,259945,249469,490587
59716,hold,253748,246134,500119
59776,hold,347605,313713,338682
59836,hold,290735,285290,423975
59896,long,445709,293633,260658
59956,long,432514,302848,264638
60016,hold,334485,274084,391431
60076,long,389219,268863,341918
60136,long,382009,343674,274317
60196,long,360899,283888,355214
60256,long,430772,336444,232784
60316,hold,294650,274551,430800
60376,hold,345776,277571,376653
60436,long,436961,292649,270391
60496,hold,286484,293473,420044
60556,hold,336724,295463,367812
60616,hold,282593,272338,445069
60676,long,469129,266884,263987
60736,hold,336361,294247,369392
60796,hold,285777,290927,423296
60856,hold,277726,277389,444885
60916,hold,247162,242952,509885
60976,hold,233256,264966,501778
61036,hold,284602,266870,448529
61096,hold,252852,251709,495439
61156,hold,235584,236119,528296
61216,hold,241693,235444,522863
61276,hold,335121,313159,351720
61336,long,834210,141071,24719
61396,long,548131,343761,108108
61456,long,477280,319924,202796
61516,short,420464,454729,124808
61576,long,468472,328951,202576
61636,long,406722,299721,293558
61696,short,346517,451973,201510
61756,long,362050,317651,320299
61816,hold,298582,240811,460606
61876,long,418261,281873,299866
61936,hold,320361,258085,421554
61996,hold,301770,313033,385197
62056,hold,313860,271656,414483
62116,hold,273657,259490,466853
62176,hold,278177,277216,444607
62236,long,403630,322137,274234
62296,hold,336808,303133,360059
62356,long,414891,362951,222158
62416,hold,342016,349274,308710
62476,hold,278588,262975,458437
62536,hold,269126,301455,429419
62596,hold,235941,229315,534745
62656,long,388241,287976,323783
62716,hold,315794,322398,361809
62776,long,401816,362650,235534
62836,long,455631,355824,188545
62896,long,449367,296141,254492
62956,long,380402,331833,287765
63016,long,368340,269761,361899
63076,hold,308913,298646,392441
63136,hold,327932,279185,392883
63196,hold,299217,347722,353061
63256,hold,294271,249583,456146
63316,hold,284174,248417,467410
63376,hold,242954,254089,502957
63436,hold,285901,290237,423862
63496,hold,271787,266542,461670
63556,hold,261776,270430,467793
63616,hold,282408,262236,455355
63676,hold,243334,233667,522999
63736,hold,259285,244288,496427
63796,hold,237177,242688,520135
63856,hold,255784,245703,498513
63916,hold,213263,241903,544835
63976,hold,239826,246768,513406
64036,hold,233626,239421,526953
64096,hold,286623,248489,464888
64156,hold,261862,245972,492166
64216,hold,280762,254243,464995
64276,short,418336,511155,70508
64336,long,410817,363312,225871
64396,long,386569,319985,293446
64456,short,361075,370143,268782
64516,long,370889,277139,351972
64576,long,405501,282396,312102
64636,long,510039,334239,155722
64696,hold,271693,288426,439881
64756,hold,319185,254585,426230
64816,hold,269449,292893,437658
64876,hold,225121,233171,541708
64936,hold,239867,272687,487445
64996,hold,213175,228688,558138
65056,hold,239507,252469,508024
65116,hold,242581,248877,508542
65176,hold,210085,228859,561057
65236,hold,254863,266224,478913
65296,hold,234988,233223,531789
65356,hold,209761,239630,550609
65416,hold,227109,248883,524009
65476,hold,210627,232410,556963
65536,hold,235772,251140,513088
65596,hold,226286,238475,535238
65656,hold,283405,261432,455163
65716,hold,279530,290690,429780
65776,hold,234488,236303,529209
65836,hold,252204,269262,478534
65896,hold,234119,237973,527909
65956,hold,220818,257239,521943
66016,hold,233547,254220,512233
66076,hold,227654,246397,525949
66136,hold,222404,256163,521433
66196,hold,297834,275181,426985
66256,hold,206240,225132,568629
66316,hold,228618,244405,526977
66376,hold,215176,240565,544258
66436,hold,232637,251561,515802
66496,hold,195810,216385,587805
66556,hold,197938,219342,582720
66616,hold,212773,239741,547486
66676,hold,214348,231716,553936
66736,hold,220461,226017,553522
66796,hold,245548,247869,506584
66856,hold,214485,251993,533523
66916,hold,190501,214635,594863
66976,hold,207327,227856,564817
67036,hold,236367,252318,511314
67096,hold,314642,290290,395068
67156,hold,215472,222843,561684
67216,hold,224811,243943,531246
67276,hold,228065,257379,514557
67336,hold,258370,282114,459517
67396,hold,264547,241846,493607
67456,hold,249534,273900,476565
67516,hold,215185,218253,566562
67576,hold,221879,239997,538124
67636,long,441706,255671,302623
67696,hold,338038,282464,379498
67756,hold,275530,294902,429568
67816,hold,268642,266036,465322
67876,hold,246731,250515,502755
67936,hold,234882,238911,526207
67996,hold,255289,262281,482430
68056,hold,252880,245126,501993
68116,hold,253182,250377,496441
68176,hold,292609,293911,413480
68236,hold,257285,248931,493784
68296,hold,237790,256070,506140
68356,hold,253466,251201,495334
68416,hold,226001,251885,522114
68476,hold,257818,265416,476766
68536,short,298028,452880,249092
68596,hold,300999,241945,457056
68656,long,479116,281885,238999
68716,hold,345558,302880,351563
68776,hold,358478,297402,344120
68836,hold,323397,283361,393242
68896,hold,247206,279149,473645
68956,hold,271999,262598,465403
69016,hold,260277,236564,503158
69076,hold,250760,239212,510027
69136,hold,235955,230468,533577
69196,hold,274391,284449,441159
69256,hold,246008,240644,513349
69316,hold,236473,232145,531382
69376,hold,225304,244275,530420
69436,hold,267325,232540,500135
69496,long,365832,281352,352816
69556,hold,339983,278244,381773
69616,hold,293300,262803,443897
69676,hold,308338,274472,417190
69736,hold,248727,247759,503514
69796,hold,238778,241525,519698
69856,hold,236384,245424,518193
69916,hold,309518,323960,366522
69976,hold,306490,269235,424275
70036,long,551615,306977,141409
70096,long,400347,303886,295767
70156,long,426142,300299,273560
70216,long,494257,352949,152795
70276,long,449947,327333,222719
70336,short,370061,379773,250166
70396,short,378650,425117,196233
70456,long,369494,265909,364598
70516,hold,260721,251343,487937
70576,hold,236936,255193,507871
70636,hold,355913,330411,313676
70696,hold,241670,271145,487185
70756,hold,268435,263728,467837
70816,hold,261470,256363,482167
70876,hold,284637,270197,445166
70936,hold,232845,236488,530667
70996,hold,217668,264727,517605
71056,hold,232388,242502,525110
71116,hold,219003,235814,545183
71176,hold,241031,265348,493622
71236,hold,240111,238795,521094
71296,hold,237798,244399,517803
71356,hold,228598,227910,543492
71416,hold,270025,241231,488744
71476,long,466783,307992,225225
71536,long,362859,293259,343882
71596,hold,290061,258383,451556
71656,hold,325683,277322,396995
71716,long,443999,441884,114117
71776,hold,320190,289815,389996
71836,hold,307596,253949,438456
71896,hold,249930,273088,476982
71956,hold,290300,272069,437632
72016,hold,287069,264253,448678
72076,hold,262705,251308,485987
72136,hold,274607,309083,416309
72196,hold,270866,299941,429193
72256,hold,222414,234637,542949
72316,hold,251283,250485,498232
72376,hold,257298,241286,501416
72436,hold,237900,243069,519031
72496,hold,220368,234962,544669
72556,hold,217158,267391,515452
72616,hold,228221,233577,538202
72676,hold,210836,241988,547177
72736,hold,249034,283050,467916
72796,hold,233807,241118,525075
72856,hold,253816,285898,460286
72916,long,461151,295646,243204
72976,hold,325602,355898,318501
73036,hold,327855,293728,378417
73096,hold,302462,303281,394256
73156,hold,316892,286447,396662
73216,hold,282382,255174,462443
73276,hold,303725,263521,432754
73336,hold,268321,258926,472753
73396,hold,246673,247431,505896
73456,hold,246462,263067,490471
73516,hold,260744,233569,505687
73576,hold,228992,244191,526817
73636,hold,228437,236358,535205
73696,hold,217802,228898,553300
73756,hold,228169,240883,530948
73816,hold,219375,231646,548979
73876,hold,195589,223333,581077
73936,hold,272679,286786,440535
73996,hold,233185,257145,509670
74056,hold,335870,250748,413381
74116,hold,255406,263159,481435
74176,hold,283029,270409,446562
74236,short,325209,393733,281059
74296,hold,314632,309912,375457
74356,long,442509,331939,225552
74416,long,702956,270891,26153
74476,long,458425,306069,235506
74536,long,531983,296416,171600
74596,long,390129,330978,278894
74656,long,604009,247728,148263
74716,long,397469,330854,271677
74776,hold,352923,324708,322369
74836,long,361588,315872,322540
74896,hold,288003,267799,444198
74956,hold,267956,290347,441697
75016,hold,228813,229607,541580
75076,hold,261633,248095,490272
75136,hold,257540,294160,448299
75196,hold,245435,247694,506871
75256,hold,205737,231182,563081
75316,hold,212188,229644,558167
75376,hold,227954,236516,535530
75436,hold,253260,285479,461261
75496,hold,220133,248411,531456
75556,hold,223367,237848,538785
75616,hold,196559,227335,576106
75676,hold,258452,259437,482111
75736,hold,249972,227246,522782
75796,hold,210675,220452,568873
75856,hold,238828,248133,513039
75916,hold,248159,243567,508273
75976,hold,205135,223926,570939
76036,hold,265774,239882,494343
76096,hold,201222,220859,577918
76156,hold,245375,265360,489265
76216,hold,196134,222878,580988
76276,hold,211583,224114,564303
76336,hold,204029,218844,577127
76396,hold,207410,223986,568604
76456,hold,221434,235849,542717
76516,hold,214162,224026,561812
76576,hold,215895,231743,552362
76636,hold,215279,246413,538307
76696,hold,235126,241874,523001
76756,hold,220882,230761,548358
76816,hold,220354,233927,545719
76876,hold,220522,237130,542347
76936,hold,199958,219175,580866
76996,hold,202807,216180,581012
77056,hold,221203,252222,526576
77116,hold,241149,235221,523629
77176,hold,231774,238101,530124
77236,hold,264048,238449,497503
77296,hold,245706,262257,492037
77356,hold,230188,252727,517085
77416,hold,234503,237637,527860
77476,hold,215360,234699,549941
77536,hold,197127,215143,587730
77596,hold,186064,211379,602557
77656,hold,197549,216188,586263
77716,short,317298,379979,302723
77776,hold,264583,273179,462238
77836,hold,327828,291100,381073
77896,hold,329858,248339,421804
77956,hold,320693,266512,412795
78016,hold,335251,273165,391584
78076,hold,302565,258141,439293
78136,hold,239339,243035,517625
78196,hold,257847,278979,463174
78256,hold,268413,271877,459710
78316,hold,273264,260271,466465
78376,hold,304109,259892,436000
78436,hold,290848,240342,468810
78496,hold,244305,261544,494152
78556,long,402465,360600,236935
78616,hold,347205,277386,375409
78676,long,523477,395539,80984
78736,long,455670,362239,182091
78796,long,414685,310775,274540
78856,hold,353159,258051,388789
78916,long,392887,315169,291944
78976,long,419048,293126,287826
79036,long,458164,281578,260258
79096,long,535020,353910,111071
79156,long,646566,266650,86784
79216,long,639021,297743,63236
79276,long,619603,336542,43856
79336,long,473262,316424,210315
79396,long,379874,313951,306176
79456,long,433500,310458,256041
79516,long,408339,301628,290033
79576,hold,343864,292665,363472
79636,long,526676,457491,15833
79696,long,799907,164650,35444
79756,long,477447,312236,210317
79816,long,699686,258960,41354
79876,long,644139,286983,68878
79936,long,406012,385299,208689
79996,long,422224,402848,174928
80056,long,456957,371296,171747
80116,long,803980,189330,6691
80176,long,667582,302122,30296
80236,long,565214,331515,103271
80296,long,521762,342778,135460
80356,long,512275,370878,116848
80416,long,438809,383662,177529
80476,long,533399,287797,178804
80536,long,375672,356498,267830
80596,long,433611,288423,277967
80656,long,371215,265432,363352
80716,hold,331781,259244,408975
80776,hold,328137,280016,391847
80836,hold,296152,312271,391577
80896,hold,350975,301878,347146
80956,hold,303878,251438,444684
81016,hold,323278,255228,421494
81076,short,329276,362573,308151
81136,long,452428,347477,200096
81196,hold,272381,266866,460753
81256,hold,352773,324678,322548
81316,hold,326567,335208,338225
81376,long,385807,309759,304434
81436,long,443100,283175,273725
81496,long,561213,321470,117316
81556,long,501294,476473,22233
81616,long,607573,327000,65427
81676,long,511619,321357,167024
81736,long,640203,323927,35870
81796,long,868595,126605,4799
81856,long,583603,398588,17809
81916,long,711218,256162,32620
81976,long,665298,270017,64685
82036,long,568513,229024,202463
82096,long,481237,275086,243677
82156,long,504449,328396,167155
82216,long,488132,272315,239554
82276,long,490314,280309,229377
82336,long,414297,314803,270899
82396,long,373137,325454,301410
82456,hold,356445,313700,329855
82516,long,379584,291391,329025
82576,long,363778,310895,325327
82636,long,452589,309648,237763
82696,hold,296783,285569,417648
82756,long,385221,329086,285693
82816,long,444484,378259,177257
82876,hold,291763,265522,442715
82936,long,613591,266047,120362
82996,long,641857,317595,40548
83056,long,489410,307184,203406
83116,long,570035,282982,146983
83176,long,444531,350775,204694
83236,long,447930,292935,259135
83296,long,587548,372246,40206
83356,long,542137,308279,149584
83416,long,474706,299947,225348
83476,long,367620,290707,341673
83536,hold,342707,271982,385310
83596,hold,341586,267581,390833
83656,long,883404,112023,4573
83716,long,828238,156805,14957
83776,long,715441,266064,18496
83836,long,707577,253026,39397
83896,long,645855,252244,101901
83956,long,564691,289755,145555
84016,long,555862,397430,46707
84076,long,614702,289512,95787
84136,long,594289,338069,67642
84196,long,465192,350532,184276
84256,long,486328,339950,173722
84316,short,378121,468848,153031
84376,long,531580,393794,74626
84436,long,512356,461003,26641
84496,long,551607,309728,138665
84556,long,543818,336687,119495
84616,long,491914,317739,190347
84676,long,662725,260710,76565
84736,long,466993,334782,198225
84796,long,504616,269760,225624
84856,long,429135,299962,270903
84916,long,430129,247801,322071
84976,hold,292407,288099,419495
85036,hold,347135,249160,403704
85096,long,420711,359267,220022
85156,long,454405,293228,252367
85216,short,355008,442604,202388
85276,hold,357541,275420,367039
85336,hold,336142,286319,377539
85396,long,366207,250671,383122
85456,hold,273674,251582,474744
85516,hold,252629,257769,489602
85576,hold,348421,312600,338979
85636,long,403638,355911,240451
85696,hold,292056,262555,445389
85756,hold,342720,315810,341471
85816,hold,343742,304793,351465
85876,long,385699,340995,273306
85936,hold,340670,327226,332104
85996,long,362773,300437,336790
86056,hold,304682,278705,416614
86116,hold,286832,277277,435890
86176,hold,322570,305785,371645
86236,hold,270482,246747,482771
86296,hold,321307,328134,350559
86356,long,428370,358438,213192
86416,hold,303051,294475,402473
86476,hold,307089,298475,394436
86536,hold,320736,275494,403769
86596,hold,353608,266485,379907
86656,hold,296112,259783,444104
86716,hold,290426,290617,418957
86776,hold,261113,259631,479256
86836,hold,308362,263029,428609
86896,hold,352879,287452,359669
86956,hold,287921,260478,451600
87016,hold,271261,236775,491964
87076,hold,278731,319470,401799
87136,hold,284813,281689,433498
87196,hold,322162,342779,335060
87256,long,402667,390685,206648
87316,long,388863,264749,346388
87376,long,682889,305574,11537
87436,long,727992,257656,14352
87496,long,693264,289910,16826
87556,long,640697,251036,108267
87616,short,397430,424658,177912
87676,long,477868,337432,184700
87736,long,434532,340905,224564
87796,long,406020,342502,251479
87856,long,541854,320909,137237
87916,long,442374,273628,283998
87976,long,487603,291150,221247
88036,long,455933,301478,242589
88096,long,435845,293855,270300
88156,hold,326255,352093,321652
88216,hold,318499,279422,402080
88276,long,582932,327124,89944
88336,long,418881,323996,257123
88396,long,561561,314362,124077
88456,long,459711,290687,249602
88516,long,403079,389576,207345
88576,long,379797,331429,288774
88636,long,420919,294558,284524
88696,long,397011,390695,212294
88756,long,746032,253669,299
88816,long,614812,359440,25748
88876,long,564991,353837,81172
88936,long,580524,358119,61358
88996,long,903061,96684,255
89056,long,688866,301836,9298
89116,long,604899,318346,76755
89176,long,629734,281696,88570
89236,long,574233,347630,78136
89296,long,527091,327411,145498
89356,long,602122,314654,83223
89416,long,862914,136790,296
89476,long,576047,308864,115089
89536,long,526468,334313,139219
89596,long,561998,343814,94188
89656,long,386270,264903,348827
89716,long,494317,325358,180325
89776,long,512415,332730,154854
89836,long,427063,402119,170818
89896,long,412795,312547,274658
89956,long,385718,384773,229509
90016,long,437076,288267,274657
90076,long,519091,324102,156807
90136,long,656384,265308,78308
90196,long,872299,126326,1375
90256,long,761564,227172,11264
90316,long,603748,321411,74841
90376,long,478583,465048,56369
90436,short,271889,718949,9162
90496,long,628115,281135,90751
90556,long,716891,222287,60822
90616,long,618724,235862,145414
90676,long,396059,279883,324058
90736,long,451725,346158,202116
90796,long,455554,281756,262690
90856,long,448505,394244,157251
90916,long,453648,317190,229162
90976,long,503891,251175,244934
91036,long,423467,339469,237064
91096,hold,328458,288807,382736
91156,hold,326903,334801,338296
91216,hold,309887,309630,380483
91276,hold,329921,356134,313945
91336,long,415861,287573,296566
91396,long,519081,298827,182092
91456,long,442185,351684,206131
91516,long,589750,299257,110993
91576,long,563271,327780,108949
91636,long,795821,193851,10328
91696,long,552836,359050,88115
91756,long,510213,355473,134313
91816,long,662587,292419,44994
91876,long,457216,342978,199806
91936,long,479150,350844,170006
91996,long,426365,344338,229297
92056,long,404910,304903,290186
92116,hold,327410,264682,407908
92176,long,439750,306364,253886
92236,long,391506,295864,312630
92296,long,499113,374452,126435
92356,long,536993,327085,135922
92416,hold,349386,286321,364293
92476,long,389054,293568,317379
92536,hold,357906,330002,312092
92596,long,421749,285922,292328
92656,long,378518,298279,323203
92716,long,412450,297300,290250
92776,long,382206,361389,256405
92836,long,403922,295752,300326
92896,long,408443,334934,256623
92956,long,533978,266934,199088
93016,long,541466,282899,175634
93076,long,582271,376148,41581
93136,long,568250,331340,100410
93196,long,738441,209640,51918
93256,long,615383,288953,95663
93316,long,464990,313310,221700
93376,long,501412,389441,109147
93436,long,455890,414290,129819
93496,long,540300,425577,34123
93556,long,540806,263203,195991
93616,short,110457,889543,0
93676,long,928849,69548,1603
93736,long,646326,316030,37644
93796,long,569342,306621,124038
93856,long,492009,285527,222464
93916,hold,297284,279217,423498
93976,hold,357522,303680,338798
94036,short,348621,371419,279960
94096,long,430896,332771,236333
94156,long,388977,375517,235506
94216,long,470851,336124,193025
94276,hold,353392,309705,336902
94336,hold,332404,308994,358602
94396,short,462251,474413,63336
94456,long,679744,242628,77628
94516,long,606907,381099,11994
94576,long,792228,201358,6414
94636,long,768454,195666,35880
94696,long,557639,359909,82452
94756,long,590842,313653,95505
94816,long,575331,377192,47477
94876,long,888772,109783,1445
94936,long,771362,200554,28085
94996,long,534777,303163,162060
95056,long,411423,342904,245673
95116,long,390947,308209,300843
95176,long,564433,291800,143768
95236,long,395755,278017,326228
95296,hold,348680,280818,370502
95356,hold,290355,236658,472987
95416,hold,312860,324097,363042
95476,hold,256395,234703,508902
95536,hold,325718,262295,411987
95596,hold,266717,254382,478901
95656,hold,338804,257015,404182
95716,hold,299324,283692,416984
95776,hold,327108,300980,371911
95836,hold,300233,258550,441218
95896,hold,294789,270496,434714
95956,hold,338837,278244,382919
96016,hold,355135,344158,300707
96076,long,422286,317457,260257
96136,hold,329740,286124,384136
96196,hold,299572,275648,424780
96256,hold,262793,249992,487215
96316,hold,222026,224174,553800
96376,hold,267674,243123,489203
96436,hold,314062,282881,403057
96496,hold,267873,237943,494183
96556,hold,280914,259135,459951
96616,hold,315617,275801,408582
96676,hold,279790,244124,476086
96736,hold,279014,256395,464591
96796,hold,249634,239902,510463
96856,hold,293631,306540,399829
96916,hold,229864,231584,538552
96976,hold,257681,242038,500281
97036,hold,257850,252865,489286
97096,long,372526,255148,372326
97156,long,442001,320109,237889
97216,long,483181,315948,200871
97276,long,371687,300776,327538
97336,long,662686,255421,81893
97396,long,424862,350788,224350
97456,long,535026,331746,133228
97516,long,626733,269312,103955
97576,long,531062,321472,147466
97636,long,620445,275532,104023
97696,long,398047,364183,237770
97756,long,443068,242278,314654
97816,long,669938,263122,66941
97876,long,618737,313587,67676
97936,long,542176,418354,39470
97996,long,520718,445265,34017
98056,long,421273,372058,206669
98116,long,468424,285898,245678
98176,hold,322623,290932,386445
98236,hold,318893,259432,421675
98296,hold,341475,262362,396163
98356,hold,321159,269772,409069
98416,long,386089,300000,313912
98476,long,558901,339811,101288
98536,long,686967,228011,85022
98596,long,505990,305607,188403
98656,long,481101,419914,98985
98716,long,561991,313183,124826
98776,long,803103,192061,4836
98836,long,746366,236742,16892
98896,long,594606,360840,44555
98956,long,690507,262714,46779
99016,long,608332,372477,19191
99076,long,674053,307870,18078
99136,long,640126,272888,86986
99196,long,565368,373065,61567
99256,long,529671,292713,177616
99316,long,521117,328844,150039
99376,long,589723,302910,107367
99436,long,846851,149236,3912
99496,long,501897,417751,80352
99556,long,442562,390003,167435
99616,long,383387,305076,311537
99676,short,383912,411752,204336
99736,long,367787,358357,273856
99796,hold,328435,302650,368915
99856,long,375904,355715,268381
99916,long,464110,293064,242826
99976,hold,359231,296388,344381
100036,long,367957,294040,338004
100096,long,475912,354974,169114
100156,long,596852,288898,114250
100216,long,873818,119956,6226
100276,long,607246,380776,11979
100336,long,663884,238215,97902
100396,long,470359,297695,231946
100456,short,457995,509178,32827
100516,long,537263,371462,91275
100576,long,464930,282333,252737
100636,hold,326049,269804,404146
100696,hold,321808,288333,389859
100756,long,438706,328300,232995
100816,long,437332,309777,252891
100876,long,389099,377722,233179
100936,long,461710,391688,146601
100996,long,533139,303027,163834
101056,long,440706,312146,247148
101116,long,412384,321275,266341
101176,long,408275,406365,185360
101236,long,382241,302874,314884
101296,short,421882,424111,154007
101356,long,581936,324615,93449
101416,long,377730,284101,338169
101476,hold,352109,307231,340660
101536,long,365427,324799,309774
101596,long,634993,325596,39412
101656,long,608937,352583,38480
101716,long,674589,286664,38748
101776,short,400450,439944,159605
101836,long,466268,344675,189057
101896,long,500764,365614,133622
101956,long,392407,351741,255852
102016,long,455678,270890,273432
102076,hold,266976,273275,459749
102136,long,362332,337169,300499
102196,hold,314585,288654,396761
102256,hold,294338,260026,445636
102316,long,409565,283251,307184
102376,long,379212,341807,278981
102436,hold,347254,277342,375404
102496,long,361183,267135,371682
102556,hold,335426,288250,376324
102616,hold,335539,271962,392499
102676,hold,312942,260442,426616
102736,hold,341972,331063,326966
102796,long,422273,278476,299251
102856,long,376105,335898,287997
102916,hold,343136,249574,407290
102976,hold,354203,291953,353844
103036,long,563716,270120,166164
103096,long,610640,306079,83280
103156,long,581741,358371,59888
103216,long,535148,330173,134679
103276,long,501176,387734,111091
103336,long,487542,399478,112980
103396,long,467328,308372,224299
103456,long,462916,269709,267375
103516,hold,339440,276566,383993
103576,hold,348105,331850,320045
103636,short,279688,360828,359484
103696,long,381988,326257,291755
103756,long,382244,355237,262519
103816,hold,293979,267707,438314
103876,hold,340840,290069,369092
103936,hold,319386,252452,428161
103996,hold,301876,280230,417894
104056,hold,264846,275996,459158
104116,hold,298761,258742,442497
104176,hold,312882,315469,371649
104236,hold,299785,278970,421246
104296,hold,292381,259946,447674
104356,hold,305520,286892,407588
104416,hold,324414,331615,343971
104476,hold,309535,263265,427200
104536,long,630601,282594,86805
104596,short,412673,430061,157266
104656,long,514503,289833,195665
104716,long,472664,288265,239071
104776,hold,351039,256231,392729
104836,hold,308104,354052,337844
104896,hold,336581,261364,402055
104956,long,363330,242090,394580
105016,hold,284434,255061,460505
105076,hold,278816,248661,472523
105136,hold,315404,294442,390154
105196,hold,232585,261235,506180
105256,hold,314338,287874,397788
105316,hold,267226,258804,473969
105376,hold,263617,243448,492935
105436,hold,222179,222009,555813
105496,hold,247678,247386,504936
105556,hold,287503,309837,402660
105616,short,345347,362126,292527
105676,hold,282607,261266,456127
105736,hold,248755,254860,496385
105796,hold,247021,246501,506477
105856,hold,245793,261076,493131
105916,hold,229071,240511,530418
105976,hold,325843,321281,352876
106036,hold,249496,242639,507864
106096,hold,250797,235514,513690
106156,hold,257972,246798,495230
106216,hold,257056,282836,460107
106276,hold,269066,249623,481312
106336,hold,240792,256819,502389
106396,hold,232024,231784,536192
106456,hold,240135,244116,515749
106516,hold,229376,232315,538309
106576,hold,247760,255047,497194
106636,hold,240239,240943,518818
106696,hold,332826,265343,401832
106756,hold,247314,234697,517988
106816,hold,224118,246189,529693
106876,hold,229271,229195,541534
106936,hold,217578,239419,543002
106996,hold,284670,272535,442795
107056,hold,279540,298979,421481
107116,hold,238117,246051,515832
107176,hold,327072,301049,371878
107236,long,467246,415188,117567
107296,long,493708,275714,230577
107356,long,367155,343045,289800
107416,long,369529,265971,364500
107476,long,379439,326571,293990
107536,long,515037,438992,45971
107596,long,524545,275490,199965
107656,long,393973,309865,296161
107716,short,419477,462961,117562
107776,long,447738,302475,249787
107836,long,397394,303456,299150
107896,long,453412,340327,206261
107956,long,447739,297800,254461
108016,hold,289727,300504,409768
108076,hold,328065,273960,397974
108136,hold,304577,283649,411774
108196,hold,294918,290806,414276
108256,hold,289161,282968,427871
108316,hold,333679,303042,363279
108376,hold,285634,266306,448060
108436,hold,353663,281321,365016
108496,hold,350499,312924,336577
108556,hold,305881,288175,405944
108616,hold,311616,278276,410108
108676,hold,303528,290777,405695
108736,long,427599,368594,203807
108796,long,460682,284700,254618
108856,long,566932,377233,55836
108916,long,447587,326306,226107
108976,short,366550,386389,247061
109036,long,366078,286543,347380
109096,long,448947,334105,216948
109156,hold,347748,296385,355868
109216,hold,341920,248075,410005
109276,hold,330474,246665,422861
109336,hold,312895,256156,430949
109396,hold,238948,234248,526804
109456,hold,259237,235458,505305
109516,short,379831,407474,212695
109576,long,389415,302006,308579
109636,hold,359183,301381,339436
109696,hold,299963,268259,431779
109756,hold,272947,235577,491476
109816,hold,315701,269200,415099
109876,long,400273,338003,261724
109936,hold,314308,266313,419380
109996,hold,279147,267120,453733
110056,long,377145,376058,246797
110116,hold,304037,303560,392402
110176,hold,336075,314725,349200
110236,hold,319390,255030,425580
110296,long,569983,267922,162095
110356,long,439862,370477,189661
110416,long,465261,370939,163800
110476,long,439047,317357,243596
110536,long,443315,286652,270033
110596,hold,323607,294956,381437
110656,hold,350293,271575,378132
110716,hold,286100,263113,450787
110776,hold,320451,316374,363175
110836,hold,303152,309033,387815
110896,hold,290544,280871,428585
110956,long,361955,264565,373480
111016,hold,333869,272160,393971
111076,hold,310292,284793,404915
111136,hold,299796,293723,406482
111196,hold,251363,248643,499994
111256,hold,312547,300838,386615
111316,hold,263073,264005,472923
111376,hold,255809,268698,475493
111436,hold,243054,242628,514317
111496,hold,255906,251250,492844
111556,short,326894,374522,298584
111616,hold,321479,267807,410714
111676,hold,309941,297684,392374
111736,long,413968,321835,264197
111796,hold,298247,273769,427984
111856,hold,342421,303730,353849
111916,hold,294135,261633,444231
111976,long,603783,354642,41576
112036,long,544226,397760,58014
112096,long,467596,266879,265525
112156,long,407099,311550,281351
112216,hold,357286,281185,361529
112276,hold,348022,320129,331848
112336,short,362323,363687,273990
112396,long,499737,279300,220963
112456,long,383052,282769,334179
112516,hold,280951,287542,431507
112576,hold,266691,244241,489068
112636,hold,293001,268664,438334
112696,hold,264795,287024,448181
112756,hold,274546,282520,442934
112816,hold,282781,262366,454852
112876,hold,253226,268249,478525
112936,short,388103,438218,173679
112996,long,404622,266932,328446
113056,hold,273623,262106,464271
113116,hold,296360,269528,434111
113176,short,423117,425234,151649
113236,long,549180,371144,79676
113296,long,628885,263506,107610
113356,long,490150,313147,196703
113416,hold,348703,284243,367054
113476,long,369798,271303,358899
113536,hold,289998,268211,441791
113596,hold,264256,258992,476752
113656,hold,315173,271249,413578
113716,hold,346499,307007,346493
113776,hold,254189,299962,445849
113836,hold,261151,268960,469889
113896,hold,287825,270664,441511
113956,hold,320847,273793,405360
114016,hold,256111,251596,492293
114076,hold,283089,283559,433353
114136,hold,308101,267617,424282
114196,hold,342147,304646,353207
114256,hold,326670,320723,352607
114316,hold,318078,284293,397629
114376,hold,248744,253699,497557
114436,hold,287677,239724,472600
114496,hold,293420,319572,387008
114556,long,385150,273367,341483
114616,long,501607,396484,101910
114676,long,369335,300404,330261
114736,long,409545,358111,232344
114796,hold,314347,259859,425794
114856,hold,297560,253069,449370
114916,hold,304073,271245,424683
114976,hold,318286,278343,403371
115036,hold,229870,265580,504550
115096,hold,295647,238205,466148
115156,hold,256298,250045,493657
115216,hold,231837,237888,530275
115276,hold,243200,275161,481639
115336,hold,226197,231851,541952
115396,hold,231124,231459,537417
115456,hold,209629,226508,563863
115516,hold,207046,230492,562461
115576,hold,209696,221845,568459
115636,hold,235952,254847,509200
115696,hold,217545,226061,556394
115756,hold,212451,228526,559023
115816,hold,245268,238187,516544
115876,hold,216356,233452,550192
115936,hold,211739,230770,557491
115996,hold,202515,218526,578959
116056,hold,227737,234970,537293
116116,hold,230618,231386,537996
116176,hold,217788,241537,540675
116236,hold,218863,250459,530677
116296,hold,207185,230038,562777
116356,hold,236046,253941,510013
116416,hold,229427,255660,514914
116476,hold,236052,248617,515331
116536,hold,225818,229944,544238
116596,hold,241228,242044,516727
116656,hold,259719,248969,491313
116716,hold,223319,235010,541671
116776,hold,221625,227092,551283
116836,hold,212138,234370,553492
116896,hold,231356,231250,537395
116956,hold,193841,216248,589911
117016,hold,191153,217346,591501
117076,hold,187802,215592,596606
117136,hold,192250,220235,587515
117196,hold,187272,215782,596945
117256,hold,187175,224442,588383
117316,hold,221754,259271,518976
117376,hold,289537,241782,468681
117436,hold,254179,254845,490976
117496,hold,265398,258407,476195
117556,hold,266935,256839,476226
117616,hold,303109,354765,342126
117676,hold,272658,249396,477947
117736,hold,317713,252103,430184
117796,hold,231085,234459,534457
117856,hold,210724,219803,569473
117916,hold,236268,241614,522118
117976,hold,270780,338951,390269
118036,hold,304552,246971,448477
118096,hold,304275,284400,411325
118156,long,421523,295611,282866
118216,hold,310824,274219,414956
118276,short,313129,365401,321470
118336,hold,326348,318579,355072
118396,hold,317784,332561,349655
118456,hold,294763,324468,380769
118516,hold,299366,317745,382889
118576,hold,278188,278605,443206
118636,hold,272447,272673,454881
118696,hold,257896,253611,488493
118756,hold,255664,255249,489087
118816,hold,307361,268085,424554
118876,hold,297505,244397,458098
118936,short,307676,431207,261117
118996,long,478029,285130,236841
119056,short,363661,370387,265952
119116,long,387692,286827,325481
119176,hold,319576,286854,393569
119236,hold,341794,285667,372540
119296,hold,341552,282052,376396
119356,hold,326112,235069,438819
119416,hold,321349,291640,387011
119476,hold,337818,260177,402005
119536,hold,321865,291327,386808
119596,hold,296323,239760,463917
119656,long,387689,281210,331101
119716,hold,299989,293132,406879
119776,long,378185,343587,278228
119836,hold,283914,256777,459309
119896,hold,270192,292516,437292
119956,hold,311807,271182,417012
120016,hold,300671,303197,396132
120076,hold,261146,247570,491284
120136,hold,343034,288831,368135
120196,hold,283827,257089,459084
120256,hold,328808,310086,361105
120316,long,378316,361204,260480
120376,long,478965,328245,192790
120436,long,375779,324937,299284
120496,long,363614,318107,318279
120556,hold,285178,306348,408473
120616,long,376483,336692,286825
120676,hold,286240,269140,444620
120736,hold,336719,302505,360776
120796,hold,298762,253199,448039
120856,hold,337844,309110,353047
120916,long,404314,278806,316880
120976,hold,275779,257063,467158
121036,hold,272159,276182,451659
121096,hold,334756,283015,382229
121156,hold,301290,268271,430439
121216,hold,266349,284888,448763
121276,hold,243206,237839,518956
121336,hold,240705,245130,514165
121396,hold,246760,254604,498636
121456,hold,314353,266257,419390
121516,hold,263720,239350,496930
121576,hold,238876,249272,511852
121636,hold,263328,268602,468071
121696,hold,311490,308253,380257
121756,hold,320669,308073,371258
121816,long,477308,288169,234523
121876,long,458766,332350,208884
121936,long,378749,296721,324530
121996,hold,357388,325344,317268
122056,long,362036,295544,342420
122116,long,401774,323678,274548
122176,hold,315158,343745,341097
122236,hold,319602,267173,413225
122296,hold,355352,255156,389492
122356,hold,310688,244406,444906
122416,hold,294347,301595,404058
122476,hold,279507,299114,421379
122536,hold,284162,288832,427006
122596,hold,303062,287372,409566
122656,hold,277081,262925,459994
122716,hold,245233,235618,519149
122776,hold,248371,250782,500847
122836,hold,256976,237740,505284
122896,hold,282376,284105,433520
122956,hold,260678,255837,483485
123016,hold,244818,260798,494384
123076,hold,277561,233217,489222
123136,hold,326232,272367,401401
123196,hold,339307,280056,380638
123256,long,559503,297946,142551
123316,hold,359275,357484,283241
123376,long,370364,270593,359043
123436,hold,339459,277831,382710
123496,hold,309220,269775,421006
123556,hold,312511,295126,392363
123616,hold,300436,242801,456763
123676,hold,276002,256624,467374
123736,hold,341784,251979,406237
123796,hold,253055,245576,501368
123856,hold,276161,247237,476602
123916,hold,270086,275645,454269
123976,hold,280640,244824,474536
124036,hold,338959,334614,326428
124096,hold,274909,275058,450033
124156,long,420091,266658,313251
124216,hold,332752,298028,369220
124276,hold,323127,262756,414117
124336,long,360763,273308,365929
124396,hold,320271,270274,409455
124456,hold,309627,286613,403759
124516,hold,284058,265563,450379
124576,hold,330297,284560,385143
124636,long,386472,328218,285311
124696,long,531999,366305,101696
124756,long,457715,376066,166219
124816,long,377455,326008,296537
124876,long,368859,325739,305403
124936,hold,345177,334902,319921
124996,long,362859,297748,339393
125056,hold,316216,286454,397329
125116,hold,286504,275430,438066
125176,hold,280066,284115,435819
125236,hold,264449,259432,476119
125296,hold,256051,282996,460953
125356,hold,280347,291641,428013
125416,hold,282879,263630,453491
125476,long,390452,297313,312236
125536,hold,257440,256419,486141
125596,hold,265315,271132,463553
125656,hold,260286,248857,490858
125716,hold,267755,246990,485254
125776,hold,275241,266356,458403
125836,hold,247589,249271,503140
125896,hold,346626,269299,384076
125956,long,386328,306475,307197
126016,long,475511,254583,269905
126076,hold,276162,284577,439261
126136,hold,314247,274952,410801
126196,hold,285726,252511,461763
126256,hold,287182,299937,412881
126316,short,393086,487783,119131
126376,long,403894,309199,286907
126436,long,374024,329812,296163
126496,hold,328749,279386,391865
126556,hold,251426,247656,500918
126616,hold,300689,253211,446100
126676,hold,246996,250125,502879
126736,hold,267975,292215,439810
126796,hold,293504,331043,375453
126856,hold,260082,277466,462452
126916,hold,276739,307659,415603
126976,hold,278858,251120,470021
127036,hold,271401,254688,473911
127096,hold,234838,241073,524089
127156,hold,272063,278264,449673
127216,hold,253499,255125,491377
127276,hold,250616,270182,479202
127336,hold,226075,258341,515585
127396,hold,308422,271799,419779
127456,hold,314155,249657,436187
127516,hold,265175,254112,480714
127576,long,373340,270558,356102
127636,hold,273680,264391,461929
127696,hold,264885,243496,491619
127756,long,370114,263998,365888
127816,hold,291298,289229,419473
127876,hold,315926,292100,391975
127936,hold,279531,256197,464273
127996,hold,285108,293945,420948
128056,long,530678,293106,176216
128116,long,423757,289295,286948
128176,long,413167,328068,258765
128236,long,432854,276607,290539
128296,long,468717,270128,261155
128356,long,360380,277693,361927
128416,hold,310721,275811,413468
128476,hold,318990,338888,342122
128536,hold,282674,245126,472200
128596,hold,341585,285860,372555
128656,hold,301476,262206,436318
128716,long,385371,298552,316077
128776,long,397447,307560,294993
128836,hold,294050,320467,385483
128896,hold,317931,256772,425298
128956,long,424211,316088,259701
129016,long,511856,449997,38147
129076,long,580516,267933,151550
129136,long,434058,304680,261262
129196,long,373674,319053,307272
129256,long,412939,328412,258649
129316,hold,351786,300016,348197
129376,long,450246,263383,286371
129436,hold,323129,266041,410830
129496,long,380656,369388,249956
129556,short,340085,502263,157652
129616,hold,324353,291143,384504
129676,hold,330297,282643,387060
129736,hold,276142,266999,456859
129796,hold,297956,266037,436007
129856,hold,299279,269285,431436
129916,hold,247563,254380,498057
129976,hold,287055,275186,437759
130036,hold,255303,284566,460131
130096,hold,312259,300970,386771
130156,hold,335489,296825,367686
130216,hold,317375,302231,380395
130276,hold,355417,272016,372568
130336,hold,315741,294349,389910
130396,long,389359,339880,270761
130456,long,563982,363302,72716
130516,short,351319,551770,96911
130576,long,420917,307951,271132
130636,long,402938,274159,322903
130696,long,377621,289384,332995
130756,hold,341090,295764,363147
130816,long,376180,302315,321505
130876,hold,263770,246842,489388
130936,hold,310428,290257,399315
130996,hold,330897,259167,409936
131056,hold,329445,285379,385177
131116,long,368816,284757,346427
131176,long,403444,341771,254784
131236,hold,319999,297281,382721
131296,hold,301223,279926,418852
131356,hold,299748,293575,406677
131416,hold,306389,310407,383203
131476,hold,298997,257748,443256
131536,hold,323566,301051,375382
131596,short,314631,568611,116758
131656,hold,310230,260717,429053
131716,hold,311279,246729,441992
131776,long,362465,333477,304058
131836,hold,339861,281965,378174
131896,long,617636,323413,58951
131956,long,427267,375585,197148
132016,long,422540,358903,218557
132076,short,373376,421592,205033
132136,long,478049,281119,240832
132196,hold,336822,259243,403935
132256,short,161903,838049,49
132316,long,929687,66133,4180
132376,long,613342,367782,18877
132436,long,602688,327882,69430
132496,long,503326,350327,146347
132556,long,424269,316724,259007
132616,hold,355136,298686,346178
132676,long,387101,274462,338438
132736,hold,287150,247520,465330
132796,hold,283486,252809,463705
132856,hold,286286,260921,452793
132916,hold,334660,268251,397088
132976,hold,324808,304595,370597
133036,hold,319013,263229,417758
133096,hold,334154,322357,343488
133156,long,366389,286659,346952
133216,long,428383,390972,180645
133276,long,523389,279156,197455
133336,long,631214,306274,62512
133396,long,581634,337962,80404
133456,long,432399,406726,160875
133516,long,466223,290541,243237
133576,long,364058,261637,374306
133636,long,407482,343226,249291
133696,long,415392,288680,295928
133756,hold,313670,324074,362256
133816,hold,320742,283489,395769
133876,hold,352917,292775,354308
133936,hold,328013,318526,353460
133996,hold,348917,303676,347407
134056,long,384887,296399,318714
134116,hold,351634,313015,335351
134176,hold,332450,274646,392904
134236,hold,273226,265935,460839
134296,hold,228132,256009,515860
134356,short,310273,424552,265175
134416,hold,331760,333082,335158
134476,long,360386,281119,358495
134536,long,466705,399328,133967
134596,long,670297,252203,77500
134656,long,485145,367719,147136
134716,long,466513,346171,187317
134776,long,663601,314513,21886
134836,long,521564,428844,49592
134896,long,666027,279623,54349
134956,long,510659,287516,201826
135016,long,464257,343972,191770
135076,long,467009,363572,169419
135136,long,425458,269562,304980
135196,hold,327043,256020,416937
135256,long,362648,288927,348425
135316,hold,290138,275558,434305
135376,hold,287600,254961,457439
135436,hold,323108,284143,392750
135496,hold,319438,270892,409670
135556,hold,294045,273330,432625
135616,hold,259919,247710,492371
135676,hold,233451,228755,537794
135736,hold,244721,245314,509965
135796,hold,273516,238939,487545
135856,hold,230684,266878,502438
135916,hold,272100,305635,422265
135976,hold,268382,291521,440098
136036,hold,251229,261472,487299
136096,hold,237464,232327,530209
136156,hold,337762,309762,352476
136216,long,385553,289156,325291
136276,hold,290542,264971,444486
136336,hold,292435,249048,458518
136396,hold,282786,265273,451941
136456,hold,277454,338477,384069
136516,hold,267633,274461,457906
136576,hold,248782,228897,522321
136636,hold,339203,292706,368091
136696,hold,316058,274493,409449
136756,hold,239264,255139,505597
136816,hold,287669,262434,449897
136876,hold,238957,235066,525977
136936,hold,280922,247463,471615
136996,hold,245287,241647,513066
137056,hold,259881,262238,477881
137116,hold,221621,252897,525482
137176,hold,219492,227290,553218
137236,hold,264604,255100,480296
137296,hold,260047,266346,473606
137356,hold,238691,237863,523446
137416,hold,274074,269475,456450
137476,hold,267873,251400,480727
137536,hold,241564,245813,512623
137596,hold,302791,294961,402248
137656,long,364461,360801,274738
137716,long,364776,314501,320723
137776,hold,298026,253064,448910
137836,long,380460,295360,324180
137896,long,639979,317108,42913
137956,long,793806,190129,16066
138016,long,561236,267240,171524
138076,long,752830,220089,27081
138136,long,635600,291851,72549
138196,long,682108,292155,25737
138256,long,708286,261576,30138
138316,long,501968,438726,59305
138376,long,472301,302419,225280
138436,long,509724,291187,199089
138496,long,648288,311581,40131
138556,long,600459,294641,104899
138616,long,555914,296661,147425
138676,long,780316,199950,19734
138736,long,515341,375483,109176
138796,long,540791,316447,142762
138856,long,468119,451194,80687
138916,long,532061,292606,175333
138976,long,561737,316012,122251
139036,long,587409,355020,57571
139096,short,178257,821723,20
139156,long,937056,62896,48
139216,long,652743,317909,29348
139276,long,696313,276871,26816
139336,long,573725,317664,108610
139396,long,662393,269018,68589
139456,long,543435,244504,212062
139516,long,376006,323936,300059
139576,hold,359319,303899,336782
139636,long,370524,336556,292920
139696,long,383467,302231,314302
139756,long,502111,360468,137421
139816,long,372580,342828,284592
139876,long,417503,309255,273242
139936,long,364845,314649,320506
139996,long,385496,299485,315019
140056,long,377696,266873,355431
140116,hold,350225,285184,364591
140176,long,414008,286851,299141
140236,hold,343595,305400,351005
140296,hold,335599,274168,390233
140356,short,337903,419845,242252
140416,short,372084,381558,246358
140476,short,414301,455332,130367
140536,long,604093,292618,103289
140596,long,625201,280832,93967
140656,long,450428,347297,202275
140716,long,621602,314073,64325
140776,long,573749,289773,136478
140836,long,573104,277270,149626
140896,long,560344,262752,176905
140956,long,425682,279319,294999
141016,long,461185,267774,271041
141076,long,562703,279630,157667
141136,long,558706,379742,61552
141196,long,565550,389779,44671
141256,long,586368,311224,102408
141316,long,561779,308837,129384
141376,long,556626,414266,29107
141436,long,554352,286869,158779
141496,short,371272,526235,102493
141556,long,515374,429882,54744
141616,long,463398,317856,218746
141676,hold,344737,264395,390868
141736,long,381348,355834,262818
141796,long,648676,331317,20006
141856,long,594405,318036,87559
141916,long,489633,316046,194322
141976,long,691512,258713,49774
142036,long,555082,323286,121633
142096,long,472393,344238,183369
142156,long,498658,394801,106541
142216,long,643351,353454,3195
142276,long,695918,265650,38432
142336,long,382414,274731,342855
142396,short,401067,423181,175751
142456,long,504432,305974,189594
142516,long,378928,297432,323640
142576,long,397124,287443,315433
142636,long,386785,343425,269790
142696,hold,313324,279548,407128
142756,long,396676,370467,232857
142816,hold,325633,264453,409914
142876,hold,263973,291170,444857
142936,hold,294713,263911,441376
142996,hold,319513,284926,395561
143056,long,416401,273614,309985
143116,long,364184,282188,353629
143176,hold,294124,313847,392029
143236,long,371553,256961,371486
143296,hold,346176,306996,346828
143356,long,514692,285018,200290
143416,long,695904,263514,40583
143476,long,531475,365481,103044
143536,long,723046,244483,32471
143596,long,601393,352057,46550
143656,long,418426,343704,237870
143716,long,461489,358909,179603
143776,long,429622,351100,219279
143836,hold,320459,270928,408613
143896,hold,340857,266160,392983
143956,hold,320899,279160,399941
144016,long,370333,338713,290954
144076,long,410974,286551,302475
144136,long,389986,321873,288142
144196,hold,350855,307491,341654
144256,hold,333727,328117,338157
144316,hold,329992,275763,394246
144376,hold,280026,322353,397621
144436,hold,334472,276225,389303
144496,long,434101,297853,268046
144556,long,396577,294300,309124
144616,hold,342173,317181,340646
144676,hold,320077,283890,396032
144736,long,440583,283448,275969
144796,long,365014,309847,325139
144856,long,568013,314698,117288
144916,long,599712,257243,143045
144976,long,402129,310413,287458
145036,long,390967,322332,286701
145096,long,453965,356895,189140
145156,long,406148,337637,256215
145216,hold,353006,282199,364795
145276,hold,247652,239640,512708
145336,long,367965,283903,348132
145396,hold,264996,262796,472208
145456,hold,305820,258302,435877
145516,hold,287691,257981,454328
145576,hold,274385,247234,478380
145636,hold,332194,288867,378939
145696,hold,282728,277687,439585
145756,hold,351609,276626,371765
145816,hold,282367,303127,414505
145876,hold,337828,308054,354118
145936,short,316254,379914,303831
145996,hold,272100,224617,503283
146056,hold,253100,246073,500827
146116,hold,226018,230137,543846
146176,hold,250041,265240,484718
146236,hold,308843,296174,394983
146296,long,439925,362178,197897
146356,long,459525,307777,232698
146416,long,416511,333115,250374
146476,hold,320293,268784,410923
146536,hold,267503,262291,470205
146596,hold,277526,291262,431213
146656,hold,330311,311314,358375
146716,long,378354,293163,328483
146776,hold,357757,285051,357192
146836,hold,300414,247880,451705
146896,hold,271401,271198,457401
146956,hold,283850,302660,413489
147016,long,444197,240676,315127
147076,long,366305,267776,365919
147136,long,400372,371196,228431
147196,long,374098,288386,337516
147256,hold,334814,278912,386274
147316,hold,293276,255327,451397
147376,hold,318567,270489,410944
147436,hold,279981,281109,438910
147496,hold,299718,318767,381514
147556,hold,293335,288370,418295
147616,long,370980,307253,321767
147676,long,368581,298463,332956
147736,long,426406,284874,288721
147796,long,371727,280205,348068
147856,long,397785,324164,278051
147916,hold,303351,359864,336785
147976,long,387595,319366,293040
148036,long,375305,302436,322259
148096,long,644314,235184,120501
148156,long,659130,237973,102897
148216,long,550709,246568,202722
148276,long,371143,292888,335969
148336,short,368180,409560,222260
148396,long,465845,272828,261327
148456,long,408615,300644,290740
148516,long,459513,365133,175354
148576,hold,357313,254639,388047
148636,hold,315526,246233,438240
148696,long,374310,284330,341360
148756,long,377228,324932,297841
148816,hold,298470,264718,436811
148876,hold,303709,279061,417230
148936,hold,313210,226408,460381
148996,hold,344776,301994,353230
149056,hold,300635,270174,429191
149116,hold,326149,284889,388961
149176,long,577541,307508,114951
149236,long,598318,299860,101823
149296,long,580192,288148,131661
149356,long,415076,308557,276367
149416,long,362044,360127,277829
149476,hold,315297,283908,400794
149536,hold,345591,256290,398119
149596,hold,341905,288785,369310
149656,hold,335254,270033,394713
149716,hold,299917,266996,433087
149776,hold,356511,314022,329467
149836,hold,323931,292692,383377
149896,hold,295902,275671,428427
149956,hold,320898,255428,423674
150016,hold,280296,259363,460341
150076,hold,287972,286379,425648
150136,hold,313283,260200,426517
150196,hold,308500,264741,426758
150256,hold,239295,288208,472497
150316,hold,297433,274457,428110
150376,hold,346159,302611,351230
150436,hold,338087,297038,364875
150496,hold,280054,279774,440171
150556,hold,324237,312213,363550
150616,long,476404,325374,198222
150676,long,549577,236666,213757
150736,long,388838,285936,325226
150796,hold,321973,278491,399536
150856,long,433726,384170,182104
150916,hold,350199,286873,362928
150976,hold,306611,306335,387055
151036,hold,351072,309085,339843
151096,long,376171,293847,329982
151156,hold,332382,282038,385581
151216,hold,346955,284724,368320
151276,hold,335643,270530,393827
151336,hold,300307,315317,384376
151396,hold,264258,259854,475888
151456,hold,286147,286823,427030
151516,hold,271899,272671,455430
151576,long,395320,285731,318949
151636,hold,310318,284370,405313
151696,hold,308668,275140,416192
151756,long,371544,311830,316626
151816,hold,289591,264300,446109
151876,hold,289643,285363,424994
151936,hold,287026,247528,465446
151996,hold,283017,249679,467304
152056,hold,355979,292470,351551
152116,long,402739,379397,217864
152176,hold,353898,273562,372540
152236,hold,352751,299635,347614
152296,long,638308,319036,42656
152356,long,490268,297762,211970
152416,hold,353461,280455,366084
152476,hold,335690,288256,376055
152536,hold,300581,258638,440782
152596,hold,278378,262793,458829
152656,hold,278240,247085,474674
152716,hold,269611,285492,444898
152776,hold,318701,290906,390393
152836,hold,276188,240627,483185
152896,hold,274505,242517,482978
152956,hold,221155,252735,526110
153016,hold,235678,239677,524646
153076,hold,264447,254541,481011
153136,hold,295976,265843,438181
153196,hold,304099,287964,407937
153256,hold,267918,260235,471847
153316,hold,234711,244411,520878
153376,hold,271200,280894,447906
153436,hold,296888,282210,420902
153496,long,382813,273174,344013
153556,short,360738,416334,222927
153616,hold,356113,317669,326217
153676,hold,318826,269989,411186
153736,hold,306122,316317,377561
153796,long,380977,259963,359060
153856,hold,327317,264039,408644
153916,hold,266169,234216,499615
153976,hold,251965,246326,501708
154036,hold,264248,256671,479081
154096,hold,244259,242002,513739
154156,hold,261073,264354,474573
154216,hold,256583,241970,501447
154276,hold,228532,231353,540115
154336,hold,252045,271955,476000
154396,hold,227745,238765,533489
154456,hold,234079,248488,517433
154516,hold,247217,251544,501239
154576,hold,263452,252006,484542
154636,hold,242497,245690,511813
154696,hold,226360,232880,540759
154756,hold,217290,230962,551748
154816,hold,218290,233875,547835
154876,hold,228213,232384,539402
154936,hold,238535,253328,508137
154996,hold,261122,256613,482265
155056,hold,233897,232970,533134
155116,hold,230978,235765,533256
155176,hold,233423,239660,526917
155236,hold,213609,235990,550401
155296,hold,234017,227676,538306
155356,hold,218400,243737,537863
155416,hold,232107,226373,541520
155476,hold,254847,280631,464523
155536,hold,218770,233637,547593
155596,hold,198668,221726,579605
155656,hold,263349,303176,433474
155716,hold,219489,248517,531994
155776,hold,224811,241568,533622
155836,hold,233203,233410,533387
155896,hold,234665,241569,523766
155956,hold,196099,217079,586822
156016,hold,218525,230207,551268
156076,hold,207339,239999,552662
156136,hold,251942,250970,497087
156196,hold,220554,239951,539495
156256,hold,198851,219871,581278
156316,hold,234769,262909,502322
156376,hold,219250,231460,549290
156436,hold,246712,269198,484089
156496,hold,275597,239249,485154
156556,hold,306560,244155,449285
156616,hold,259919,262641,477441
156676,hold,240326,246792,512882
156736,hold,206143,215107,578750
156796,hold,206462,232271,561267
156856,hold,209151,220104,570745
156916,hold,229018,234114,536868
156976,hold,231998,242744,525258
157036,hold,222404,236966,540630
157096,hold,216802,225652,557546
157156,hold,203351,222759,573890
157216,hold,205273,227364,567363
157276,hold,202590,232591,564819
157336,hold,195924,225262,578814
157396,hold,276471,280325,443204
157456,hold,240151,240176,519673
157516,hold,213930,230319,555751
157576,hold,248293,259704,492002
157636,hold,328549,327665,343786
157696,hold,275371,284991,439637
157756,hold,268266,297998,433736
157816,hold,263232,320334,416434
157876,hold,259668,249276,491056
157936,hold,254842,241722,503435
157996,hold,236566,232953,530481
158056,hold,210468,228810,560722
158116,hold,218738,225464,555799
158176,hold,249861,284706,465433
158236,hold,345757,260835,393408
158296,hold,289732,258251,452018
158356,hold,270033,289578,440390
158416,hold,290425,321491,388083
158476,long,486369,347349,166283
158536,long,388604,300496,310900
158596,hold,306724,277781,415495
158656,hold,291315,280488,428197
158716,hold,251486,256282,492232
158776,hold,276205,259024,464771
158836,hold,263361,256126,480513
158896,hold,223838,243874,532287
158956,hold,264858,278464,456677
159016,hold,257936,244263,497801
159076,hold,293742,319729,386530
159136,hold,323331,328394,348275
159196,long,373433,288906,337661
159256,short,395354,416039,188607
159316,long,473969,310475,215556
159376,hold,335761,290813,373426
159436,long,545355,343721,110924
159496,long,412304,297072,290623
159556,hold,288091,260636,451273
159616,hold,304477,289537,405986
159676,hold,247857,234347,517796
159736,hold,313481,254115,432404
159796,hold,249711,253282,497007
159856,hold,280822,277284,441894
159916,long,446904,367040,186057
159976,long,447842,283481,268677
160036,long,389521,311343,299135
160096,hold,243347,278893,477760
160156,hold,268545,238574,492882
160216,hold,300680,279684,419636
160276,hold,234073,229005,536922
160336,hold,244309,268741,486950
160396,hold,282935,259793,457272
160456,hold,256232,285280,458488
160516,hold,256769,245664,497567
160576,hold,252639,258873,488488
160636,short,377768,502844,119388
160696,long,475823,394155,130022
160756,short,349317,440115,210568
160816,long,468107,342628,189266
160876,hold,346490,349872,303639
160936,long,365665,302367,331968
160996,hold,269322,294440,436238
161056,long,370935,285150,343915
161116,hold,288401,256029,455570
161176,long,825722,164621,9657
161236,hold,323836,303154,373010
161296,long,505672,299753,194575
161356,long,418052,297866,284081
161416,long,375411,299662,324927
161476,hold,316700,255256,428044
161536,hold,251220,279245,469535
161596,hold,311328,295807,392865
161656,hold,268230,288874,442896
161716,hold,303304,260615,436081
161776,short,350618,519598,129784
161836,hold,302775,258702,438522
161896,long,388378,312550,299073
161956,hold,265511,259908,474581
162016,short,321452,393886,284663
162076,hold,280690,318612,400698
162136,long,807277,161896,30827
162196,long,536693,380540,82767
162256,long,426903,337650,235448
162316,hold,332014,325487,342499
162376,hold,298443,296401,405157
162436,hold,330183,239587,430230
162496,hold,324707,297720,377573
162556,hold,295424,270653,433923
162616,long,390916,265457,343626
162676,hold,254919,301786,443295
162736,hold,317018,313700,369282
162796,hold,300184,268879,430938
162856,hold,302258,284596,413146
162916,hold,302210,234660,463129
162976,long,442795,376321,180883
163036,hold,249772,260799,489429
163096,hold,314941,298988,386071
163156,hold,328670,306601,364729
163216,hold,318147,264115,417738
163276,long,367010,275026,357964
163336,hold,291955,260187,447858
163396,hold,282394,258761,458845
163456,hold,304303,288316,407381
163516,hold,285693,276038,438269
163576,long,421146,322284,256570
163636,hold,340173,326752,333075
163696,hold,286807,278312,434882
163756,hold,350339,324776,324885
163816,hold,334274,326331,339395
163876,hold,299399,257910,442691
163936,hold,279940,307705,412354
163996,hold,225254,233195,541551
164056,hold,325207,245818,428974
164116,hold,231967,229143,538890
164176,hold,310243,300251,389506
164236,short,297884,366808,335308
164296,long,382957,292886,324156
164356,hold,349037,254324,396639
164416,hold,266154,297674,436172
164476,hold,276572,277361,446067
164536,hold,279136,303120,417744
164596,hold,240174,253102,506724
164656,hold,291635,262170,446196
164716,hold,277625,290785,431590
164776,hold,266882,280650,452468
164836,hold,321855,341800,336346
164896,short,332225,499637,168139
164956,long,408320,279300,312380
165016,short,321588,651858,26554
165076,long,511963,383126,104911
165136,long,384358,304393,311249
165196,hold,274807,300113,425080
165256,long,411607,267869,320524
165316,hold,267879,270864,461258
165376,hold,296001,245266,458733
165436,hold,239663,218040,542297
165496,hold,312723,287965,399311
165556,hold,245053,270683,484264
165616,hold,297045,280892,422064
165676,hold,282870,256269,460861
165736,hold,248952,233627,517421
165796,hold,262977,273390,463633
165856,hold,255638,241719,502643
165916,hold,253364,244710,501926
165976,hold,242899,256909,500192
166036,hold,240222,255291,504487
166096,hold,282960,263364,453676
166156,hold,309371,276159,414469
166216,hold,251464,237894,510642
166276,hold,244672,243409,511919
166336,hold,280728,264990,454282
166396,hold,257112,260076,482812
166456,long,387312,321980,290708
166516,hold,247422,256838,495741
166576,hold,248985,231746,519270
166636,hold,277874,248437,473689
166696,hold,210404,213938,575658
166756,hold,236014,239816,524170
166816,hold,210089,232598,557314
166876,hold,222513,242255,535232
166936,hold,267673,301985,430342
166996,hold,274095,265758,460147
167056,hold,237774,251685,510541
167116,short,333309,399204,267487
167176,long,449520,257154,293325
167236,hold,237076,224792,538133
167296,hold,254540,245036,500424
167356,hold,265577,243931,490493
167416,hold,281882,245827,472291
167476,hold,271186,250968,477846
167536,hold,253432,287321,459247
167596,hold,235729,231285,532985
167656,hold,221027,223687,555286
167716,hold,241124,236652,522224
167776,hold,237336,246172,516493
167836,hold,289321,281027,429653
167896,hold,275858,269051,455091
167956,hold,268630,247488,483882
168016,hold,254989,281394,463617
168076,hold,279666,300047,420286
168136,hold,239338,257152,503510
168196,hold,219376,232286,548338
168256,hold,248045,242482,509473
168316,hold,243105,255539,501356
168376,hold,281760,261488,456752
168436,hold,336042,281999,381958
168496,long,360613,335464,303924
168556,long,387235,343178,269587
168616,long,378829,283185,337986
168676,hold,300532,296189,403279
168736,hold,275014,292321,432664
168796,hold,262971,282819,454210
168856,hold,280359,310480,409161
168916,hold,255916,251211,492873
168976,hold,278494,275689,445817
169036,hold,270857,253043,476100
169096,hold,252360,242390,505250
169156,hold,311500,266081,422418
169216,hold,355380,285816,358804
169276,hold,336709,293005,370286
169336,long,437039,278588,284373
169396,long,430389,300318,269293
169456,long,436790,281038,282172
169516,hold,288382,251560,460059
169576,hold,276390,258704,464906
169636,hold,273546,286180,440274
169696,hold,270412,246226,483363
169756,hold,256047,226469,517484
169816,hold,228055,234232,537713
169876,hold,264395,277697,457908
169936,hold,283313,263955,452733
169996,short,378229,435631,186140
170056,long,394379,282607,323014
170116,hold,333035,254409,412556
170176,hold,240372,242991,516637
170236,hold,294600,241168,464232
170296,hold,228246,233167,538587
170356,hold,249684,251665,498652
170416,hold,224279,242876,532844
170476,hold,278330,257006,464664
170536,hold,249762,262638,487600
170596,hold,269927,335889,394184
170656,hold,266677,264364,468960
170716,hold,331624,350340,318036
170776,long,360116,343491,296393
170836,hold,278693,245122,476185
170896,hold,281986,269118,448896
170956,long,386540,310127,303333
171016,hold,340818,289755,369426
171076,hold,290163,277445,432392
171136,hold,295088,283372,421541
171196,hold,355519,351555,292925
171256,long,409578,302491,287932
171316,long,398379,315242,286379
171376,hold,259667,282595,457738
171436,hold,274424,244244,481332
171496,hold,265881,251586,482534
171556,hold,271920,253750,474331
171616,hold,286105,282972,430923
171676,hold,288211,283998,427791
171736,hold,238380,235384,526236
171796,hold,253274,249836,496889
171856,hold,258563,258221,483216
171916,hold,241855,244446,513700
171976,hold,218358,243205,538437
172036,hold,243497,278801,477702
172096,hold,274971,303460,421570
172156,long,438240,285101,276659
172216,long,578787,288663,132550
172276,long,410862,274766,314372
172336,hold,358878,295409,345713
172396,hold,315628,266574,417799
172456,hold,299562,304834,395604
172516,hold,306288,288973,404739
172576,short,300969,410594,288437
172636,hold,292037,260385,447579
172696,hold,307751,294522,397727
172756,hold,309759,262871,427370
172816,hold,252278,238593,509129
172876,hold,223621,250124,526255
172936,hold,265441,244634,489926
172996,hold,266212,266988,466799
173056,hold,253931,254434,491634
173116,hold,228313,237741,533945
173176,hold,242470,241602,515928
173236,hold,238070,234618,527312
173296,hold,231636,240113,528250
173356,hold,211753,231696,556551
173416,hold,272718,284538,442743
173476,hold,330093,302791,367116
173536,hold,272583,281134,446282
173596,hold,306055,300059,393886
173656,long,462083,326815,211102
173716,short,315575,575785,108640
173776,long,379828,339612,280560
173836,hold,268541,258180,473279
173896,hold,334169,246815,419015
173956,hold,333386,317161,349453
174016,hold,334969,297224,367807
174076,hold,299531,286173,414295
174136,hold,309226,263953,426822
174196,hold,296152,261815,442034
174256,hold,246231,261225,492544
174316,hold,317856,308617,373527
174376,hold,294985,268580,436436
174436,hold,279092,339549,381359
174496,hold,248915,236729,514356
174556,hold,249942,256473,493585
174616,hold,248624,239850,511526
174676,hold,318377,288742,392882
174736,hold,275077,279197,445726
174796,hold,247892,251612,500496
174856,hold,241321,256635,502045
174916,hold,237792,252754,509454
174976,hold,246107,242257,511636
175036,long,363669,269871,366460
175096,hold,355325,316459,328215
175156,hold,340977,305691,353332
175216,long,400641,321751,277607
175276,hold,345821,262767,391412
175336,hold,230877,259470,509654
175396,hold,312003,250935,437061
175456,hold,282778,285423,431799
175516,hold,219634,225639,554727
175576,hold,301008,249087,449905
175636,hold,249181,281981,468839
175696,hold,211703,238697,549600
175756,hold,250448,253997,495555
175816,hold,233666,247221,519113
175876,hold,211723,222189,566088
175936,hold,223393,226972,549636
175996,hold,221113,236200,542687
176056,hold,231873,244476,523652
176116,hold,230446,229188,540366
176176,hold,244632,236410,518959
176236,hold,235244,242706,522050
176296,hold,230690,239724,529586
176356,hold,265275,231780,502944
176416,hold,247472,247953,504575
176476,hold,209918,228024,562058
176536,hold,207407,230744,561849
176596,hold,224840,251482,523678
176656,hold,221618,225004,553378
176716,hold,289498,273816,436686
176776,hold,221544,229305,549151
176836,hold,218101,229759,552140
176896,hold,207931,237638,554431
176956,hold,205148,219664,575188
177016,hold,247399,228231,524370
177076,hold,204560,231063,564377
177136,hold,276312,253851,469837
177196,hold,267193,255492,477315
177256,hold,322762,299682,377556
177316,hold,300908,244548,454544
177376,hold,253791,254360,491849
177436,hold,233644,236862,529494
177496,hold,265121,255869,479011
177556,hold,250669,262275,487056
177616,hold,262319,287715,449966
177676,hold,300213,260579,439208
177736,hold,265642,266696,467661
177796,hold,263917,254676,481407
177856,hold,238824,256556,504619
177916,hold,227460,226891,545649
177976,hold,241381,250638,507981
178036,hold,237110,259984,502906
178096,hold,240943,247013,512044
178156,hold,224274,229339,546387
178216,hold,226590,230058,543352
178276,hold,210286,227106,562608
178336,hold,225623,276439,497938
178396,hold,205530,227085,567385
178456,long,390292,298113,311595
178516,long,398470,302847,298683
178576,hold,359398,274888,365714
178636,hold,302733,275631,421636
178696,long,454194,310792,235014
178756,hold,289728,266588,443684
178816,hold,293224,259198,447578
178876,hold,228620,257726,513654
178936,hold,231383,252215,516402
178996,hold,260903,277904,461194
179056,hold,236775,248353,514872
179116,hold,255876,256277,487847
179176,hold,230319,231532,538149
179236,hold,262906,238630,498465
179296,hold,284200,270915,444885
179356,hold,280439,266014,453547
179416,long,457178,311025,231797
179476,long,413424,314455,272120
179536,hold,287287,271003,441711
179596,hold,266759,242379,490862
179656,hold,256921,274848,468231
179716,hold,266924,261768,471307
179776,hold,287720,237705,474575
179836,hold,269779,285872,444349
179896,hold,291257,256844,451900
179956,hold,256961,242813,500227
180016,hold,290195,279431,430374
180076,hold,286153,274241,439606
180136,hold,341770,258250,399980
180196,hold,266224,246425,487351
180256,hold,226338,230207,543454
180316,hold,234376,244358,521266
180376,hold,231169,236668,532162
180436,hold,232710,255407,511883
180496,hold,262552,253790,483658
180556,hold,231359,231415,537225
180616,hold,223519,244480,532001
180676,hold,254881,239407,505712
180736,hold,262557,250187,487256
180796,hold,273236,260742,466022
180856,hold,350550,307967,341483
180916,long,373213,295575,331212
180976,short,357715,443550,198735
181036,hold,320284,246983,432733
181096,hold,298112,271585,430303
181156,hold,257038,264823,478139
181216,hold,257638,252320,490042
181276,hold,272777,258893,468330
181336,hold,322473,316081,361446
181396,hold,356033,314703,329264
181456,hold,316940,309303,373757
181516,hold,348920,296307,354774
181576,long,377103,314811,308086
181636,hold,301081,247714,451204
181696,hold,272174,277129,450697
181756,hold,275734,282466,441800
181816,hold,237227,258396,504376
181876,hold,237139,248508,514353
181936,hold,220346,245526,534128
181996,hold,226162,236096,537742
182056,hold,243792,256656,499552
182116,hold,214471,235276,550253
182176,hold,233600,239076,527324
182236,hold,251996,238753,509251
182296,hold,322443,309973,367585
182356,hold,306661,244186,449153
182416,hold,325726,325763,348511
182476,hold,298692,265830,435478
182536,long,466786,351511,181703
182596,long,409830,302437,287733
182656,long,406124,268533,325343
182716,hold,268295,286369,445336
182776,hold,313260,269723,417017
182836,hold,260106,278488,461406
182896,hold,275501,256933,467567
182956,long,460430,450266,89304
183016,long,361771,299072,339157
183076,hold,307540,352782,339678
183136,hold,312256,297649,390095
183196,hold,294352,255872,449777
183256,hold,239247,256716,504037
183316,hold,217328,248165,534506
183376,hold,295797,291685,412518
183436,hold,254515,247951,497534
183496,hold,229418,238611,531971
183556,hold,232369,243755,523876
183616,hold,239583,241551,518866
183676,hold,262606,242810,494585
183736,hold,335310,276688,388003
183796,hold,331341,324673,343986
183856,long,547579,290894,161527
183916,hold,292095,262410,445494
183976,hold,356718,280795,362488
184036,hold,300505,272637,426858
184096,long,373372,362872,263757
184156,long,466731,377463,155806
184216,long,603815,252810,143375
184276,hold,314247,278107,407646
184336,hold,328840,302560,368599
184396,long,384212,294636,321152
184456,hold,303062,285732,411206
184516,hold,290745,268849,440406
184576,hold,276965,256335,466700
184636,hold,256474,253020,490506
184696,hold,233798,257137,509064
184756,hold,252549,309188,438263
184816,long,383272,295338,321391
184876,long,541004,325055,133941
184936,long,361056,321006,317937
184996,hold,267615,252358,480028
185056,long,409623,283872,306505
185116,hold,262435,267527,470039
185176,long,392768,331076,276156
185236,long,504903,291455,203642
185296,long,409967,333825,256209
185356,hold,307460,262352,430187
185416,hold,292672,284976,422352
185476,hold,312790,327106,360104
185536,hold,234096,249121,516783
185596,hold,256146,251314,492540
185656,hold,269476,233595,496929
185716,hold,240494,244658,514848
185776,hold,227792,256603,515604
185836,hold,250371,236087,513542
185896,hold,220505,224988,554506
185956,hold,225819,230626,543555
186016,hold,237942,263305,498753
186076,hold,213102,226809,560089
186136,hold,265334,264336,470330
186196,hold,295967,289539,414494
186256,hold,289856,263267,446876
186316,hold,346269,269456,384275
186376,hold,247646,267667,484688
186436,hold,290857,267605,441537
186496,hold,231751,250437,517812
186556,hold,226513,230668,542819
186616,hold,247757,243152,509091
186676,hold,258145,257672,484182
186736,hold,250629,232861,516510
186796,hold,247259,260943,491799
186856,hold,276734,265491,457774
186916,hold,250637,227271,522092
186976,hold,217151,237040,545810
187036,hold,253468,276501,470031
187096,hold,276590,266299,457111
187156,short,412882,494352,92766
187216,long,453930,330393,215677
187276,long,415521,283216,301263
187336,long,362517,261053,376430
187396,hold,345575,280997,373428
187456,hold,256380,274015,469604
187516,hold,273582,275139,451280
187576,hold,273488,243727,482786
187636,hold,311367,282497,406136
187696,hold,321099,293349,385553
187756,short,336631,389351,274019
187816,hold,242333,265645,492022
187876,hold,268140,265867,465993
187936,short,289231,364161,346609
187996,hold,288026,270305,441669
188056,long,440007,358487,201506
188116,hold,279081,338935,381984
188176,long,453707,332981,213312
188236,hold,344815,315506,339679
188296,hold,333501,289522,376977
188356,hold,298882,279279,421839
188416,hold,282003,246953,471043
188476,hold,289709,253542,456749
188536,long,395575,309309,295116
188596,hold,331526,259801,408673
188656,hold,302205,302706,395089
188716,short,319206,367076,313718
188776,long,388913,292147,318940
188836,hold,316142,286101,397757
188896,hold,275153,260016,464831
188956,hold,259163,245812,495024
189016,hold,258141,259950,481909
189076,short,426064,456616,117320
189136,long,529488,268834,201678
189196,hold,288300,259100,452600
189256,hold,322868,273066,404066
189316,hold,258145,271266,470589
189376,long,373389,292577,334033
189436,hold,311414,332427,356159
189496,long,480419,305661,213919
189556,long,649131,282870,67999
189616,long,434645,321362,243992
189676,hold,257240,261034,481725
189736,long,601723,276288,121988
189796,long,561531,260827,177642
189856,long,377729,273522,348749
189916,hold,325864,321295,352841
189976,hold,285285,262359,452356
190036,hold,223146,250770,526084
190096,hold,332169,325386,342445
190156,long,389744,315037,295220
190216,long,397787,259684,342529
190276,long,367772,264189,368040
190336,hold,334019,279307,386674
190396,hold,269828,298830,431342
190456,hold,271696,272414,455890
190516,hold,255573,268220,476207
190576,hold,257462,249562,492977
190636,hold,265839,247963,486198
190696,hold,285707,309024,405269
190756,hold,249844,253104,497051
190816,hold,271170,273081,455749
190876,long,410281,273410,316309
190936,short,448137,460299,91564
190996,short,343933,420475,235592
191056,short,343750,491143,165107
191116,long,366030,258807,375164
191176,hold,329864,340483,329654
191236,hold,274965,271498,453537
191296,hold,342076,279791,378133
191356,hold,332343,270518,397139
191416,hold,342304,270298,387398
191476,hold,296258,268128,435614
191536,hold,272941,246350,480708
191596,hold,327474,305480,367046
191656,hold,331427,274651,393922
191716,hold,258615,259301,482084
191776,hold,260323,273012,466665
191836,hold,228022,236846,535131
191896,hold,239734,245177,515089
191956,hold,267149,260499,472352
192016,hold,324986,306669,368344
192076,long,368730,266454,364815
192136,hold,239363,271168,489469
192196,hold,287487,288822,423692
192256,hold,248022,254861,497117
192316,hold,288155,261066,450780
192376,long,483309,385137,131554
192436,long,398666,301874,299459
192496,hold,303592,283932,412477
192556,long,378524,302875,318601
192616,hold,342726,302022,355251
192676,hold,285046,255466,459488
192736,hold,262563,233448,503990
192796,hold,265286,267332,467382
192856,hold,224999,227511,547489
192916,hold,241216,263512,495272
192976,hold,270238,278242,451520
193036,hold,248988,242295,508717
193096,hold,321098,294593,384309
193156,hold,273975,248781,477244
193216,hold,284798,252575,462627
193276,hold,255973,242759,501267
193336,hold,305624,271059,423318
193396,hold,284737,239955,475308
193456,hold,305061,261886,433053
193516,hold,295145,260678,444177
193576,hold,350427,253167,396405
193636,hold,287936,286893,425171
193696,hold,272699,271300,456001
193756,hold,291300,283406,425294
193816,long,526463,355915,117621
193876,long,449834,296608,253558
193936,hold,324007,300166,375827
193996,hold,314885,303735,381380
194056,hold,326303,298979,374718
194116,long,417511,302138,280351
194176,long,376069,293642,330289
194236,hold,347660,313339,339001
194296,hold,346355,338149,315497
194356,hold,289882,258088,452030
194416,hold,326914,331581,341505
194476,hold,317186,276822,405991
194536,hold,269448,275436,455115
194596,hold,338173,243080,418747
194656,hold,275238,259288,465474
194716,hold,249831,262370,487799
194776,hold,273882,250034,476084
194836,hold,263177,257778,479045
194896,hold,348110,352793,299098
194956,hold,275485,295670,428845
195016,hold,277329,277104,445566
195076,hold,255824,265523,478654
195136,hold,279794,285381,434825
195196,hold,239555,239387,521057
195256,long,395891,302300,301810
195316,hold,298182,317276,384542
195376,hold,298426,303289,398285
195436,hold,343241,263751,393007
195496,hold,273091,257016,469893
195556,hold,298446,258458,443096
195616,hold,248101,239961,511938
195676,hold,334047,329655,336297
195736,hold,286557,275547,437897
195796,hold,250302,299596,450102
195856,hold,295039,328550,376411
195916,hold,319127,258220,422653
195976,hold,320552,262457,416991
196036,hold,272029,281419,446552
196096,hold,246248,258573,495179
196156,hold,221078,235572,543350
196216,hold,225221,231814,542965
196276,hold,213463,227371,559166
196336,hold,228859,248246,522895
196396,hold,288477,247037,464486
196456,hold,277200,256924,465875
196516,hold,253898,239392,506710
196576,hold,247513,263811,488676
196636,hold,264985,268392,466623
196696,hold,267789,258516,473695
196756,hold,257988,290611,451401
196816,hold,230988,234600,534412
196876,hold,230924,239379,529697
196936,short,313093,434302,252605
196996,hold,239990,233124,526885
197056,hold,230130,250027,519843
197116,hold,255840,268607,475552
197176,hold,307078,267852,425070
197236,hold,254576,275319,470105
197296,hold,227560,239930,532510
197356,hold,253390,246266,500344
197416,hold,227193,239783,533024
197476,hold,245426,257385,497189
197536,hold,213198,227164,559638
197596,hold,188531,220435,591034
197656,hold,217888,245005,537107
197716,hold,225199,231840,542961
197776,hold,262082,305453,432466
197836,hold,242033,274506,483462
197896,hold,245892,265015,489094
197956,hold,199481,224947,575571
198016,hold,229984,234251,535765
198076,hold,194373,235394,570233
198136,hold,282483,268718,448799
198196,hold,343167,324795,332038
198256,hold,325609,307372,367019
198316,hold,329283,305483,365234
198376,long,563806,302089,134105
198436,long,390676,374816,234508
198496,long,466744,282897,250359
198556,hold,283779,272384,443837
198616,long,375528,287188,337284
198676,short,363899,450159,185942
198736,short,365614,410552,223833
198796,long,557474,297808,144718
198856,hold,359007,316904,324090
198916,long,373949,306257,319795
198976,long,474413,401217,124370
199036,long,485384,356593,158023
199096,short,388880,392465,218655
199156,long,386517,292037,321445
199216,hold,330326,317982,351691
199276,hold,320372,278884,400744
199336,hold,305204,271860,422935
199396,hold,316039,281098,402863
199456,hold,301355,312568,386076
199516,hold,319904,279355,400740
199576,hold,345434,323046,331520
199636,hold,296782,328057,375161
199696,hold,340393,283367,376240
199756,short,340276,370935,288789
199816,hold,337008,298927,364065
199876,long,420886,270715,308399
199936,hold,301302,286183,412515
199996,hold,304126,242456,453419
200056,hold,296172,310674,393155
200116,hold,235767,236966,527266
200176,short,317569,378075,304356
200236,long,455176,289735,255089
200296,hold,345620,304424,349956
200356,hold,346755,239816,413429
200416,hold,323353,264821,411826
200476,hold,234679,278511,486810
200536,hold,311785,301922,386293
200596,hold,320945,322823,356232
200656,hold,316182,265011,418807
200716,hold,247639,255059,497301
200776,hold,226781,248693,524526
200836,hold,287591,298854,413555
200896,hold,240415,250306,509279
200956,hold,265504,239980,494517
201016,long,373994,305259,320747
201076,hold,327708,290289,382003
201136,hold,319154,288957,391889
201196,short,296222,536926,166853
201256,hold,283732,268350,447918
201316,long,403055,292726,304220
201376,hold,342292,320054,337654
201436,long,395423,309190,295387
201496,long,387245,299191,313564
201556,hold,297065,282565,420370
201616,hold,341095,314116,344789
201676,hold,351831,282077,366091
201736,long,361491,302759,335751
201796,hold,249755,256784,493462
201856,hold,261384,238974,499642
201916,long,374229,326549,299222
201976,hold,312539,268904,418557
202036,short,350227,382735,267038
202096,long,437605,308549,253847
202156,hold,299034,255479,445486
202216,short,318558,374283,307159
202276,hold,284083,295617,420300
202336,hold,277238,260633,462129
202396,hold,301838,280080,418082
202456,short,356654,403400,239946
202516,short,408853,491474,99673
202576,long,468284,321907,209809
202636,long,487469,446787,65744
202696,long,756275,187918,55807
202756,long,502711,352387,144902
202816,long,422314,334983,242703
202876,hold,350457,289266,360277
202936,hold,312624,263954,423422
202996,short,305460,448280,246260
203056,long,507805,334693,157502
203116,long,440275,335621,224103
203176,long,393754,350408,255839
203236,long,381601,294352,324047
203296,long,414693,371517,213790
203356,long,382132,311626,306243
203416,long,417696,315339,266965
203476,long,384765,313433,301802
203536,hold,308080,266784,425135
203596,long,411434,353566,235000
203656,hold,284620,269997,445383
203716,hold,319639,315742,364619
203776,hold,339082,289611,371307
203836,hold,328924,291007,380069
203896,long,543483,329730,126787
203956,long,411841,310569,277590
204016,hold,327298,347512,325191
204076,hold,336789,271075,392136
204136,hold,343762,298580,357658
204196,hold,350276,314436,335289
204256,long,374642,273043,352314
204316,hold,330986,284649,384365
204376,hold,301928,274887,423185
204436,hold,226733,241747,531520
204496,hold,281720,338865,379415
204556,long,373480,296094,330425
204616,hold,283272,305451,411278
204676,hold,276237,249304,474460
204736,hold,300268,306834,392898
204796,hold,291755,263188,445057
204856,hold,298072,313929,387999
204916,hold,280990,315782,403228
204976,hold,269915,279284,450801
205036,hold,240434,262274,497292
205096,hold,290245,301444,408311
205156,hold,254755,259117,486127
205216,long,543494,453085,3421
205276,long,519988,349706,130306
205336,short,438859,473957,87184
205396,long,473176,335334,191490
205456,long,498819,442677,58503
205516,long,418067,355356,226577
205576,hold,353374,287715,358911
205636,long,367470,293425,339105
205696,long,365537,269997,364467
205756,long,397468,309291,293240
205816,long,405627,328579,265795
205876,long,404301,295328,300371
205936,long,493916,317358,188726
205996,hold,304676,273045,422279
206056,hold,329479,283431,387089
206116,hold,259355,295953,444693
206176,hold,236885,246555,516560
206236,hold,293310,297514,409176
206296,hold,264571,280441,454988
206356,hold,305929,259825,434247
206416,hold,330946,298271,370782
206476,hold,258185,257198,484617
206536,hold,254303,246846,498851
206596,hold,317796,334447,347757
206656,hold,329852,325841,344307
206716,hold,331213,307213,361574
206776,hold,286654,268561,444785
206836,hold,280070,298919,421011
206896,hold,283263,277460,439277
206956,hold,302016,340909,357075
207016,hold,250223,264105,485672
207076,hold,232888,233872,533240
207136,hold,255597,273139,471264
207196,hold,250761,247676,501563
207256,hold,279169,242518,478313
207316,long,497892,328266,173842
207376,long,378969,264637,356394
207436,long,450459,353399,196142
207496,hold,336182,278511,385307
207556,hold,251133,253039,495828
207616,hold,232433,237785,529782
207676,hold,219586,236980,543434
207736,hold,239629,255683,504687
207796,hold,289667,247595,462738
207856,hold,313802,279593,406606
207916,long,387392,343044,269564
207976,hold,332930,274103,392967
208036,hold,323327,282409,394263
208096,hold,286243,325731,388026
208156,hold,275691,245525,478785
208216,hold,257902,257096,485001
208276,hold,308771,257267,433962
208336,long,362629,262934,374437
208396,hold,303973,326069,369958
208456,hold,224631,234305,541064
208516,hold,233841,238855,527305
208576,hold,278324,273224,448452
208636,hold,234083,260415,505502
208696,short,350939,568142,80919
208756,long,374509,291123,334369
208816,hold,316208,260838,422954
208876,hold,344960,301395,353644
208936,hold,306224,274485,419292
208996,hold,279009,247483,473508
209056,hold,259921,269999,470080
209116,hold,231342,241086,527572
209176,hold,244938,260511,494551
209236,hold,301954,333984,364062
209296,hold,276245,259153,464602
209356,hold,245551,235167,519282
209416,hold,283972,281714,434314
209476,hold,231144,244688,524169
209536,hold,233778,245290,520932
209596,hold,287857,258963,453180
209656,hold,295854,265899,438247
209716,hold,291022,274043,434935
209776,hold,353231,312580,334189
209836,long,394434,262701,342865
209896,hold,357996,291838,350166
209956,hold,318499,273727,407773
210016,hold,258149,250874,490977
210076,hold,264986,252365,482649
210136,hold,313741,328745,357514
210196,hold,281627,250270,468104
210256,hold,269154,278959,451888
210316,short,384393,569415,46192
210376,long,484042,271372,244586
210436,short,382508,383257,234235
210496,hold,277976,239153,482871
210556,hold,338954,305780,355266
210616,hold,297496,297085,405418
210676,hold,286760,250900,462340
210736,hold,259705,270015,470280
210796,hold,267581,274557,457861
210856,hold,276083,253095,470822
210916,hold,230187,250355,519458
210976,hold,242480,247520,510000
211036,short,283110,560950,155940
211096,long,471365,308846,219789
211156,long,558145,305134,136721
211216,hold,333186,331833,334981
211276,hold,343277,295982,360740
211336,hold,282268,264654,453078
211396,hold,337164,304574,358263
211456,hold,308384,264562,427054
211516,hold,344612,329860,325527
211576,long,417329,306610,276060
211636,hold,270657,265581,463762
211696,hold,282478,255670,461852
211756,hold,341297,342004,316699
211816,hold,330469,328942,340589
211876,hold,289065,292225,418710
211936,hold,232991,238749,528260
211996,hold,246147,255153,498700
212056,hold,335640,319123,345237
212116,hold,223651,249500,526849
212176,hold,240336,244952,514712
212236,hold,285580,260522,453898
212296,hold,333130,266282,400588
212356,hold,257863,239700,502437
212416,hold,249832,254732,495437
212476,hold,253795,248589,497617
212536,long,453329,360501,186170
212596,long,419326,299102,281572
212656,hold,329741,314787,355472
212716,hold,296112,284192,419696
212776,hold,267006,254702,478292
212836,hold,302464,294967,402569
212896,hold,334071,250769,415160
212956,hold,292639,274159,433202
213016,hold,287070,288095,424836
213076,short,280004,368059,351937
213136,long,362640,279830,357530
213196,hold,327032,302569,370399
213256,hold,325802,254155,420043
213316,hold,272916,264973,462112
213376,hold,261661,259415,478924
213436,long,409130,245171,345698
213496,hold,229245,244073,526681
213556,hold,267565,300448,431987
213616,hold,232275,242208,525517
213676,hold,282211,307550,410239
213736,hold,270712,256927,472361
213796,hold,267730,280175,452094
213856,hold,259489,248581,491931
213916,hold,261408,250421,488172
213976,long,510186,343862,145952
214036,long,441506,283021,275473
214096,long,443789,309835,246376
214156,long,378169,300757,321073
214216,long,475622,280194,244184
214276,long,406568,318174,275258
214336,hold,357726,282399,359875
214396,hold,247996,258645,493359
214456,hold,250340,262442,487219
214516,hold,261218,242773,496008
214576,long,407954,312716,279330
214636,long,510912,328269,160818
214696,hold,279475,285046,435479
214756,hold,280889,277440,441670
214816,hold,255600,253678,490722
214876,hold,224558,232961,542481
214936,hold,271196,289599,439205
214996,long,371032,286621,342347
215056,long,424009,261046,314945
215116,hold,307086,280863,412051
215176,long,378503,293118,328378
215236,hold,232411,244962,522626
215296,long,397563,396867,205570
215356,hold,346646,314026,339328
215416,long,425380,311556,263064
215476,long,362069,286667,351264
215536,hold,328980,270072,400948
215596,long,478828,262140,259033
215656,hold,307608,293391,399001
215716,hold,297294,312875,389831
215776,hold,314168,245879,439953
215836,hold,260993,254278,484729
215896,hold,290745,244663,464591
215956,long,378749,262780,358472
216016,long,461307,314916,223777
216076,long,402416,331247,266337
216136,long,439346,275989,284665
216196,long,412085,290774,297141
216256,hold,297640,274358,428001
216316,hold,275285,286676,438039
216376,hold,244264,245798,509939
216436,hold,269076,287458,443467
216496,hold,244564,257375,498061
216556,hold,242400,249176,508425
216616,hold,303061,324296,372643
216676,hold,244569,234557,520873
216736,hold,221371,293472,485157
216796,hold,229539,248564,521897
216856,hold,254034,287710,458256
216916,hold,264116,245269,490615
216976,hold,279150,246381,474470
217036,hold,279187,252850,467963
217096,hold,223934,228710,547355
217156,hold,238988,259893,501119
217216,hold,224925,227926,547149
217276,hold,233752,262415,503833
217336,hold,238084,255230,506687
217396,hold,263631,252475,483894
217456,hold,275108,289199,435692
217516,hold,233013,238822,528165
217576,hold,316863,259689,423448
217636,hold,238504,238610,522886
217696,hold,229860,243929,526210
217756,hold,218391,242838,538770
217816,hold,240387,247003,512610
217876,hold,245264,248454,506282
217936,hold,235623,240312,524066
217996,hold,284000,303888,412112
218056,hold,299028,259127,441844
218116,hold,253744,233826,512430
218176,hold,216002,246271,537726
218236,hold,262873,274732,462395
218296,hold,275167,312803,412030
218356,hold,258223,239176,502601
218416,short,304886,446260,248854
218476,hold,258899,254577,486523
218536,hold,250972,249300,499729
218596,hold,345525,250479,403997
218656,hold,258651,276371,464978
218716,hold,238425,239846,521730
218776,hold,290500,352343,357157
218836,hold,264750,265831,469419
218896,hold,294152,294750,411098
218956,hold,258807,257917,483277
219016,hold,270882,251418,477700
219076,hold,298639,273993,427368
219136,hold,297002,281414,421584
219196,hold,238220,245914,515866
219256,hold,272390,290554,437056
219316,hold,227965,276798,495237
219376,hold,246477,280839,472684
219436,long,427615,380068,192317
219496,hold,324902,286378,388720
219556,hold,313302,288019,398679
219616,hold,326414,297590,375997
219676,hold,262752,271825,465422
219736,long,423067,348711,228222
219796,long,373611,311972,314417
219856,hold,297867,252216,449917
219916,hold,285814,258415,455771
219976,hold,279343,286497,434160
220036,hold,268230,246028,485742
220096,hold,268743,343849,387408
220156,hold,263966,266878,469156
220216,hold,330945,337273,331782
220276,hold,280276,276990,442734
220336,short,269416,360723,369861
220396,hold,292511,259389,448100
220456,hold,255512,249245,495244
220516,long,380914,288662,330425
220576,hold,284323,284020,431657
220636,hold,217235,233829,548936
220696,hold,223425,232930,543645
220756,hold,218383,225951,555666
220816,hold,264227,268494,467280
220876,hold,210261,231124,558614
220936,hold,229081,260681,510238
220996,hold,210155,242978,546867
221056,hold,239737,284327,475935
221116,hold,233952,242994,523054
221176,long,393684,279542,326774
221236,hold,322037,313343,364619
221296,hold,301979,267175,430845
221356,hold,303473,266716,429811
221416,hold,296277,281741,421982
221476,hold,243951,254786,501263
221536,hold,271072,248955,479973
221596,hold,340045,286230,373726
221656,hold,281886,262131,455983
221716,hold,265370,288094,446535
221776,hold,265976,263867,470157
221836,hold,277795,290048,432157
221896,hold,246161,248464,505376
221956,hold,255426,254109,490465
222016,hold,222319,226138,551542
222076,hold,228790,239675,531536
222136,hold,246777,270995,482228
222196,hold,217385,236869,545746
222256,hold,236838,266081,497081
222316,hold,228121,247321,524558
222376,hold,232205,274718,493077
222436,hold,232677,228457,538867
222496,hold,294218,269878,435904
222556,hold,273596,262548,463856
222616,long,409833,327856,262312
222676,hold,268210,293871,437920
222736,hold,274822,268127,457051
222796,hold,268587,273653,457760
222856,hold,271930,243852,484218
222916,hold,252546,249790,497664
222976,hold,309763,302325,387912
223036,hold,298903,289195,411902
223096,hold,264783,264403,470815
223156,hold,255358,232389,512254
223216,hold,215298,226416,558286
223276,hold,256217,284699,459085
223336,hold,265368,260224,474408
223396,hold,270045,258175,471780
223456,hold,222603,241044,536353
223516,hold,214540,226750,558710
223576,hold,262991,255480,481529
223636,hold,260470,258406,481124
223696,hold,243649,244563,511788
223756,hold,199387,225584,575029
223816,hold,217974,235111,546915
223876,hold,254181,239939,505880
223936,hold,247819,333427,418754
223996,hold,292440,334943,372617
224056,long,528001,353549,118450
224116,long,394201,278535,327264
224176,hold,336745,335828,327427
224236,long,435432,276419,288149
224296,short,370117,434116,195767
224356,short,405994,441794,152213
224416,long,513907,405152,80941
224476,long,660893,219878,119229
224536,long,445126,313736,241138
224596,hold,277694,288188,434118
224656,hold,328553,357989,313458
224716,hold,251233,245407,503360
224776,hold,324840,310400,364761
224836,hold,251401,274668,473931
224896,hold,231313,261931,506755
224956,hold,228686,245661,525653
225016,hold,249432,303827,446742
225076,hold,249147,243678,507174
225136,hold,246237,257732,496032
225196,hold,250681,273058,476261
225256,hold,261508,270863,467629
225316,hold,234047,250361,515592
225376,hold,283132,321599,395269
225436,long,360652,270396,368952
225496,hold,328020,323792,348188
225556,short,359940,490014,150045
225616,hold,333902,265068,401030
225676,hold,348410,287998,363592
225736,hold,275149,252324,472527
225796,hold,282212,260164,457624
225856,hold,275196,250449,474355
225916,hold,283651,262179,454170
225976,hold,228381,226238,545380
226036,hold,251764,266614,481622
226096,hold,243039,283396,473565
226156,hold,257205,275762,467033
226216,hold,240859,233739,525402
226276,hold,233538,271985,494477
226336,hold,219139,227878,552983
226396,hold,220716,259606,519678
226456,hold,231839,247377,520783
226516,hold,288317,276240,435443
226576,hold,229753,227704,542543
226636,hold,220564,230406,549030
226696,hold,222625,245931,531444
226756,hold,243801,238236,517964
226816,hold,226551,259955,513494
226876,hold,258510,263676,477814
226936,hold,261834,245338,492828
226996,hold,285795,279220,434985
227056,hold,211178,236568,552254
227116,hold,220541,224509,554950
227176,hold,252457,262973,484570
227236,hold,235884,232548,531568
227296,hold,227479,260754,511768
227356,hold,208305,222930,568764
227416,hold,225793,230343,543863
227476,hold,206975,221803,571222
227536,hold,237364,238851,523786
227596,hold,217594,243087,539319
227656,hold,227707,230177,542115
227716,hold,206635,217899,575466
227776,hold,207545,232197,560258
227836,hold,195712,219279,585009
227896,hold,217800,247308,534892
227956,hold,218943,240680,540377
228016,hold,196485,220270,583245
228076,hold,225730,253481,520789
228136,hold,277108,275729,447163
228196,hold,211514,236640,551846
228256,hold,248827,262150,489023
228316,hold,240495,238684,520821
228376,hold,257664,245324,497013
228436,hold,259426,325685,414890
228496,hold,216922,277059,506019
228556,hold,252264,247881,499855
228616,hold,235819,241142,523038
228676,hold,184520,216033,599447
228736,hold,197216,218222,584562
228796,hold,228077,256768,515155
228856,hold,281838,272882,445281
228916,hold,329421,295250,375329
228976,hold,285112,283644,431244
229036,hold,334158,306750,359092
229096,hold,258027,259950,482023
229156,hold,245840,242855,511305
229216,hold,213586,239125,547289
229276,hold,239510,241522,518967
229336,hold,226412,232226,541361
229396,hold,237040,271252,491708
229456,hold,200428,222520,577052
229516,hold,228726,255851,515424
229576,short,301296,597952,100752
229636,hold,287516,305762,406722
229696,hold,275743,257357,466900
229756,hold,246600,247429,505971
229816,long,398371,325781,275848
229876,short,339050,386376,274574
229936,hold,275336,277321,447343
229996,short,329729,368509,301762
230056,hold,281425,290935,427640
230116,hold,246495,251901,501604
230176,hold,260148,244046,495806
230236,short,285995,393665,320340
230296,long,573014,292990,133995
230356,hold,296904,269864,433232
230416,hold,293874,277057,429069
230476,hold,278428,265197,456375
230536,hold,325590,289721,384689
230596,hold,269885,248649,481466
230656,hold,230591,241422,527986
230716,hold,231415,255260,513325
230776,hold,283386,256615,459999
230836,hold,270858,295052,434090
230896,hold,262138,244302,493560
230956,hold,278756,250328,470916
231016,hold,258384,282760,458856
231076,hold,264984,281310,453706
231136,hold,288779,273487,437734
231196,hold,246825,279441,473734
231256,long,407121,321941,270938
231316,long,376267,370607,253126
231376,long,369529,274264,356207
231436,hold,301102,265384,433514
231496,hold,293923,253413,452664
231556,hold,262855,300649,436496
231616,long,396070,291415,312514
231676,short,383312,485168,131521
231736,hold,272076,274031,453893
231796,hold,304493,265926,429581
231856,hold,289182,301469,409349
231916,hold,327413,312670,359917
231976,hold,245815,244131,510054
232036,hold,231678,249979,518344
232096,hold,248408,240141,511451
232156,hold,223423,242987,533590
232216,hold,208815,227349,563836
232276,hold,246155,268709,485136
232336,hold,238527,239655,521818
232396,hold,258253,248698,493049
232456,hold,243443,246352,510205
232516,hold,229657,251815,518528
232576,hold,285331,298074,416595
232636,long,384342,274655,341004
232696,long,384668,325969,289362
232756,long,366729,288741,344529
232816,hold,316210,303165,380625
232876,hold,274157,266531,459311
232936,long,396013,394802,209186
232996,hold,333958,280133,385909
233056,hold,293170,276457,430373
233116,hold,295074,355649,349276
233176,hold,358065,265118,376817
233236,hold,274269,233007,492725
233296,hold,232343,246518,521138
233356,hold,266156,255314,478530
233416,hold,293735,282470,423795
233476,hold,248338,237834,513828
233536,hold,342134,239708,418158
233596,hold,268053,246299,485648
233656,hold,239564,248645,511791
233716,hold,255623,265009,479369
233776,hold,297189,284728,418082
233836,hold,238349,239457,522194
233896,hold,245880,250762,503357
233956,hold,306582,312907,380511
234016,hold,277731,265251,457019
234076,hold,276827,261842,461331
234136,hold,354876,344111,301013
234196,hold,299338,285368,415293
234256,long,369081,293207,337713
234316,hold,249927,265692,484382
234376,hold,302355,271954,425690
234436,long,374971,281916,343113
234496,long,447622,354684,197694
234556,long,428112,254657,317231
234616,long,408863,361692,229444
234676,hold,345482,269139,385379
234736,long,508026,445430,46544
234796,long,619224,343252,37525
234856,long,463037,365120,171843
234916,long,401484,327980,270537
234976,long,423739,322869,253392
235036,hold,289419,266092,444489
235096,hold,317674,265312,417014
235156,long,370056,296413,333531
235216,short,283408,410551,306041
235276,long,404018,301051,294931
235336,hold,358480,319621,321899
235396,hold,292654,265549,441797
235456,hold,290567,296693,412740
235516,hold,302130,254907,442963
235576,long,456853,362679,180468
235636,short,354153,452810,193037
235696,short,335926,380197,283876
235756,long,391363,315127,293510
235816,long,399846,317223,282931
235876,hold,348730,284133,367137
235936,long,392265,330230,277505
235996,hold,340138,296616,363247
236056,hold,286034,264277,449689
236116,hold,237505,240505,521990
236176,hold,237251,243005,519745
236236,hold,350752,244799,404449
236296,hold,261017,270677,468306
236356,hold,234816,235661,529523
236416,hold,233748,248943,517309
236476,hold,206617,219780,573602
236536,hold,214213,228132,557655
236596,hold,245479,258186,496335
236656,hold,237141,238041,524818
236716,hold,234570,257788,507641
236776,hold,242571,260766,496663
236836,hold,208709,222787,568503
236896,hold,224783,244128,531089
236956,hold,228462,230181,541358
237016,hold,259326,273304,467371
237076,hold,213415,230810,555774
237136,hold,286043,264143,449814
237196,hold,276337,250187,473476
237256,hold,242139,274125,483737
237316,hold,307123,288806,404070
237376,hold,352864,298110,349026
237436,hold,241992,276004,482004
237496,hold,288636,255743,455621
237556,hold,220884,223762,555354
237616,hold,212596,228353,559051
237676,hold,257194,277030,465776
237736,hold,226509,240218,533273
237796,hold,200693,218217,581090
237856,hold,190503,218786,590711
237916,hold,186253,215287,598460
237976,hold,241214,255781,503005
238036,hold,296958,283058,419984
238096,hold,240110,232025,527865
238156,hold,246997,257047,495956
238216,hold,230536,258595,510868
238276,hold,218416,228018,553566
238336,hold,216046,228009,555946
238396,hold,241573,290846,467581
238456,hold,285869,249803,464328
238516,hold,251991,251929,496081
238576,hold,259181,269311,471507
238636,hold,239731,235237,525032
238696,hold,244339,249474,506187
238756,hold,204464,221697,573839
238816,hold,323663,274947,401390
238876,hold,350278,272210,377513
238936,hold,332670,358304,309025
238996,hold,276113,257584,466303
239056,hold,249681,268063,482256
239116,long,433794,343305,222901
239176,hold,265203,296843,437954
239236,hold,266788,254294,478918
239296,hold,241665,279317,479018
239356,hold,277401,253356,469243
239416,hold,231705,246384,521911
239476,hold,244779,246919,508302
239536,hold,320002,297847,382151
239596,hold,246522,241149,512328
239656,hold,228898,251235,519867
239716,hold,236008,226589,537402
239776,hold,253797,242980,503224
239836,hold,263876,255976,480147
239896,long,438212,358944,202844
239956,hold,335244,318809,345947
240016,hold,314011,294985,391005
240076,hold,305316,279375,415309
240136,hold,283751,278626,437623
240196,hold,261822,306388,431790
240256,long,399296,349090,251614
240316,hold,262272,245564,492163
240376,hold,296517,316892,386591
240436,long,493458,260326,246216
240496,long,528393,349071,122536
240556,long,393892,333203,272904
240616,hold,308647,275069,416284
240676,hold,312003,320027,367970
240736,hold,306201,305350,388449
240796,hold,273563,256199,470238
240856,hold,275131,259038,465831
240916,hold,256938,234766,508296
240976,hold,275470,290034,434495
241036,hold,299213,269021,431766
241096,hold,278157,263713,458130
241156,hold,298782,278429,422789
241216,hold,279717,316602,403681
241276,hold,289284,277546,433171
241336,long,378952,343814,277233
241396,long,488480,396427,115094
241456,long,387201,336733,276066
241516,long,447953,313365,238681
241576,hold,318927,307887,373187
241636,short,298177,388843,312980
241696,hold,340647,282476,376877
241756,hold,355258,270483,374259
241816,hold,341412,287789,370799
241876,hold,266267,241490,492244
241936,hold,225639,246199,528161
241996,hold,256412,256523,487065
242056,hold,338509,343023,318468
242116,hold,262779,258835,478386
242176,hold,232846,253002,514152
242236,hold,230901,242873,526226
242296,hold,241163,245008,513828
242356,hold,310879,263089,426033
242416,hold,230375,277661,491963
242476,hold,267046,259821,473133
242536,hold,310900,307630,381470
242596,hold,313608,277715,408677
242656,hold,283295,316766,399940
242716,hold,327530,303777,368693
242776,short,406691,493729,99580
242836,long,476768,366928,156304
242896,long,371834,342431,285735
242956,hold,348185,279306,372509
243016,long,532626,366381,100993
243076,long,485541,466191,48268
243136,long,374079,266463,359458
243196,hold,299436,281841,418724
243256,hold,308317,297073,394610
243316,hold,234627,240756,524618
243376,hold,267304,271623,461073
243436,long,361404,263928,374668
243496,hold,282785,289932,427282
243556,hold,231263,241326,527411
243616,hold,264221,264429,471350
243676,hold,269890,290478,439632
243736,hold,247853,244531,507617
243796,hold,217959,232404,549636
243856,hold,212919,234333,552747
243916,hold,226760,233456,539784
243976,hold,227280,235927,536793
244036,hold,254158,257502,488341
244096,hold,246430,277765,475805
244156,hold,239897,248461,511642
244216,hold,266643,250628,482728
244276,hold,306790,291371,401839
244336,hold,268372,258807,472822
244396,hold,299773,281201,419026
244456,hold,274626,256332,469042
244516,hold,316721,326212,357067
244576,hold,262245,255594,482162
244636,hold,249489,245161,505350
244696,hold,254974,252272,492754
244756,hold,284850,277643,437508
244816,hold,234572,239747,525681
244876,hold,270153,251033,478814
244936,hold,217942,229965,552094
244996,hold,234667,232162,533172
245056,hold,216017,221252,562731
245116,hold,232791,228720,538489
245176,hold,226161,263439,510400
245236,hold,234427,259741,505832
245296,short,258931,391113,349955
245356,long,393839,285015,321147
245416,hold,294514,302940,402546
245476,hold,251868,270649,477483
245536,hold,247537,252769,499694
245596,hold,239688,251890,508422
245656,long,397716,300470,301813
245716,long,518885,289086,192029
245776,long,376803,290225,332971
245836,long,369113,283387,347500
245896,long,500505,276647,222847
245956,hold,321683,285315,393003
246016,hold,285543,285704,428753
246076,hold,316907,248462,434631
246136,hold,297578,274190,428232
246196,hold,282280,236399,481322
246256,hold,211764,226219,562017
246316,hold,235987,254757,509257
246376,hold,220798,238569,540633
246436,hold,201926,225720,572353
246496,hold,213181,223108,563711
246556,hold,196676,219078,584247
246616,hold,200019,223288,576692
246676,hold,236167,238812,525021
246736,hold,201254,234279,564467
246796,hold,199289,232800,567911
246856,hold,237314,273679,489007
246916,hold,208962,223114,567924
246976,hold,199929,227289,572782
247036,hold,211972,228549,559479
247096,hold,245693,242656,511650
247156,hold,287795,273961,438244
247216,hold,247100,233713,519187
247276,hold,221464,229477,549058
247336,hold,281037,264055,454909
247396,long,375185,336136,288679
247456,hold,327843,294761,377396
247516,long,364316,340568,295116
247576,long,672707,225093,102200
247636,hold,325971,258866,415163
247696,long,592069,313853,94078
247756,long,395685,281501,322814
247816,long,542119,409328,48553
247876,long,417932,267506,314562
247936,hold,349912,338966,311122
247996,hold,298273,282178,419548
248056,hold,302554,265241,432205
248116,hold,254547,250616,494838
248176,hold,307726,280261,412013
248236,hold,257232,251080,491688
248296,hold,358091,312937,328972
248356,hold,233647,247325,519029
248416,hold,257046,268161,474793
248476,short,346193,406386,247420
248536,long,591821,277572,130607
248596,long,633532,255395,111074
248656,long,433791,305029,261181
248716,short,354483,570126,75391
248776,hold,356377,262348,381276
248836,hold,353652,261762,384586
248896,long,457599,387904,154497
248956,long,452478,315684,231838
249016,short,366219,388787,244994
249076,long,459206,307684,233110
249136,hold,359896,287536,352567
249196,long,410507,295231,294262
249256,hold,268982,252006,479012
249316,hold,319775,298613,381612
249376,hold,278633,261331,460035
249436,hold,236872,268725,494403
249496,hold,242991,258692,498317
249556,hold,322103,320387,357509
249616,hold,235799,262230,501971
249676,hold,274848,247732,477419
249736,hold,276001,256152,467848
249796,hold,280047,258404,461549
249856,hold,260112,236695,503193
249916,hold,280512,270045,449442
249976,long,404895,339032,256073
250036,long,453193,277538,269268
250096,long,437053,324299,238648
250156,long,493970,340684,165346
250216,long,430474,381592,187934
250276,long,396343,306782,296875
250336,long,365941,333044,301015
250396,long,391143,375742,233114
250456,short,314944,623539,61517
250516,long,511393,257834,230773
250576,hold,340284,286330,373385
250636,hold,356483,331201,312317
250696,hold,353655,316552,329793
250756,hold,295161,294193,410646
250816,hold,261790,261056,477154
250876,hold,273115,299313,427572
250936,hold,274399,255604,469997
250996,hold,296289,313357,390354
251056,long,451449,307381,241170
251116,hold,307468,289711,402821
251176,hold,309910,275754,414336
251236,hold,279170,255677,465153
251296,hold,274781,246655,478564
251356,hold,335996,296517,367487
251416,long,420147,305704,274149
251476,hold,308751,274292,416958
251536,hold,325919,259743,414338
251596,hold,316162,310546,373293
251656,hold,307914,270458,421628
251716,hold,296732,238721,464546
251776,hold,298115,257675,444210
251836,hold,277612,267765,454623
251896,hold,281388,268398,450214
251956,hold,263300,260136,476563
252016,short,284290,380932,334779
252076,hold,351988,263128,384884
252136,short,346392,365131,288477
252196,hold,300281,297986,401733
252256,hold,267557,246853,485590
252316,hold,233742,234421,531836
252376,hold,246803,255293,497904
252436,hold,232175,246058,521767
252496,hold,245390,267951,486660
252556,hold,240052,272923,487025
252616,hold,291806,263993,444200
252676,hold,264478,246674,488848
252736,hold,249652,261338,489010
252796,hold,279028,345191,375781
252856,short,397732,446228,156040
252916,short,415512,422061,162427
252976,long,361021,290118,348862
253036,hold,306830,271934,421237
253096,hold,313507,275397,411095
253156,hold,280697,271491,447812
253216,hold,298034,258292,443674
253276,hold,293931,255978,450091
253336,hold,294317,263127,442557
253396,hold,281667,288189,430144
253456,hold,256397,282641,460962
253516,hold,286114,261630,452256
253576,hold,302861,284009,413130
253636,hold,321130,286765,392105
253696,hold,270803,246029,483168
253756,hold,248100,248810,503090
253816,hold,242856,264907,492238
253876,hold,242848,274988,482164
253936,hold,237062,249594,513343
253996,long,417129,296204,286667
254056,hold,231874,242121,526004
254116,hold,243766,242825,513410
254176,hold,242390,237713,519897
254236,hold,258766,254308,486927
254296,hold,355957,311710,332334
254356,hold,322085,287537,390378
254416,long,368960,291658,339383
254476,hold,312559,262843,424599
254536,hold,268296,288611,443093
254596,hold,288331,250264,461406
254656,hold,243341,236474,520184
254716,hold,310517,271665,417818
254776,hold,353846,240171,405983
254836,hold,241010,234459,524531
254896,hold,221105,234818,544077
254956,hold,323468,302496,374036
255016,hold,242986,254380,502634
255076,hold,223882,230717,545401
255136,hold,211389,246377,542234
255196,hold,212872,240581,546547
255256,hold,243302,260774,495924
255316,hold,230096,251912,517992
255376,hold,301192,251934,446874
255436,hold,267680,241571,490749
255496,hold,270870,287494,441635
255556,hold,224321,231178,544501
255616,hold,236493,243109,520398
255676,hold,326230,254942,418828
255736,hold,328534,282842,388624
255796,hold,341958,267342,390700
255856,hold,284927,280997,434076
255916,hold,286337,245846,467817
255976,hold,333827,239561,426612
256036,hold,306713,274467,418819
256096,hold,247149,256882,495969
256156,hold,227470,236677,535853
256216,hold,239606,227091,533303
256276,hold,248404,274934,476662
256336,hold,229316,229990,540694
256396,hold,226776,240610,532614
256456,hold,221167,237052,541782
256516,hold,194241,221881,583878
256576,hold,216517,263853,519630
256636,hold,194865,222674,582460
256696,hold,177879,219429,602692
256756,hold,182414,216034,601552
256816,hold,190287,219300,590412
256876,hold,195726,216633,587641
256936,hold,183755,212497,603748
256996,hold,187360,211333,601307
257056,hold,192307,239080,568613
257116,hold,179579,212862,607560
257176,hold,203069,226525,570406
257236,hold,184160,212680,603160
257296,hold,241013,260453,498534
257356,hold,204796,217689,577515
257416,hold,214199,237132,548669
257476,hold,198030,212280,589690
257536,hold,199898,242954,557148
257596,hold,184240,211255,604505
257656,hold,194630,217183,588187
257716,hold,184520,218906,596575
257776,hold,180776,214292,604932
257836,hold,207204,224919,567877
257896,hold,214685,219393,565922
257956,hold,188037,214549,597414
258016,hold,184869,217302,597829
258076,hold,172379,207082,620539
258136,hold,174238,212139,613623
258196,hold,176674,212310,611015
258256,hold,191113,220450,588437
258316,hold,229916,239701,530383
258376,hold,220584,279604,499812
258436,hold,246981,234948,518071
258496,hold,236915,237692,525392
258556,hold,244856,267949,487195
258616,hold,221324,236026,542650
258676,hold,281227,261830,456943
258736,hold,279582,264879,455539
258796,hold,258520,240174,501306
258856,hold,210783,217939,571278
258916,hold,228768,261786,509446
258976,hold,210288,223570,566142
259036,hold,206347,219807,573846
259096,hold,218272,247302,534426
259156,hold,304057,274143,421800
259216,hold,237713,254621,507665
259276,hold,315144,283980,400876
259336,hold,240074,250111,509815
259396,hold,235583,250657,513760
259456,hold,199018,227427,573555
259516,hold,208454,222605,568941
259576,hold,209417,220549,570035
259636,hold,287824,248411,463766
259696,hold,217535,241195,541270
259756,hold,211829,227733,560437
259816,hold,223969,240927,535103
259876,hold,203011,239727,557262
259936,hold,233520,234799,531681
259996,hold,236712,233377,529911
260056,long,380511,335498,283991
260116,hold,359002,256379,384619
260176,hold,292655,315983,391362
260236,hold,279230,259548,461223
260296,hold,286056,249245,464699
260356,hold,244649,235346,520006
260416,hold,261920,248074,490005
260476,hold,234485,240544,524971
260536,hold,316579,257844,425577
260596,hold,238493,262169,499339
