sequence,action,long_probability_ppm,short_probability_ppm,hold_probability_ppm
16,hold,299200,323713,377087
76,long,346716,300092,353192
136,hold,322786,292071,385143
196,hold,185296,212520,602184
256,hold,214556,228723,556721
316,hold,266748,238329,494923
376,hold,223891,249306,526803
436,hold,208464,220882,570654
496,hold,227364,249924,522712
556,hold,316359,326974,356667
616,hold,310493,283520,405987
676,hold,262660,286159,451181
736,hold,235210,249824,514966
796,hold,236300,239642,524058
856,hold,283694,298887,417418
916,short,282633,343482,373885
976,hold,234319,271204,494477
1036,hold,284269,280480,435251
1096,hold,289632,247019,463349
1156,hold,318864,323111,358025
1216,hold,243919,218193,537888
1276,hold,238996,249563,511441
1336,hold,302780,258791,438429
1396,hold,248391,274492,477116
1456,hold,278648,270938,450413
1516,long,394328,283767,321905
1576,hold,281923,297604,420474
1636,long,372823,306917,320260
1696,hold,255552,256317,488131
1756,hold,327510,309922,362567
1816,hold,246003,258554,495443
1876,hold,237965,224977,537057
1936,hold,272125,307288,420587
1996,hold,238676,214446,546878
2056,hold,257010,240801,502189
2116,hold,220461,319010,460529
2176,hold,252234,255181,492586
2236,short,306294,361353,332354
2296,long,406627,342689,250684
2356,long,503778,429828,66394
2416,long,482699,361890,155411
2476,long,435280,267852,296868
2536,short,407508,414698,177794
2596,hold,308737,246141,445122
2656,long,374086,368250,257664
2716,long,348309,296840,354852
2776,hold,292138,307237,400625
2836,hold,278043,286387,435571
2896,hold,199765,215326,584909
2956,hold,247221,279871,472908
3016,hold,327813,245608,426580
3076,hold,198492,228309,573199
3136,hold,240384,249135,510482
3196,hold,263874,268110,468016
3256,hold,235861,241259,522880
3316,hold,300119,262328,437553
3376,hold,288337,270541,441122
3436,hold,278292,271796,449912
3496,hold,254965,266884,478152
3556,hold,200608,225048,574344
3616,hold,220114,229798,550088
3676,short,280574,367883,351544
3736,hold,259178,253871,486951
3796,long,429078,414537,156386
3856,hold,325303,274154,400543
3916,long,373442,313353,313205
3976,hold,287018,233444,479539
4036,long,348021,297073,354906
4096,hold,329382,283562,387056
4156,hold,337898,271743,390359
4216,hold,240475,260577,498947
4276,hold,224650,255030,520319
4336,hold,235837,223591,540571
4396,hold,264595,263664,471741
4456,hold,261160,233377,505463
4516,hold,208339,201718,589943
4576,hold,238994,243094,517912
4636,hold,234269,199800,565931
4696,hold,173808,215184,611009
4756,hold,204307,181351,614341
4816,hold,172953,219155,607891
4876,short,302879,341559,355562
4936,hold,311866,251779,436355
4996,hold,200194,236333,563474
5056,hold,207720,228892,563387
5116,hold,209715,257752,532533
5176,hold,215539,260019,524441
5236,hold,239888,211016,549097
5296,long,354236,291449,354315
5356,hold,252669,248669,498663
5416,hold,206783,194132,599084
5476,hold,262192,257132,480677
5536,hold,241973,223255,534772
5596,hold,215158,228486,556356
5656,hold,233978,216930,549092
5716,hold,235178,222575,542247
5776,hold,250763,225009,524228
5836,hold,262969,243892,493139
5896,hold,199190,212917,587894
5956,hold,183262,210116,606622
6016,hold,185230,234641,580129
6076,hold,165816,215074,619110
6136,hold,192170,213681,594149
6196,hold,159909,198399,641692
6256,hold,282526,243526,473948
6316,hold,285662,236859,477479
6376,hold,251080,230837,518082
6436,hold,200749,208083,591169
6496,hold,255695,244800,499505
6556,hold,230636,225658,543705
6616,hold,253278,275002,471720
6676,short,311895,360736,327369
6736,hold,228251,251187,520562
6796,hold,167173,226075,606753
6856,hold,302423,312695,384882
6916,hold,234097,196515,569388
6976,hold,227725,232182,540093
7036,hold,313636,300819,385545
7096,hold,176794,201661,621545
7156,hold,203603,231888,564509
7216,hold,244388,270503,485109
7276,short,311548,342954,345498
7336,short,377656,561956,60388
7396,hold,266079,269693,464228
7456,hold,215596,194191,590213
7516,hold,223209,231648,545143
7576,hold,308694,307030,384277
7636,hold,285451,295166,419383
7696,hold,237919,228178,533903
7756,hold,281833,253334,464834
7816,hold,299037,273374,427589
7876,hold,272089,257198,470712
7936,hold,306941,264867,428192
7996,short,314625,400126,285249
8056,short,416131,472565,111304
8116,long,486133,362101,151766
8176,hold,251395,315332,433274
8236,long,343878,320515,335607
8296,long,422511,272524,304965
8356,long,399618,312155,288227
8416,hold,274969,258641,466390
8476,hold,300366,333647,365986
8536,long,343339,281643,375018
8596,hold,267356,255477,477167
8656,hold,270663,311200,418137
8716,long,342065,325979,331956
8776,hold,242399,239637,517964
8836,hold,227456,252815,519729
8896,hold,288106,239528,472366
8956,hold,199466,229172,571362
9016,hold,267192,252775,480033
9076,hold,215466,252374,532160
9136,hold,226326,251579,522096
9196,hold,189458,218829,591713
9256,hold,233612,306704,459685
9316,hold,270447,260460,469094
9376,long,351761,321374,326865
9436,hold,289611,258322,452068
9496,hold,247098,295056,457846
9556,short,317731,681740,528
9616,long,622232,353492,24276
9676,short,404802,455304,139894
9736,short,390070,395538,214391
9796,long,441969,351444,206587
9856,long,506860,362512,130628
9916,long,408246,304139,287616
9976,long,377772,371469,250760
10036,hold,326404,329273,344323
10096,hold,263844,255797,480359
10156,hold,290659,317570,391771
10216,hold,264013,308297,427691
10276,long,396200,335120,268680
10336,short,406527,412177,181296
10396,long,443073,357551,199376
10456,hold,254856,262759,482385
10516,long,465071,356551,178378
10576,long,371634,317286,311079
10636,hold,214663,215298,570039
10696,short,278839,342593,378568
10756,hold,297601,296257,406142
10816,long,437491,384669,177840
10876,long,524159,358533,117308
10936,long,393284,386310,220405
10996,short,418449,556946,24605
11056,long,478138,415827,106035
11116,short,385466,566090,48444
11176,long,556870,380046,63084
11236,short,392800,476477,130723
11296,short,429148,433676,137176
11356,long,425706,370636,203658
11416,hold,260684,247027,492288
11476,hold,255988,259293,484719
11536,hold,248608,247666,503727
11596,long,347949,237457,414594
11656,short,443981,551034,4985
11716,long,455511,297614,246875
11776,hold,288867,315937,395196
11836,hold,293168,258113,448719
11896,hold,293507,263406,443087
11956,hold,276905,276731,446365
12016,long,486856,431490,81654
12076,long,408589,279415,311996
12136,hold,254308,275526,470167
12196,hold,280968,310603,408429
12256,long,373655,342099,284246
12316,short,347749,379835,272416
12376,long,546267,410415,43318
12436,long,493772,358759,147469
12496,short,353304,396306,250390
12556,hold,298196,326478,375326
12616,long,574407,342540,83053
12676,long,478850,285656,235494
12736,short,370148,605995,23857
12796,long,518241,387556,94203
12856,long,411198,409444,179359
12916,long,362860,313368,323772
12976,hold,292992,311397,395611
13036,long,363908,300024,336068
13096,hold,255431,266598,477971
13156,hold,290504,289772,419724
13216,hold,273419,313764,412817
13276,hold,204361,242370,553269
13336,hold,240930,244185,514886
13396,hold,294084,264840,441077
13456,hold,329391,266095,404514
13516,hold,284812,261144,454044
13576,hold,253504,254177,492319
13636,hold,237732,277425,484842
13696,hold,281587,300903,417510
13756,hold,299442,323698,376860
13816,long,734080,263003,2917
13876,short,423839,573716,2445
13936,long,634482,289217,76301
13996,long,456014,426504,117482
14056,long,436294,381485,182220
14116,long,433291,380936,185773
14176,long,392905,359119,247977
14236,long,446007,301429,252564
14296,hold,266465,282841,450694
14356,hold,297524,275015,427461
14416,hold,207946,251518,540536
14476,hold,333819,286333,379848
14536,hold,242804,243021,514174
14596,hold,263641,254359,482000
14656,hold,202534,250587,546879
14716,hold,280910,261183,457907
14776,hold,221563,233343,545094
14836,hold,221315,240816,537868
14896,hold,263432,218102,518466
14956,hold,250127,227742,522131
15016,hold,221737,203386,574877
15076,hold,212509,240677,546814
15136,hold,201606,241729,556665
15196,hold,248506,268356,483137
15256,hold,280725,260783,458492
15316,hold,208846,239535,551619
15376,hold,271004,256724,472271
15436,short,293170,405441,301388
15496,hold,251249,222401,526350
15556,hold,217252,233181,549567
15616,hold,202862,223385,573753
15676,hold,176769,166682,656549
15736,hold,201097,256698,542205
15796,hold,270831,254781,474388
15856,hold,256954,244615,498432
15916,hold,240716,247249,512035
15976,hold,238998,224147,536855
16036,hold,194311,209036,596653
16096,hold,183103,213150,603747
16156,hold,184379,197935,617686
16216,hold,223583,228069,548348
16276,hold,224841,225083,550076
16336,hold,205670,208498,585832
16396,hold,261929,241508,496563
16456,hold,314877,252815,432309
16516,hold,233544,238044,528412
16576,hold,288205,246502,465293
16636,hold,303227,254265,442508
16696,hold,269168,229038,501794
16756,hold,253476,242872,503652
16816,hold,333673,292765,373562
16876,hold,249553,226951,523496
16936,hold,240447,246301,513252
16996,hold,208411,234292,557298
17056,hold,320493,276295,403213
17116,hold,202986,249096,547918
17176,short,340496,349641,309863
17236,long,400276,287701,312024
17296,hold,217597,228396,554006
17356,short,395690,396220,208089
17416,long,509005,328052,162942
17476,long,368977,302683,328339
17536,hold,322443,293377,384180
17596,hold,274416,291516,434068
17656,hold,320854,310817,368329
17716,long,427213,350467,222320
17776,hold,336398,337561,326041
17836,long,430225,376739,193036
17896,short,414249,441825,143926
17956,long,472214,374282,153503
18016,short,461090,484636,54275
18076,long,521575,356863,121562
18136,long,515499,418232,66269
18196,long,698962,287423,13614
18256,long,493858,454167,51975
18316,long,522075,400651,77275
18376,long,451109,383972,164920
18436,short,415072,462527,122401
18496,long,457004,359633,183363
18556,long,385229,292976,321794
18616,short,351657,402732,245611
18676,hold,334855,286003,379142
18736,hold,277040,241987,480973
18796,long,369113,300060,330828
18856,long,347480,306659,345861
18916,long,365578,350289,284133
18976,hold,284414,235717,479869
19036,hold,219010,218592,562398
19096,hold,270925,252128,476947
19156,hold,248182,218111,533707
19216,long,342202,293527,364271
19276,long,342843,332582,324575
19336,hold,326321,317200,356479
19396,hold,248911,319264,431825
19456,hold,320995,295366,383639
19516,long,385867,304615,309518
19576,long,646931,299431,53638
19636,long,456354,374095,169551
19696,long,486517,462144,51339
19756,long,535806,341831,122363
19816,long,373109,344625,282266
19876,hold,307404,263043,429553
19936,long,423159,357062,219780
19996,long,417138,300404,282459
20056,hold,301385,291383,407233
20116,hold,202185,249163,548652
20176,hold,309210,258006,432783
20236,short,340895,418301,240804
20296,short,371766,380498,247736
20356,hold,312243,304012,383745
20416,short,304883,351132,343985
20476,short,332194,385361,282445
20536,hold,232791,248553,518657
20596,hold,247958,230193,521849
20656,short,278838,358759,362402
20716,hold,301084,259503,439413
20776,hold,314252,302529,383219
20836,hold,290105,285333,424563
20896,hold,268050,282589,449362
20956,hold,259866,304595,435539
21016,long,481766,340979,177255
21076,short,331808,429626,238566
21136,long,378412,295183,326404
21196,long,385935,287876,326190
21256,long,401411,325799,272790
21316,hold,221446,219774,558780
21376,hold,318922,276655,404423
21436,long,407110,310668,282222
21496,hold,285011,246192,468797
21556,hold,286763,265407,447830
21616,short,374467,454713,170820
21676,long,404646,377168,218187
21736,hold,324742,322074,353184
21796,hold,323877,325331,350792
21856,hold,303465,306051,390485
21916,hold,194180,234163,571657
21976,hold,233177,228054,538769
22036,hold,226903,219693,553403
22096,hold,224844,245952,529204
22156,long,473151,299215,227634
22216,hold,284534,225973,489493
22276,short,357431,430700,211869
22336,long,358328,300129,341543
22396,short,337651,385773,276576
22456,long,496912,321542,181546
22516,long,526197,457493,16310
22576,long,424261,357791,217949
22636,long,420588,409474,169937
22696,short,334012,383312,282677
22756,long,340762,277417,381820
22816,hold,314999,253783,431218
22876,long,381857,379036,239107
22936,hold,328597,288369,383034
22996,hold,332196,286150,381654
23056,hold,287236,283479,429285
23116,hold,253647,284763,461590
23176,long,484616,261203,254181
23236,short,332810,366728,300462
23296,hold,320092,263561,416348
23356,hold,253465,210808,535727
23416,hold,254953,245749,499298
23476,hold,322262,259044,418695
23536,hold,300556,297596,401848
23596,hold,307559,299935,392506
23656,hold,302738,312119,385143
23716,hold,284088,254525,461388
23776,hold,236177,218522,545302
23836,hold,276316,270683,453001
23896,short,339538,344325,316137
23956,long,482707,388976,128317
24016,long,434997,428137,136866
24076,long,348748,319397,331855
24136,long,433276,294238,272485
24196,long,382593,307522,309885
24256,long,374011,351181,274808
24316,long,461354,317130,221516
24376,long,373230,350018,276752
24436,hold,333724,279904,386373
24496,hold,249718,268709,481574
24556,short,289071,354284,356645
24616,hold,314444,265443,420113
24676,hold,251503,259446,489051
24736,long,445169,409393,145437
24796,long,375269,354024,270707
24856,long,387486,340443,272071
24916,short,334077,392295,273628
24976,long,489614,347215,163171
25036,hold,319260,270088,410651
25096,short,330567,405475,263959
25156,hold,326140,285765,388095
25216,hold,281205,213856,504939
25276,short,348971,364913,286116
25336,hold,290489,208371,501139
25396,hold,336559,288718,374723
25456,long,354727,349385,295888
25516,long,567029,331437,101533
25576,long,372791,303335,323874
25636,hold,326889,304334,368778
25696,short,263832,380510,355658
25756,hold,331884,298120,369996
25816,hold,334063,272914,393023
25876,hold,252120,213042,534837
25936,hold,269256,280839,449904
25996,hold,302712,330113,367175
26056,hold,245646,186391,567963
26116,long,371224,370556,258220
26176,long,374581,273801,351618
26236,short,378539,397863,223599
26296,hold,255571,200818,543611
26356,hold,218352,223238,558410
26416,hold,300389,336408,363203
26476,short,417489,504004,78507
26536,long,481516,290019,228465
26596,hold,328343,326240,345416
26656,long,454181,367966,177853
26716,hold,331772,268379,399849
26776,short,356321,384017,259661
26836,long,447846,342590,209565
26896,long,362975,311410,325614
26956,hold,264409,323170,412420
27016,hold,247443,191674,560883
27076,hold,263039,252127,484833
27136,short,355433,381355,263212
27196,short,348170,376645,275184
27256,long,631264,367721,1015
27316,long,719415,280436,150
27376,long,795043,202875,2082
27436,long,623223,374184,2593
27496,long,579942,375877,44181
27556,long,495732,370002,134266
27616,long,458120,377205,164675
27676,long,383147,321966,294887
27736,long,454790,320672,224538
27796,long,741887,250844,7269
27856,short,436952,473288,89760
27916,long,549299,288808,161893
27976,long,517917,290500,191583
28036,long,494546,339855,165599
28096,short,395890,587264,16846
28156,long,689090,296663,14247
28216,long,464800,412128,123072
28276,short,407516,444262,148222
28336,short,391581,608376,43
28396,short,470945,529053,2
28456,long,848252,151728,21
28516,long,605234,350716,44050
28576,long,561130,380946,57924
28636,long,471836,383743,144421
28696,long,619565,354108,26327
28756,short,413334,553429,33237
28816,long,606111,356256,37633
28876,long,576782,396718,26500
28936,long,581827,411443,6730
28996,long,459257,435819,104924
29056,long,434256,422458,143287
29116,long,500468,407281,92250
29176,long,497544,375018,127438
29236,long,398412,348849,252739
29296,short,387284,430855,181861
29356,long,355795,332457,311748
29416,hold,337866,322101,340032
29476,hold,328719,290281,381000
29536,long,472967,452102,74931
29596,long,506971,368470,124559
29656,long,453712,361413,184875
29716,long,604830,386619,8552
29776,short,488430,505604,5966
29836,long,470310,419852,109838
29896,long,403107,292229,304664
29956,short,373382,454081,172537
30016,short,367427,422596,209977
30076,long,389551,383674,226775
30136,long,398101,298272,303627
30196,long,434721,412515,152764
30256,long,389029,362785,248186
30316,short,363697,388603,247699
30376,long,377807,313729,308464
30436,long,350610,293169,356221
30496,hold,255510,273877,470614
30556,long,386963,291583,321454
30616,hold,245486,288556,465958
30676,long,374314,355094,270592
30736,long,347956,309645,342400
30796,hold,290515,299235,410250
30856,hold,318448,285331,396221
30916,hold,266886,242576,490538
30976,long,371057,302969,325974
31036,hold,290725,283809,425466
31096,long,509206,358580,132215
31156,long,560909,346230,92861
31216,long,479908,433112,86980
31276,long,456237,354155,189609
31336,hold,315455,326202,358343
31396,long,440788,346655,212557
31456,long,401195,334874,263931
31516,long,401503,352143,246355
31576,hold,279168,271059,449773
31636,long,404453,368392,227156
31696,hold,328977,323990,347033
31756,long,418148,344106,237746
31816,short,453736,461720,84544
31876,hold,337925,262368,399707
31936,short,354021,472611,173368
31996,long,426628,283519,289853
32056,hold,289121,293431,417448
32116,long,371156,311007,317837
32176,long,356313,286598,357089
32236,hold,333171,302053,364776
32296,long,442465,300341,257194
32356,long,435004,338119,226877
32416,short,284275,376383,339343
32476,long,407256,347683,245061
32536,long,367828,299804,332368
32596,short,436061,563799,140
32656,short,476506,504293,19201
32716,long,567257,389765,42978
32776,long,506102,363215,130684
32836,long,434314,423631,142056
32896,short,380664,619333,3
32956,long,727071,272361,569
33016,long,590139,395516,14346
33076,short,370402,380606,248992
33136,hold,317232,330520,352249
33196,long,353264,305057,341680
33256,long,376726,306559,316715
33316,long,348061,323255,328684
33376,long,467222,308688,224089
33436,hold,334431,333999,331571
33496,hold,277630,304806,417564
33556,hold,264721,316571,418708
33616,hold,322253,241480,436267
33676,hold,247235,240656,512109
33736,hold,299208,274730,426063
33796,hold,270636,234502,494862
33856,hold,277295,270210,452495
33916,long,346409,329185,324406
33976,long,377135,318306,304559
34036,short,448350,484972,66679
34096,long,406653,324823,268524
34156,long,371325,359306,269369
34216,long,383529,323546,292925
34276,long,438971,362198,198830
34336,long,405266,317091,277643
34396,long,513370,337809,148821
34456,hold,336224,317153,346624
34516,short,359153,376968,263879
34576,hold,284083,308971,406946
34636,hold,328185,297706,374109
34696,hold,295526,260079,444395
34756,hold,254870,255237,489892
34816,hold,238506,199256,562237
34876,hold,284342,306310,409349
34936,hold,320199,298323,381478
34996,hold,308463,263792,427745
35056,hold,212160,236936,550904
35116,hold,224481,235813,539706
35176,hold,304196,328301,367503
35236,hold,201581,249453,548966
35296,hold,213761,211228,575011
35356,hold,225441,255527,519033
35416,hold,231231,248222,520547
35476,long,342208,324004,333789
35536,hold,212633,239910,547456
35596,hold,251676,264293,484032
35656,hold,278119,267488,454392
35716,hold,266789,280085,453126
35776,hold,206735,208932,584333
35836,hold,245055,229098,525847
35896,hold,179489,230055,590456
35956,hold,248622,263674,487704
36016,hold,196680,202674,600647
36076,hold,258957,229638,511406
36136,hold,262912,235971,501117
36196,hold,179085,206230,614686
36256,hold,197780,177836,624384
36316,hold,240516,236953,522530
36376,hold,188315,200278,611407
36436,hold,201677,201514,596809
36496,hold,262530,244485,492984
36556,hold,207072,213926,579002
36616,hold,301014,240237,458749
36676,hold,208504,213622,577873
36736,hold,164981,203283,631735
36796,hold,219850,182081,598069
36856,hold,216689,221985,561326
36916,hold,218139,206943,574918
36976,hold,167482,200562,631957
37036,hold,208310,204996,586693
37096,hold,240258,222068,537674
37156,hold,195252,215765,588983
37216,hold,197975,219532,582492
37276,hold,248320,241935,509745
37336,hold,305097,285521,409382
37396,short,427066,528439,44495
37456,long,555394,388546,56061
37516,short,439182,534277,26542
37576,long,530621,341722,127656
37636,long,433948,364212,201841
37696,short,346557,365503,287940
37756,long,475005,361881,163114
37816,short,412911,435173,151917
37876,long,573771,394796,31433
37936,long,589166,383265,27569
37996,long,417139,364055,218806
38056,short,345049,388298,266653
38116,long,490499,382648,126853
38176,long,385354,320741,293906
38236,short,442422,522699,34879
38296,long,497554,447502,54944
38356,long,583240,340899,75861
38416,long,458174,403137,138689
38476,long,609142,366389,24469
38536,long,570662,349174,80164
38596,long,421314,416931,161755
38656,long,354841,343244,301915
38716,long,374393,307828,317779
38776,short,339532,398119,262348
38836,long,401351,296277,302373
38896,hold,317406,292663,389931
38956,long,396145,358101,245754
39016,long,450253,315093,234654
39076,long,374485,255948,369568
39136,hold,282208,271813,445979
39196,hold,261950,280562,457488
39256,hold,233497,242420,524083
39316,hold,293615,260160,446225
39376,hold,320372,300035,379594
39436,long,353162,304956,341882
39496,hold,329726,280063,390211
39556,hold,265972,280636,453391
39616,hold,277353,286866,435781
39676,hold,288554,292080,419366
39736,short,375152,414220,210628
39796,long,586381,332373,81246
39856,short,424446,446157,129397
39916,long,431772,318939,249289
39976,long,446614,392233,161153
40036,long,455079,380669,164252
40096,long,353136,307352,339512
40156,long,508851,366977,124173
40216,long,564159,356076,79765
40276,long,386829,369202,243968
40336,hold,324586,312179,363235
40396,hold,226866,254188,518946
40456,hold,307787,308525,383688
40516,hold,231132,280941,487927
40576,hold,257159,258850,483991
40636,hold,204460,226252,569288
40696,hold,254127,251895,493978
40756,hold,224745,268931,506324
40816,hold,226667,279669,493664
40876,hold,282874,284213,432913
40936,hold,244055,264323,491622
40996,hold,314812,251552,433635
41056,hold,246661,239751,513588
41116,long,387833,332482,279685
41176,long,422928,356739,220333
41236,long,419678,369911,210411
41296,long,347047,346118,306836
41356,hold,329814,238404,431783
41416,short,356902,374314,268784
41476,short,465194,486674,48132
41536,long,647249,327670,25081
41596,long,481147,393559,125294
41656,long,415806,344622,239573
41716,long,408024,293530,298446
41776,long,342726,328293,328981
41836,hold,334070,229681,436249
41896,hold,337597,321568,340835
41956,hold,308752,280059,411190
42016,hold,266755,247343,485902
42076,hold,238962,226032,535006
42136,hold,186111,226535,587353
42196,hold,292193,307510,400297
42256,hold,252105,311942,435953
42316,hold,231389,229916,538695
42376,hold,277635,273034,449331
42436,hold,271926,264971,463103
42496,hold,223364,260529,516107
42556,long,355708,338518,305774
42616,long,368294,331398,300308
42676,long,472714,407315,119971
42736,short,379415,400771,219814
42796,long,364676,325368,309956
42856,hold,301952,287456,410592
42916,short,315456,346854,337690
42976,hold,288244,260884,450872
43036,long,433980,302606,263414
43096,hold,244746,225884,529370
43156,hold,247058,264942,488000
43216,short,346380,401922,251698
43276,hold,294027,237595,468378
43336,hold,223186,277985,498829
43396,hold,323044,303797,373158
43456,hold,289906,316043,394051
43516,hold,274856,268261,456883
43576,hold,226407,241055,532539
43636,hold,250585,219341,530073
43696,hold,268864,294591,436545
43756,hold,301137,292733,406131
43816,hold,257100,246274,496626
43876,hold,262464,301832,435703
43936,hold,234595,250837,514569
43996,hold,269192,250830,479977
44056,long,371517,305804,322679
44116,long,411768,398156,190076
44176,long,410245,371410,218346
44236,long,393280,338442,268278
44296,hold,311097,283383,405520
44356,long,559511,405062,35427
44416,long,504561,366373,129067
44476,long,409203,342939,247859
44536,hold,265238,279305,455457
44596,hold,277464,278892,443643
44656,hold,264683,221709,513608
44716,hold,235012,264672,500315
44776,hold,243413,226701,529886
44836,hold,253939,243455,502606
44896,hold,277441,257667,464892
44956,hold,211408,209538,579054
45016,hold,162850,207958,629192
45076,hold,222367,245167,532465
45136,hold,246816,237259,515925
45196,hold,280348,270343,449309
45256,hold,307570,307915,384516
45316,hold,294736,234952,470312
45376,hold,276093,284973,438934
45436,hold,167664,180285,652051
45496,hold,249702,277560,472738
45556,hold,276838,289349,433813
45616,hold,224560,296118,479321
45676,hold,277942,294544,427514
45736,hold,198326,248865,552809
45796,hold,276648,260076,463275
45856,long,375202,350227,274571
45916,hold,339774,303819,356407
45976,short,322707,383277,294016
46036,long,404821,371999,223180
46096,hold,339910,245858,414232
46156,hold,226995,220296,552709
46216,hold,262194,270725,467081
46276,short,444378,513128,42494
46336,long,484146,409258,106596
46396,hold,337901,301384,360715
46456,hold,212412,220160,567429
46516,hold,287931,321494,390575
46576,hold,325034,313485,361481
46636,long,377292,291775,330934
46696,short,320739,346306,332955
46756,hold,248218,267819,483962
46816,long,383888,329337,286775
46876,long,475508,374850,149641
46936,long,401842,293817,304341
46996,short,367966,424672,207362
47056,short,353687,421787,224525
47116,long,415383,387475,197142
47176,long,565052,371268,63680
47236,long,557746,408096,34158
47296,long,416845,292794,290362
47356,short,337414,382973,279613
47416,long,567981,352466,79553
47476,long,705848,280532,13621
47536,long,510224,451653,38123
47596,long,563467,435925,608
47656,long,744101,255893,6
47716,long,574540,401284,24176
47776,long,439061,397463,163477
47836,long,585312,377244,37445
47896,long,479206,323178,197616
47956,long,393290,379313,227397
48016,long,441261,317109,241630
48076,long,465127,382265,152608
48136,long,449026,302169,248805
48196,long,411832,319092,269075
48256,long,411656,376836,211508
48316,long,428312,411402,160286
48376,long,517059,446449,36493
48436,long,589583,362018,48399
48496,long,552483,352983,94535
48556,long,451713,375358,172929
48616,long,562122,322286,115592
48676,long,370553,274256,355191
48736,long,424837,340465,234698
48796,long,383778,353075,263147
48856,short,426049,464585,109366
48916,long,378162,319228,302609
48976,hold,321342,322683,355975
49036,short,350177,379380,270443
49096,long,350965,343709,305326
49156,hold,270769,296077,433154
49216,hold,316952,326496,356552
49276,long,469743,465514,64743
49336,long,560773,331711,107516
49396,hold,337145,331258,331598
49456,long,412036,384903,203061
49516,long,436749,363378,199873
49576,hold,306793,297570,395637
49636,long,382715,324550,292735
49696,hold,283663,291721,424616
49756,long,389650,362344,248005
49816,short,387000,459423,153577
49876,short,420891,546746,32363
49936,long,608203,351542,40255
49996,long,475030,359254,165716
50056,long,487963,314514,197523
50116,long,458831,337980,203189
50176,short,462704,535150,2146
50236,long,597831,363549,38620
50296,long,551768,415694,32538
50356,long,500002,393978,106019
50416,short,282656,415381,301963
50476,hold,312438,335388,352174
50536,long,369727,327694,302580
50596,long,446116,334861,219022
50656,hold,269365,268604,462031
50716,hold,270818,302456,426726
50776,hold,314126,327127,358747
50836,long,388185,361518,250297
50896,hold,263182,253189,483629
50956,hold,307102,308255,384643
51016,hold,301889,302086,396025
51076,long,353517,267305,379178
51136,hold,315168,287660,397171
51196,short,380716,401525,217759
51256,hold,275181,237582,487237
51316,long,485411,417464,97125
51376,long,425592,410556,163851
51436,short,385942,451002,163056
51496,short,379346,535970,84684
51556,long,426058,361912,212029
51616,hold,307927,272930,419143
51676,long,390771,381412,227817
51736,long,494321,350079,155600
51796,long,452867,387196,159937
51856,long,451373,386029,162597
51916,long,407488,358872,233640
51976,long,395971,357639,246390
52036,hold,269940,287731,442329
52096,hold,279305,220668,500027
52156,hold,234347,237165,528488
52216,hold,263294,231982,504725
52276,hold,239546,248560,511894
52336,hold,223176,252427,524396
52396,long,349684,304068,346249
52456,hold,290017,295894,414088
52516,hold,312365,316168,371467
52576,hold,308866,328304,362830
52636,long,341430,296275,362295
52696,short,397164,418435,184402
52756,long,517739,382468,99793
52816,long,534039,362591,103370
52876,long,495850,353193,150958
52936,long,424143,403677,172180
52996,long,410651,343361,245988
53056,long,454262,374012,171726
53116,long,345475,322528,331997
53176,short,397111,443910,158979
53236,long,405262,344176,250562
53296,hold,290391,292026,417583
53356,hold,271375,294815,433810
53416,long,423868,348853,227280
53476,hold,263382,260845,475774
53536,hold,256207,259737,484056
53596,hold,283613,272214,444173
53656,hold,310638,274552,414810
53716,long,376942,311101,311957
53776,hold,306413,310773,382813
53836,hold,260220,231936,507844
53896,hold,221579,263162,515259
53956,hold,240588,232811,526602
54016,hold,217716,260981,521304
54076,hold,252821,300246,446933
54136,long,494640,307864,197496
54196,short,329224,653739,17037
54256,long,654923,310876,34201
54316,long,502473,408828,88700
54376,long,463257,347485,189258
54436,long,407219,383507,209273
54496,long,467760,358188,174052
54556,long,497871,330212,171917
54616,short,375751,392729,231520
54676,long,350320,313545,336135
54736,hold,291597,321597,386806
54796,hold,223574,240006,536420
54856,hold,253360,260308,486332
54916,hold,274801,231754,493445
54976,hold,240277,246212,513511
55036,hold,310493,261286,428221
55096,hold,251496,267224,481280
55156,hold,231926,260054,508020
55216,hold,199738,202487,597776
55276,hold,257075,239006,503919
55336,hold,248253,200869,550878
55396,hold,243896,245744,510360
55456,hold,223422,253377,523201
55516,hold,222674,237985,539341
55576,short,301254,438540,260206
55636,hold,282667,288242,429091
55696,short,349749,355319,294932
55756,hold,265360,278978,455662
55816,hold,175570,215014,609415
55876,hold,219494,219094,561412
55936,hold,240132,234474,525395
55996,hold,237140,243476,519384
56056,hold,220746,197033,582221
56116,hold,193463,207019,599518
56176,hold,226784,242580,530636
56236,hold,220774,204795,574431
56296,hold,245220,253577,501203
56356,hold,204900,232140,562961
56416,hold,197181,232259,570560
56476,hold,198701,211023,590276
56536,hold,228368,249147,522485
56596,hold,235389,216907,547704
56656,hold,225729,238511,535760
56716,hold,268424,266321,465255
56776,hold,337401,304689,357910
56836,hold,228413,263400,508188
56896,hold,269376,266928,463695
56956,hold,288422,325142,386437
57016,long,348566,290679,360756
57076,hold,300032,322387,377580
57136,hold,299758,319795,380447
57196,hold,204687,277429,517883
57256,hold,267287,268572,464141
57316,hold,229978,262906,507116
57376,hold,263262,252011,484727
57436,hold,318163,284920,396918
57496,long,556839,378674,64486
57556,long,408285,276699,315016
57616,hold,268477,247350,484174
57676,short,312000,368586,319414
57736,long,541218,341880,116902
57796,long,394826,250944,354230
57856,hold,269569,235343,495088
57916,hold,306643,315070,378286
57976,hold,335712,305806,358482
58036,hold,253259,272482,474258
58096,hold,310490,274775,414735
58156,hold,264327,288709,446964
58216,hold,295922,269717,434361
58276,hold,261814,299712,438475
58336,hold,237408,280347,482245
58396,long,341338,311090,347572
58456,short,342330,365446,292224
58516,long,455695,364951,179354
58576,short,411596,423294,165109
58636,short,326484,370698,302818
58696,hold,249298,247386,503316
58756,hold,258380,240984,500636
58816,hold,262681,251301,486018
58876,hold,280757,260238,459005
58936,hold,290874,240163,468963
58996,hold,258920,272424,468657
59056,hold,265317,246126,488557
59116,hold,300970,259630,439400
59176,hold,225405,256634,517961
59236,hold,324979,279581,395440
59296,hold,258896,245580,495524
59356,hold,184007,179696,636297
59416,hold,244035,301895,454069
59476,hold,180474,174472,645054
59536,hold,240796,232599,526605
59596,hold,198459,217799,583742
59656,hold,256161,258008,485831
59716,hold,289935,250135,459930
59776,short,327536,344016,328448
59836,hold,273148,279096,447756
59896,long,447115,338953,213932
59956,long,471701,328863,199436
60016,hold,326317,299179,374504
60076,long,379972,328850,291179
60136,long,404004,367953,228042
60196,hold,323245,315883,360872
60256,long,426650,390656,182694
60316,hold,283434,248535,468031
60376,hold,267490,241871,490639
60436,long,384209,349981,265810
60496,hold,327438,252621,419941
60556,hold,276198,328735,395068
60616,hold,255645,259700,484656
60676,long,453979,337137,208884
60736,long,346691,306712,346597
60796,hold,287625,281859,430517
60856,hold,291041,237506,471453
60916,hold,237271,249848,512880
60976,hold,214346,193668,591986
61036,hold,290891,271620,437490
61096,hold,244977,245663,509360
61156,hold,265683,235829,498488
61216,hold,264258,248825,486917
61276,long,375094,334605,290300
61336,long,715686,275271,9043
61396,long,527020,400674,72306
61456,long,428595,379041,192364
61516,long,410956,352476,236568
61576,long,374464,360365,265171
61636,long,398268,324869,276863
61696,long,380876,290673,328451
61756,hold,339485,307872,352643
61816,hold,248313,255842,495845
61876,long,381141,263532,355327
61936,hold,287920,304930,407150
61996,hold,309776,299055,391169
62056,hold,309718,294111,396171
62116,hold,264515,256349,479136
62176,hold,240447,263256,496297
62236,long,409179,306708,284113
62296,long,368393,286124,345483
62356,short,405032,406288,188680
62416,short,311112,360134,328754
62476,hold,276315,258659,465026
62536,hold,256126,254666,489208
62596,hold,231633,238355,530012
62656,long,372595,356054,271351
62716,short,310870,353488,335642
62776,short,372233,384513,243255
62836,long,487167,369843,142990
62896,long,414879,357356,227765
62956,long,382174,382072,235754
63016,long,367385,321186,311429
63076,hold,282966,252242,464792
63136,hold,302192,287836,409973
63196,hold,284899,289371,425730
63256,hold,224144,251437,524419
63316,hold,264173,274672,461156
63376,hold,206149,209782,584069
63436,hold,212891,279236,507873
63496,hold,244796,266563,488641
63556,hold,220310,273432,506258
63616,hold,254781,228243,516976
63676,hold,215558,227436,557005
63736,hold,287466,260433,452101
63796,hold,229294,209869,560836
63856,hold,224595,238461,536944
63916,hold,190195,191923,617883
63976,hold,181159,218880,599961
64036,hold,236983,232547,530469
64096,hold,270385,265554,464060
64156,hold,296720,254268,449013
64216,hold,249870,260422,489709
64276,short,340782,609962,49256
64336,long,407861,374704,217435
64396,hold,337264,320122,342614
64456,hold,289928,276161,433911
64516,hold,275785,278049,446166
64576,long,436956,289359,273685
64636,long,508368,381448,110184
64696,hold,282556,242878,474567
64756,hold,281062,281254,437684
64816,hold,252000,259394,488606
64876,hold,230740,212705,556554
64936,hold,186818,206801,606381
64996,hold,157010,184585,658405
65056,hold,240577,225290,534133
65116,hold,196567,222251,581182
65176,hold,189255,199066,611680
65236,hold,238221,238534,523245
65296,hold,270082,231314,498604
65356,hold,194498,193360,612142
65416,hold,170915,221718,607367
65476,hold,165392,208618,625990
65536,hold,199005,238451,562544
65596,hold,194912,200536,604552
65656,hold,277005,273900,449096
65716,hold,278763,279916,441322
65776,hold,211018,232451,556531
65836,hold,238673,260825,500502
65896,hold,226264,232671,541065
65956,hold,185452,220531,594017
66016,hold,222323,252194,525483
66076,hold,214624,220025,565350
66136,hold,215948,217354,566698
66196,hold,308639,290551,400810
66256,hold,223087,184840,592072
66316,hold,193060,225212,581727
66376,hold,207216,232657,560126
66436,hold,236168,235973,527859
66496,hold,200452,203402,596146
66556,hold,187567,198575,613858
66616,hold,227809,225122,547069
66676,hold,242000,213854,544146
66736,hold,194738,209765,595496
66796,hold,226868,213342,559789
66856,hold,174882,187295,637823
66916,hold,156212,186230,657558
66976,hold,178152,211561,610287
67036,hold,274662,246871,478467
67096,hold,313453,302070,384477
67156,hold,188189,202333,609477
67216,hold,226341,225660,547999
67276,hold,244516,237427,518057
67336,hold,246728,249853,503420
67396,hold,301432,263586,434982
67456,hold,212575,243542,543883
67516,hold,170705,212019,617276
67576,hold,157653,180691,661656
67636,long,416887,312915,270198
67696,long,388732,321427,289840
67756,hold,281829,263950,454221
67816,hold,206225,266681,527094
67876,hold,233476,224838,541687
67936,hold,233836,232176,533988
67996,hold,266775,267833,465392
68056,hold,231895,247050,521055
68116,hold,228974,259595,511431
68176,hold,285851,287690,426458
68236,hold,233717,245609,520675
68296,hold,224250,216351,559399
68356,hold,248299,254858,496843
68416,hold,204304,240724,554971
68476,hold,240431,245579,513990
68536,hold,338815,326125,335060
68596,hold,212278,242005,545718
68656,long,480239,373341,146420
68716,long,417539,305953,276508
68776,long,360034,294709,345258
68836,hold,304452,339695,355853
68896,hold,222749,240847,536404
68956,hold,232352,210298,557351
69016,hold,219870,238738,541392
69076,hold,213052,231409,555539
69136,hold,263628,254111,482260
69196,hold,279298,294261,426441
69256,hold,200419,204804,594777
69316,hold,247408,237619,514972
69376,hold,178513,208934,612553
69436,hold,221508,240921,537571
69496,long,367652,327006,305342
69556,long,359131,312979,327891
69616,hold,270197,260047,469756
69676,hold,334587,257829,407585
69736,hold,212533,228769,558698
69796,hold,231787,253435,514778
69856,hold,247714,214535,537752
69916,hold,322962,249325,427713
69976,hold,271902,269495,458604
70036,long,518928,388426,92646
70096,long,396827,355346,247826
70156,long,411479,358599,229922
70216,long,482290,414021,103689
70276,long,430560,392017,177423
70336,long,392869,286318,320813
70396,long,390713,383640,225647
70456,hold,327564,283332,389104
70516,hold,234522,187368,578111
70576,hold,203295,246887,549818
70636,short,318488,361780,319731
70696,hold,248882,217944,533174
70756,hold,200303,262226,537472
70816,hold,222426,254499,523075
70876,long,340938,256956,402106
70936,hold,251788,216437,531775
70996,hold,175145,184960,639895
71056,hold,185144,235269,579588
71116,hold,170856,207531,621613
71176,hold,222583,171955,605462
71236,hold,204233,218956,576811
71296,hold,175945,225330,598725
71356,hold,198585,216521,584894
71416,hold,252881,258751,488369
71476,long,453969,386370,159661
71536,long,353959,273486,372555
71596,hold,242969,291128,465903
71656,short,317480,365445,317075
71716,long,471059,407877,121064
71776,hold,339159,262399,398442
71836,hold,298065,283001,418933
71896,hold,239593,247014,513394
71956,hold,264528,255193,480279
72016,hold,250167,272588,477244
72076,hold,236520,232145,531335
72136,hold,249500,277597,472903
72196,hold,223664,252619,523717
72256,hold,183005,206007,610988
72316,hold,191958,232158,575884
72376,hold,274980,253498,471522
72436,hold,223983,240718,535299
72496,hold,238542,236163,525295
72556,hold,169490,185295,645215
72616,hold,205344,224813,569843
72676,hold,143035,174146,682819
72736,hold,211976,225711,562313
72796,hold,199591,233135,567275
72856,hold,256333,213285,530382
72916,long,466002,382391,151607
72976,long,373999,370956,255044
73036,hold,312537,268655,418808
73096,hold,254507,235408,510085
73156,hold,283033,250709,466258
73216,hold,249239,243216,507545
73276,hold,257237,264353,478411
73336,hold,271732,261803,466465
73396,hold,249207,248674,502119
73456,hold,200028,225202,574770
73516,hold,244883,246110,509008
73576,hold,206532,208250,585218
73636,hold,199619,214465,585916
73696,hold,241383,214798,543820
73756,hold,227490,231356,541154
73816,hold,190602,210318,599080
73876,hold,169596,179305,651099
73936,hold,281235,264871,453893
73996,hold,235490,212652,551858
74056,hold,324054,280040,395906
74116,hold,192993,255669,551338
74176,hold,287367,243767,468866
74236,short,333151,343471,323379
74296,hold,255972,302928,441099
74356,long,466025,359929,174046
74416,long,663551,316950,19500
74476,long,449257,383781,166962
74536,long,485458,433156,81386
74596,long,419886,377694,202420
74656,long,542390,379787,77822
74716,long,425336,354092,220572
74776,hold,323027,334535,342438
74836,long,348528,312462,339010
74896,hold,264636,247907,487458
74956,hold,259917,232782,507301
75016,hold,193371,206295,600334
75076,hold,216200,241170,542630
75136,hold,282415,244517,473068
75196,hold,197473,228749,573778
75256,hold,167170,179053,653776
75316,hold,162860,201633,635508
75376,hold,206672,233605,559722
75436,hold,255964,273593,470444
75496,hold,206766,218774,574460
75556,hold,211187,232202,556611
75616,hold,178328,171949,649723
75676,hold,213504,209525,576971
75736,hold,222252,231592,546156
75796,hold,208328,222303,569369
75856,hold,244573,231819,523608
75916,hold,248952,242870,508178
75976,hold,178909,203856,617236
76036,hold,277319,254171,468510
76096,hold,216419,196803,586777
76156,hold,254096,256329,489574
76216,hold,175059,183527,641414
76276,hold,228984,214372,556644
76336,hold,178506,191086,630408
76396,hold,218302,218616,563082
76456,hold,212889,213619,573492
76516,hold,219688,218898,561415
76576,hold,245356,228108,526536
76636,hold,172955,210069,616976
76696,hold,266482,232923,500595
76756,hold,227973,215956,556071
76816,hold,194770,210084,595147
76876,hold,158152,211131,630717
76936,hold,188042,198937,613021
76996,hold,183476,202834,613691
77056,hold,166440,198752,634808
77116,hold,225003,232126,542871
77176,hold,246805,217308,535887
77236,hold,255194,240489,504317
77296,hold,258538,256960,484502
77356,hold,191527,224458,584015
77416,hold,196825,190231,612944
77476,hold,189797,208233,601969
77536,hold,155250,193722,651028
77596,hold,180785,179083,640132
77656,hold,154257,185122,660621
77716,hold,338877,286389,374734
77776,hold,214880,223433,561687
77836,hold,282541,304494,412965
77896,long,358281,297054,344664
77956,hold,269313,283474,447213
78016,hold,307086,309264,383649
78076,hold,315126,284177,400698
78136,hold,181781,209427,608792
78196,hold,193431,270245,536324
78256,hold,261101,273440,465459
78316,hold,257402,256784,485814
78376,hold,284928,272508,442564
78436,hold,255244,272962,471794
78496,hold,229206,215188,555606
78556,long,422026,363841,214133
78616,short,315144,352475,332381
78676,long,533494,425199,41307
78736,long,473578,417741,108681
78796,long,426309,387190,186501
78856,long,355081,322414,322505
78916,long,386180,342971,270849
78976,long,465471,356233,178296
79036,long,440897,341388,217715
79096,short,457189,469940,72871
79156,long,591765,369574,38661
79216,short,478333,500257,21410
79276,long,604558,360419,35023
79336,short,359536,458202,182262
79396,short,333923,352460,313617
79456,long,406597,336547,256855
79516,long,402193,348791,249017
79576,hold,331576,316186,352237
79636,short,413294,580100,6607
79696,long,726767,265303,7930
79756,long,437424,412751,149825
79816,short,485316,506951,7733
79876,long,613952,347552,38496
79936,long,386958,333255,279787
79996,short,334537,498875,166588
80056,long,508971,366594,124435
80116,long,593481,405828,691
80176,long,648680,339372,11948
80236,long,469193,441801,89006
80296,short,418335,486464,95201
80356,short,419069,534750,46181
80416,long,480502,311761,207737
80476,long,405516,384758,209726
80536,long,380966,342146,276887
80596,long,361506,331426,307069
80656,long,366622,308149,325229
80716,long,388155,288261,323584
80776,long,354375,252331,393294
80836,hold,255131,274759,470109
80896,short,340175,351596,308229
80956,long,341542,275977,382480
81016,long,350276,277947,371777
81076,hold,307404,277384,415212
81136,short,400618,412043,187339
81196,hold,308001,243524,448475
81256,hold,288971,307937,403092
81316,hold,281493,322867,395641
81376,long,371804,323631,304566
81436,long,425352,381430,193218
81496,long,506250,426103,67647
81556,long,579414,402102,18484
81616,short,387988,566746,45266
81676,long,562152,323789,114059
81736,long,523846,456746,19408
81796,long,703236,296045,719
81856,short,356585,641865,1549
81916,long,724210,256592,19198
81976,short,459449,502010,38541
82036,long,479242,383253,137505
82096,long,487797,362652,149551
82156,long,481387,331281,187332
82216,long,444647,356824,198529
82276,long,492688,352650,154663
82336,long,415990,349611,234399
82396,long,385746,284478,329776
82456,hold,292365,311011,396623
82516,hold,320477,288217,391306
82576,hold,288034,332634,379332
82636,long,430472,342185,227343
82696,hold,310639,278017,411344
82756,hold,313082,309338,377580
82816,short,387102,449377,163521
82876,long,348123,250768,401109
82936,long,518832,395478,85690
82996,long,581207,408513,10280
83056,long,494439,354253,151308
83116,long,520801,379935,99264
83176,long,491438,332191,176371
83236,short,373682,436610,189708
83296,short,443448,532968,23584
83356,long,598203,302211,99587
83416,long,387150,374202,238648
83476,long,343953,286643,369403
83536,hold,283026,295945,421030
83596,long,353542,290689,355769
83656,long,748800,250324,876
83716,long,711811,286087,2102
83776,long,560777,434333,4891
83836,long,545899,441394,12708
83896,short,478566,486132,35302
83956,long,558194,361096,80710
84016,short,371469,615037,13494
84076,long,589412,366815,43773
84136,long,512214,392784,95002
84196,long,441153,327538,231309
84256,long,443260,389078,167662
84316,short,395203,456135,148662
84376,long,506034,419157,74808
84436,long,589528,378489,31983
84496,long,421032,403383,175585
84556,long,524622,340961,134417
84616,long,504668,346422,148910
84676,long,587522,359411,53067
84736,short,400066,428812,171122
84796,long,480185,355189,164626
84856,long,424459,338338,237203
84916,long,434814,303344,261842
84976,hold,310583,220460,468957
85036,hold,329753,295788,374459
85096,long,452627,300569,246804
85156,long,383832,329760,286408
85216,long,381756,313317,304927
85276,hold,247958,304765,447277
85336,hold,310691,299160,390149
85396,long,387630,284734,327636
85456,long,351946,266378,381675
85516,hold,251631,245279,503090
85576,hold,322745,318157,359099
85636,short,370821,429704,199475
85696,hold,294147,264319,441534
85756,short,277323,366813,355863
85816,short,328119,354230,317651
85876,short,356444,378441,265115
85936,long,369032,287134,343833
85996,hold,322514,310360,367127
86056,hold,255621,284965,459414
86116,hold,250984,234528,514488
86176,hold,275745,324667,399588
86236,hold,208116,242727,549157
86296,hold,250694,261567,487739
86356,short,353862,394687,251452
86416,hold,293991,277943,428066
86476,hold,275736,251848,472417
86536,hold,301890,329509,368601
86596,long,356809,287657,355533
86656,hold,302730,263240,434030
86716,hold,324793,256832,418375
86776,hold,225466,253440,521094
86836,hold,278253,272713,449034
86896,short,307212,347397,345392
86956,hold,324560,256458,418983
87016,hold,252364,251279,496358
87076,hold,256170,298261,445568
87136,hold,238208,301906,459886
87196,hold,283913,332687,383399
87256,short,348051,441024,210925
87316,long,368502,325651,305847
87376,long,761359,223048,15593
87436,long,623995,318772,57232
87496,long,529970,394270,75760
87556,long,596308,293469,110223
87616,long,506355,253264,240380
87676,long,387844,379204,232951
87736,long,434419,339129,226452
87796,short,354497,439223,206280
87856,short,433711,477304,88985
87916,long,404363,399107,196529
87976,long,473354,361747,164899
88036,short,348533,426220,225247
88096,long,388715,362536,248750
88156,long,341204,324178,334617
88216,hold,262022,316060,421918
88276,long,522318,435958,41723
88336,long,403480,369965,226555
88396,long,510711,441495,47794
88456,long,412681,409264,178055
88516,long,426098,333652,240249
88576,long,347770,304194,348036
88636,short,353030,361456,285514
88696,long,418041,329463,252496
88756,long,528992,470966,42
88816,long,632248,359833,7919
88876,long,469518,467451,63031
88936,short,367949,599884,32168
88996,long,630592,369381,27
89056,long,625982,372788,1230
89116,long,536853,416994,46154
89176,long,505128,450931,43941
89236,long,534914,423016,42069
89296,long,491884,409050,99066
89356,long,498406,450984,50610
89416,long,721738,278178,84
89476,long,589266,359182,51552
89536,short,423265,449687,127048
89596,short,446910,506155,46935
89656,long,382843,313074,304082
89716,short,393360,465740,140900
89776,long,515021,376259,108720
89836,long,430839,375087,194074
89896,short,346093,357487,296421
89956,long,399058,394081,206861
90016,long,386520,353985,259495
90076,long,464188,447059,88753
90136,long,580451,384629,34920
90196,long,699732,299935,333
90256,long,691986,300047,7967
90316,long,582842,362140,55018
90376,long,519981,375598,104421
90436,short,476227,487335,36439
90496,long,513011,353992,132997
90556,long,662354,309144,28503
90616,long,643043,251441,105516
90676,long,358102,349025,292873
90736,short,414001,429394,156605
90796,long,487932,355545,156523
90856,short,400527,451916,147557
90916,long,443394,314405,242201
90976,long,487137,369886,142977
91036,long,445926,369565,184509
91096,hold,305267,324775,369958
91156,hold,303044,322236,374719
91216,hold,249918,272099,477983
91276,long,340457,303275,356268
91336,long,341904,311461,346634
91396,long,493698,272349,233953
91456,short,361578,425480,212942
91516,long,477574,459683,62743
91576,long,579402,345964,74634
91636,long,575415,421470,3115
91696,long,510051,449921,40028
91756,long,516711,344758,138531
91816,short,479362,483043,37595
91876,long,431419,334193,234389
91936,long,418947,375962,205091
91996,short,402852,423797,173352
92056,long,392104,337391,270504
92116,hold,308443,298947,392610
92176,long,393068,362861,244071
92236,long,416594,305497,277909
92296,long,519935,319267,160799
92356,long,464940,415640,119420
92416,hold,334093,285760,380147
92476,long,383016,303921,313062
92536,short,302932,352604,344464
92596,long,395853,343152,260995
92656,long,400404,343289,256306
92716,long,406651,389061,204288
92776,long,427672,371537,200791
92836,long,414134,347828,238038
92896,short,346361,372431,281208
92956,long,508845,365713,125442
93016,long,519966,378336,101698
93076,long,600440,377772,21787
93136,short,413360,490195,96446
93196,long,574524,406885,18592
93256,long,652876,305259,41864
93316,long,424575,416504,158922
93376,long,517672,387562,94766
93436,long,480424,368611,150965
93496,short,456803,506813,36384
93556,long,526189,288878,184933
93616,short,94178,905822,0
93676,long,827214,172660,127
93736,long,664033,318970,16997
93796,short,420178,472997,106825
93856,long,514286,326435,159279
93916,hold,326043,243126,430831
93976,hold,269243,314798,415958
94036,long,358651,318606,322742
94096,long,379697,336360,283943
94156,long,425035,313128,261837
94216,long,429042,378332,192625
94276,short,324046,361496,314458
94336,hold,316347,319812,363841
94396,short,444191,516854,38955
94456,long,592240,360887,46873
94516,short,456844,537968,5188
94576,long,635466,361479,3055
94636,long,648849,341159,9992
94696,long,621362,329101,49538
94756,long,465763,423997,110240
94816,short,428902,547901,23197
94876,long,733115,266567,318
94936,long,660725,323672,15603
94996,long,453271,450364,96365
95056,short,339763,342772,317466
95116,short,332595,427494,239911
95176,long,537140,344962,117898
95236,short,354407,382722,262871
95296,long,370347,301486,328167
95356,hold,212379,234993,552628
95416,hold,289920,326354,383726
95476,hold,234226,243142,522632
95536,hold,324581,305083,370335
95596,hold,310222,263778,426001
95656,hold,324614,315972,359414
95716,hold,276753,300842,422405
95776,hold,327067,277278,395654
95836,hold,271906,274888,453206
95896,hold,247413,249966,502621
95956,hold,326628,288102,385270
96016,hold,332122,325656,342222
96076,long,395636,382757,221607
96136,long,362408,291813,345780
96196,hold,265972,289401,444627
96256,hold,258052,213865,528084
96316,hold,168813,198625,632561
96376,hold,247828,285970,466202
96436,hold,321730,239722,438548
96496,hold,273961,246738,479301
96556,hold,251854,263706,484440
96616,hold,283458,287970,428572
96676,hold,291706,292874,415420
96736,hold,260922,261873,477205
96796,hold,216251,236053,547696
96856,hold,264777,307134,428088
96916,hold,233102,220006,546892
96976,hold,235986,249396,514618
97036,hold,275303,269199,455498
97096,long,349693,318477,331830
97156,long,415748,380304,203949
97216,long,466394,357167,176439
97276,short,345422,377400,277178
97336,long,541902,411168,46931
97396,long,488280,306801,204919
97456,long,496168,414690,89142
97516,long,556726,369205,74069
97576,long,491678,451093,57229
97636,long,553147,369388,77466
97696,long,442231,313745,244023
97756,short,348578,388871,262551
97816,long,589462,374534,36004
97876,long,561161,418959,19880
97936,short,477651,500687,21662
97996,short,416946,555140,27914
98056,long,403226,328332,268442
98116,short,364445,393917,241638
98176,hold,333065,271820,395114
98236,hold,237223,238958,523819
98296,long,341948,312128,345924
98356,hold,317472,329557,352971
98416,long,358784,346689,294527
98476,long,555758,386113,58129
98536,long,589802,356542,53656
98596,short,399064,441442,159494
98656,long,481340,431216,87444
98716,long,448369,435201,116429
98776,long,507283,491801,916
98836,long,779849,217026,3125
98896,short,454542,513321,32137
98956,long,494460,491217,14324
99016,long,611404,379011,9585
99076,long,546638,446953,6409
99136,long,603780,327675,68545
99196,long,537878,371651,90471
99256,long,446268,381148,172584
99316,long,470289,436010,93701
99376,long,512984,435426,51590
99436,long,638642,360485,872
99496,long,601257,308277,90467
99556,short,315485,419332,265183
99616,long,393608,332370,274022
99676,long,444969,353353,201678
99736,short,354757,367436,277808
99796,long,342174,309512,348314
99856,long,403793,289066,307142
99916,long,413229,313105,273666
99976,hold,293457,323809,382734
100036,hold,332215,292196,375589
100096,short,419392,467798,112810
100156,long,521461,408786,69753
100216,long,672751,326220,1030
100276,long,629276,366369,4355
100336,long,493910,457290,48800
100396,long,496442,331169,172389
100456,long,526527,435065,38408
100516,long,439288,428368,132344
100576,long,382302,364233,253465
100636,long,341060,259465,399475
100696,hold,295691,268739,435570
100756,short,361474,411110,227416
100816,long,426588,369749,203664
100876,long,398264,378705,223031
100936,short,412569,430224,157207
100996,long,508826,374566,116608
101056,long,443347,375892,180761
101116,long,437624,333372,229003
101176,short,355598,469487,174915
101236,short,381396,383323,235282
101296,long,437555,324408,238037
101356,long,452084,424479,123437
101416,hold,334235,281733,384032
101476,long,346047,291913,362041
101536,long,342171,308729,349100
101596,long,556268,388217,55514
101656,short,418185,569885,11929
101716,long,611652,372687,15661
101776,long,533948,331240,134813
101836,short,382778,464585,152637
101896,long,498258,421540,80202
101956,long,442656,288323,269021
102016,long,383767,340009,276224
102076,hold,248202,184033,567765
102136,hold,339476,330774,329750
102196,hold,288023,297071,414905
102256,hold,240627,249589,509784
102316,long,407007,315462,277530
102376,long,360395,313934,325671
102436,long,347082,312296,340622
102496,long,385489,316444,298067
102556,hold,334203,310000,355797
102616,hold,295774,315869,388357
102676,hold,305818,266245,427937
102736,short,294360,373824,331816
102796,long,404948,311388,283664
102856,long,341564,340347,318089
102916,hold,292905,317069,390026
102976,hold,339899,333743,326358
103036,long,502226,381850,115924
103096,long,576658,384872,38469
103156,short,473353,488040,38607
103216,long,486398,422530,91072
103276,short,445196,477495,77310
103336,long,515277,400134,84589
103396,long,419746,366932,213322
103456,long,463239,332620,204141
103516,long,381833,321955,296212
103576,hold,315234,301121,383644
103636,hold,241857,282205,475939
103696,long,350121,322556,327323
103756,long,387539,292496,319965
103816,hold,231584,207457,560959
103876,hold,287430,250256,462314
103936,hold,270741,249578,479681
103996,hold,269968,311187,418845
104056,hold,216380,245406,538214
104116,hold,279035,274063,446902
104176,hold,318910,295650,385439
104236,hold,251546,265711,482743
104296,hold,257960,269730,472310
104356,hold,249538,244909,505553
104416,hold,316165,231986,451849
104476,hold,281140,295296,423564
104536,long,531067,431428,37505
104596,long,509992,314896,175111
104656,short,386608,401882,211511
104716,long,387722,356278,256000
104776,long,345064,321962,332974
104836,hold,324595,291105,384300
104896,hold,270635,303607,425757
104956,long,366546,295371,338083
105016,hold,304615,246316,449070
105076,hold,204956,245035,550009
105136,hold,305210,310375,384415
105196,hold,241337,193161,565502
105256,hold,301743,281580,416677
105316,hold,240850,221788,537362
105376,hold,215904,227238,556858
105436,hold,224202,219193,556605
105496,hold,267380,242757,489863
105556,hold,288603,263335,448062
105616,short,332540,366940,300519
105676,hold,324894,269698,405408
105736,hold,211755,263226,525019
105796,hold,237007,253044,509949
105856,hold,219838,216372,563790
105916,hold,212714,207025,580260
105976,hold,296224,313722,390054
106036,hold,264080,229951,505970
106096,hold,251498,241798,506704
106156,hold,274265,235189,490546
106216,hold,217897,264244,517859
106276,hold,261685,250976,487339
106336,hold,251285,220939,527776
106396,hold,201315,231567,567118
106456,hold,232912,230138,536950
106516,hold,201231,214192,584577
106576,hold,258764,254274,486962
106636,hold,209302,240184,550513
106696,hold,305705,274154,420141
106756,hold,293335,222039,484626
106816,hold,211815,195564,592621
106876,hold,173272,204815,621913
106936,hold,195129,190184,614687
106996,hold,264256,254504,481240
107056,hold,256283,256098,487620
107116,hold,205531,233178,561291
107176,hold,293066,314174,392759
107236,short,424119,462892,112989
107296,long,510219,331594,158187
107356,long,362746,333557,303697
107416,short,315128,341484,343388
107476,long,370136,307233,322631
107536,long,523951,442238,33811
107596,long,435060,381836,183103
107656,long,407266,324745,267989
107716,short,348737,584043,67220
107776,long,491510,347649,160841
107836,short,337910,354391,307699
107896,long,440853,368833,190314
107956,long,465395,350906,183699
108016,hold,319574,274600,405826
108076,hold,226565,301894,471540
108136,hold,254586,284553,460862
108196,hold,247172,192680,560148
108256,hold,223203,227563,549235
108316,short,304469,342627,352904
108376,long,346218,273952,379830
108436,hold,321256,312942,365802
108496,hold,301384,338317,360299
108556,hold,278423,245214,476363
108616,hold,256002,307551,436448
108676,hold,325404,297731,376865
108736,short,348342,435725,215933
108796,long,464213,349964,185822
108856,long,522821,435218,41962
108916,long,452309,306882,240809
108976,short,335847,375821,288332
109036,long,345876,305055,349070
109096,long,401155,309178,289667
109156,hold,285467,252736,461797
109216,hold,295438,288432,416130
109276,long,356039,275298,368664
109336,hold,332610,294332,373059
109396,hold,201307,223748,574946
109456,hold,254196,254591,491213
109516,short,348342,429212,222445
109576,long,426310,311883,261807
109636,short,327628,343580,328792
109696,hold,258566,280319,461115
109756,hold,286709,249018,464274
109816,hold,329009,304196,366795
109876,long,445503,414456,140041
109936,hold,267685,285966,446349
109996,hold,221015,265956,513029
110056,short,366398,397116,236487
110116,hold,317893,293683,388424
110176,hold,330259,320396,349345
110236,hold,297223,306730,396047
110296,long,519256,405361,75383
110356,long,482345,333565,184090
110416,long,436487,385748,177765
110476,long,398984,358039,242978
110536,long,426949,343866,229185
110596,hold,311740,263073,425187
110656,hold,258934,283102,457964
110716,hold,271666,245795,482539
110776,long,352030,284263,363707
110836,hold,273753,250097,476150
110896,hold,253029,273243,473729
110956,hold,310670,297186,392144
111016,hold,315524,303843,380633
111076,hold,296034,266345,437621
111136,hold,242796,288472,468732
111196,hold,221157,260237,518606
111256,hold,289925,257750,452325
111316,hold,240185,261416,498400
111376,hold,224200,227772,548028
111436,hold,188580,219005,592415
111496,hold,205001,249499,545500
111556,hold,337853,339772,322375
111616,hold,275520,258074,466406
111676,hold,320002,303940,376058
111736,short,374724,406641,218635
111796,hold,280132,320805,399064
111856,short,280573,341090,378337
111916,hold,253491,301905,444604
111976,long,544652,430653,24695
112036,long,539705,400395,59900
112096,long,409862,346887,243251
112156,long,415876,351555,232569
112216,long,347129,271724,381147
112276,long,340898,303977,355125
112336,hold,311409,282728,405863
112396,long,450303,365641,184055
112456,long,448634,328675,222691
112516,hold,247454,279991,472555
112576,hold,219260,253137,527603
112636,hold,251549,261102,487349
112696,hold,267217,238228,494555
112756,hold,267946,283837,448217
112816,hold,267818,266479,465703
112876,hold,183568,196113,620319
112936,short,330822,487504,181674
112996,long,453188,311039,235773
113056,hold,258531,260924,480544
113116,hold,262737,266998,470265
113176,long,440355,382145,177500
113236,short,456418,457821,85761
113296,long,568655,370922,60423
113356,long,565641,325746,108613
113416,long,354911,314973,330116
113476,hold,334812,333835,331353
113536,hold,289220,247695,463085
113596,hold,208862,274186,516952
113656,hold,259502,293096,447402
113716,hold,330627,336223,333150
113776,hold,242263,228655,529082
113836,hold,219618,238266,542117
113896,hold,232686,252964,514349
113956,hold,295014,272507,432478
114016,hold,254615,223209,522176
114076,hold,247088,272164,480749
114136,hold,275360,276823,447817
114196,hold,319790,324452,355758
114256,hold,335510,328908,335583
114316,hold,324038,299851,376111
114376,hold,232577,209691,557732
114436,hold,236520,262422,501058
114496,hold,322546,325704,351751
114556,long,398423,342516,259061
114616,long,470307,442942,86751
114676,short,308027,383603,308370
114736,long,408428,379660,211911
114796,hold,267863,274394,457743
114856,hold,279681,274693,445625
114916,hold,310435,267851,421714
114976,hold,293716,275349,430935
115036,hold,227069,168003,604928
115096,hold,247315,260494,492190
115156,hold,268523,249567,481910
115216,hold,216731,238891,544378
115276,hold,207948,234858,557193
115336,hold,218064,222054,559882
115396,hold,253320,249030,497650
115456,hold,228164,190268,581568
115516,hold,173019,192072,634909
115576,hold,188541,207030,604429
115636,hold,203424,226575,570001
115696,hold,217097,210600,572303
115756,hold,213513,213383,573104
115816,hold,222587,235795,541618
115876,hold,184270,213134,602596
115936,hold,230622,221244,548134
115996,hold,181461,192558,625981
116056,hold,279198,240848,479954
116116,hold,201672,202437,595891
116176,hold,211582,221001,567417
116236,hold,233280,231235,535485
116296,hold,220618,193669,585713
116356,hold,191623,230129,578248
116416,hold,238432,234071,527496
116476,hold,231891,223301,544808
116536,hold,198325,212262,589412
116596,hold,234014,232917,533069
116656,hold,263130,258474,478396
116716,hold,226050,206974,566976
116776,hold,169871,202970,627159
116836,hold,165455,165025,669520
116896,hold,239267,221142,539590
116956,hold,205947,207057,586996
117016,hold,172489,164202,663310
117076,hold,143086,181366,675548
117136,hold,163054,160875,676070
117196,hold,139039,168911,692050
117256,hold,146084,180892,673024
117316,hold,191171,161658,647170
117376,hold,231155,254039,514805
117436,hold,287338,223441,489221
117496,hold,236792,197936,565273
117556,hold,282418,257547,460034
117616,hold,296517,280564,422919
117676,hold,219356,244553,536091
117736,hold,309611,269005,421384
117796,hold,218553,228267,553180
117856,hold,173903,195812,630285
117916,hold,199902,222997,577101
117976,hold,306753,242477,450769
118036,hold,265551,239473,494976
118096,hold,292070,209223,498707
118156,long,404811,348899,246289
118216,hold,326431,275456,398114
118276,hold,324861,285856,389283
118336,hold,255533,240186,504281
118396,hold,263630,299771,436599
118456,hold,295178,257699,447124
118516,hold,288241,315115,396645
118576,hold,295539,278648,425813
118636,hold,207470,231888,560642
118696,hold,247270,255322,497408
118756,hold,207976,211800,580224
118816,hold,257596,277866,464538
118876,hold,292931,285664,421405
118936,long,370133,283172,346695
118996,long,399087,390042,210871
119056,long,343884,330298,325818
119116,long,381227,324481,294293
119176,hold,318032,250786,431182
119236,hold,309154,297798,393048
119296,hold,324600,314118,361282
119356,long,373036,289347,337618
119416,hold,302678,339676,357647
119476,hold,318822,299181,381997
119536,hold,297006,308004,394989
119596,hold,236010,251996,511994
119656,long,342431,314640,342929
119716,hold,275655,319873,404472
119776,long,386794,353767,259440
119836,hold,261197,271137,467667
119896,hold,284087,243946,471967
119956,hold,282804,324736,392460
120016,hold,286889,326784,386327
120076,hold,244612,224300,531087
120136,hold,296922,263337,439741
120196,hold,225928,237522,536550
120256,hold,277830,264513,457658
120316,long,432949,362860,204191
120376,long,449770,366713,183518
120436,short,346222,351323,302456
120496,short,314430,351318,334252
120556,hold,306474,289018,404508
120616,short,322084,382439,295477
120676,hold,307090,267316,425594
120736,hold,313567,317714,368719
120796,hold,305477,291258,403265
120856,hold,321242,320875,357883
120916,long,416358,306502,277140
120976,hold,269821,262525,467654
121036,hold,250736,231156,518108
121096,hold,255187,315121,429692
121156,hold,288926,267816,443258
121216,hold,285275,276552,438173
121276,hold,212844,240816,546340
121336,hold,192067,200180,607753
121396,hold,195227,171686,633088
121456,hold,270283,244130,485587
121516,hold,231903,225918,542179
121576,hold,248627,207732,543641
121636,hold,228280,223126,548595
121696,hold,303025,275903,421072
121756,hold,302092,314660,383248
121816,long,474811,393301,131888
121876,long,418440,396105,185455
121936,long,362143,352215,285642
121996,short,347470,351591,300939
122056,long,395629,347229,257143
122116,short,366953,378395,254653
122176,long,340601,256799,402600
122236,hold,250618,235065,514317
122296,hold,336590,308310,355100
122356,hold,337241,257682,405077
122416,hold,272081,299157,428761
122476,hold,211733,237997,550270
122536,hold,292305,247139,460556
122596,hold,253854,255792,490354
122656,hold,248765,248704,502531
122716,hold,233065,227422,539513
122776,hold,306881,260540,432579
122836,hold,236788,250086,513126
122896,hold,243052,264544,492404
122956,hold,222883,237608,539509
123016,hold,202974,259863,537163
123076,hold,258712,250078,491210
123136,long,362830,308444,328726
123196,hold,301006,313622,385373
123256,long,530094,343330,126576
123316,long,381557,279222,339221
123376,hold,314592,338490,346919
123436,long,381791,298070,320138
123496,long,356216,256928,386856
123556,hold,303850,270517,425633
123616,hold,292074,268601,439325
123676,hold,274856,210417,514727
123736,hold,271108,271067,457825
123796,hold,229285,261284,509430
123856,hold,296274,258170,445556
123916,hold,206820,266349,526831
123976,hold,274183,250000,475818
124036,short,301943,340369,357688
124096,hold,278217,277839,443944
124156,long,384433,333801,281766
124216,long,377693,297869,324438
124276,hold,321906,306709,371386
124336,long,370325,346457,283218
124396,hold,274107,297744,428149
124456,hold,273602,310099,416298
124516,hold,239386,290745,469869
124576,hold,326145,273559,400296
124636,long,389196,337896,272908
124696,short,453866,466801,79333
124756,long,484274,400540,115186
124816,short,354503,406447,239049
124876,short,355993,394662,249344
124936,long,369437,313652,316911
124996,hold,313431,320291,366278
125056,long,357148,293362,349490
125116,hold,250659,252709,496631
125176,hold,248836,250922,500242
125236,hold,211242,239723,549035
125296,hold,194428,221938,583635
125356,hold,278927,282093,438980
125416,hold,288527,275876,435597
125476,long,407645,324401,267954
125536,hold,240238,226368,533394
125596,hold,219791,255051,525158
125656,hold,240697,243933,515371
125716,hold,293117,257069,449814
125776,hold,283378,269969,446653
125836,hold,197330,245322,557347
125896,long,379625,289925,330450
125956,long,414647,338572,246781
126016,long,514282,314565,171153
126076,hold,281961,250719,467321
126136,hold,284749,278182,437069
126196,hold,251960,268692,479348
126256,hold,317823,287511,394667
126316,short,358077,555955,85969
126376,long,436214,289059,274727
126436,short,300585,366163,333253
126496,hold,293266,289837,416897
126556,hold,210127,224885,564989
126616,hold,275985,263554,460461
126676,hold,242521,246465,511014
126736,hold,280063,240832,479105
126796,hold,301913,281150,416937
126856,hold,232511,237108,530381
126916,hold,240020,238105,521874
126976,hold,280107,241098,478796
127036,hold,286236,256673,457091
127096,hold,200064,232817,567119
127156,hold,254328,230511,515161
127216,hold,238580,245919,515501
127276,hold,200911,242702,556387
127336,hold,179062,202123,618814
127396,hold,327560,307505,364935
127456,hold,313600,278492,407909
127516,hold,299858,266619,433523
127576,hold,336147,305302,358551
127636,hold,286595,234255,479150
127696,hold,252182,259508,488310
127756,long,383752,313248,303000
127816,hold,305079,285505,409416
127876,hold,225058,299731,475211
127936,hold,291155,264853,443992
127996,hold,292252,283135,424613
128056,long,505164,347630,147206
128116,long,410712,324084,265204
128176,short,352279,387600,260121
128236,long,440085,368332,191583
128296,long,463986,361763,174251
128356,long,343357,342006,314637
128416,hold,301123,313442,385435
128476,hold,324701,281987,393312
128536,hold,227248,279074,493678
128596,hold,321202,313141,365656
128656,hold,281892,279589,438518
128716,short,350452,360571,288976
128776,long,416379,325754,257866
128836,hold,253945,232411,513644
128896,hold,248714,295561,455725
128956,long,401341,278856,319803
129016,long,518420,450996,30583
129076,long,462121,389043,148836
129136,long,410199,350170,239631
129196,long,374377,356724,268900
129256,long,398474,397270,204256
129316,hold,337839,313814,348347
129376,long,433539,336878,229583
129436,long,352557,292395,355049
129496,short,314459,414779,270762
129556,short,396350,473053,130597
129616,short,288477,346069,365454
129676,hold,331002,278684,390314
129736,hold,273710,227968,498323
129796,hold,279002,230696,490301
129856,hold,259801,254960,485239
129916,hold,265760,194075,540166
129976,hold,283932,265768,450300
130036,hold,226149,177753,596098
130096,hold,303421,261024,435555
130156,hold,257664,264579,477757
130216,hold,261360,271124,467516
130276,long,358834,291263,349903
130336,hold,326361,312077,361562
130396,long,371023,353009,275968
130456,short,477003,477767,45230
130516,long,508531,271060,220409
130576,short,270774,352565,376661
130636,long,380621,286963,332416
130696,long,363138,284180,352681
130756,long,340489,275544,383967
130816,long,404805,342103,253092
130876,hold,226656,227664,545679
130936,hold,278023,297681,424296
130996,long,382552,291997,325451
131056,long,347338,329770,322891
131116,hold,336739,330082,333179
131176,long,377211,364578,258212
131236,hold,329981,313298,356722
131296,hold,305256,290257,404487
131356,hold,251290,293792,454918
131416,hold,280581,296411,423008
131476,hold,271148,273514,455338
131536,hold,288542,284371,427087
131596,long,401338,381715,216947
131656,hold,236006,269521,494473
131716,hold,332271,268541,399187
131776,long,403259,317546,279194
131836,hold,289615,309493,400891
131896,long,540859,405801,53340
131956,long,409891,397425,192684
132016,long,401990,321705,276305
132076,short,367343,394503,238154
132136,long,482715,318158,199127
132196,long,381170,297899,320931
132256,short,365087,634786,127
132316,long,648233,350629,1138
132376,long,568413,426588,4999
132436,long,596332,372992,30676
132496,long,479769,410304,109927
132556,long,390416,299550,310034
132616,hold,277750,301170,421080
132676,hold,325103,306341,368555
132736,hold,291604,262554,445842
132796,hold,272489,255452,472059
132856,hold,242607,259798,497595
132916,long,368900,320275,310825
132976,hold,318682,264238,417080
133036,hold,270763,307198,422039
133096,long,348747,346997,304256
133156,long,403208,307275,289516
133216,long,439343,402389,158268
133276,long,507202,390315,102483
133336,long,535995,438553,25452
133396,long,518455,426923,54622
133456,long,415321,397321,187358
133516,long,416839,361568,221592
133576,long,372413,347711,279876
133636,long,373985,344842,281173
133696,long,351699,318731,329570
133756,hold,285446,264471,450083
133816,hold,283809,227070,489122
133876,hold,316673,310571,372756
133936,hold,269436,234848,495717
133996,hold,332434,299351,368214
134056,long,409799,335978,254224
134116,hold,331923,304882,363195
134176,hold,329680,298187,372133
134236,hold,272252,260029,467719
134296,hold,203409,185273,611318
134356,short,342019,342975,315006
134416,hold,286667,227405,485928
134476,hold,292181,267715,440104
134536,short,402105,493907,103988
134596,long,566981,402277,30742
134656,long,530912,379470,89618
134716,long,404941,393115,201944
134776,long,515100,463303,21597
134836,long,606182,357757,36061
134896,long,590974,375257,33769
134956,long,481937,384196,133867
135016,long,433153,330846,236001
135076,long,433656,370473,195871
135136,long,377766,341126,281108
135196,hold,307446,245237,447317
135256,hold,299927,331946,368127
135316,hold,253617,255089,491294
135376,hold,330281,269897,399822
135436,hold,333989,284056,381955
135496,hold,296092,305996,397912
135556,hold,294133,307046,398821
135616,hold,276847,252874,470279
135676,hold,224316,235519,540165
135736,hold,255844,258821,485335
135796,hold,236948,233900,529151
135856,hold,197006,235926,567067
135916,hold,288902,253410,457688
135976,hold,238829,285126,476046
136036,hold,218774,250365,530861
136096,hold,304625,242681,452694
136156,hold,299381,325369,375250
136216,long,379638,319178,301184
136276,hold,290140,273764,436096
136336,hold,312884,277801,409315
136396,hold,290536,274950,434514
136456,hold,284402,276354,439244
136516,hold,224174,257097,518729
136576,hold,250833,239813,509355
136636,hold,322336,289993,387671
136696,hold,288597,285120,426282
136756,hold,201353,201145,597502
136816,hold,257444,223528,519028
136876,hold,207516,218954,573530
136936,hold,246987,262356,490657
136996,hold,246229,224389,529382
137056,hold,229451,250002,520546
137116,hold,156411,194233,649356
137176,hold,172207,204216,623577
137236,hold,254955,244714,500331
137296,hold,240412,231505,528083
137356,hold,208849,224479,566672
137416,hold,252953,272733,474314
137476,hold,222961,260947,516092
137536,hold,218974,257400,523626
137596,hold,288716,305133,406151
137656,long,395088,366597,238314
137716,long,364511,326063,309425
137776,hold,256297,268827,474876
137836,short,376320,378581,245100
137896,long,556178,422451,21370
137956,long,723368,272019,4613
138016,long,487124,420329,92547
138076,long,665801,322606,11593
138136,long,522089,457816,20095
138196,long,598234,390281,11485
138256,long,527588,466845,5567
138316,long,515803,413391,70806
138376,short,365607,366041,268352
138436,long,446842,420577,132581
138496,long,607937,367667,24396
138556,long,561781,389035,49184
138616,long,470802,418158,111040
138676,long,618146,377259,4595
138736,long,591459,358477,50065
138796,short,425580,443248,131172
138856,long,515945,388773,95281
138916,long,440172,390180,169647
138976,long,527949,351041,121010
139036,long,575218,373563,51219
139096,short,330923,669063,13
139156,short,451972,548024,4
139216,long,722629,262947,14424
139276,long,614238,367944,17818
139336,long,476513,455312,68175
139396,long,528641,421122,50237
139456,long,546132,368965,84903
139516,long,351371,215307,433322
139576,hold,303309,262927,433765
139636,short,301061,413251,285688
139696,long,410905,297334,291761
139756,long,500785,416891,82323
139816,long,374005,242414,383581
139876,short,324177,366642,309181
139936,long,409150,297601,293249
139996,hold,339119,335148,325733
140056,short,340668,344836,314496
140116,long,384300,303903,311797
140176,short,350926,389236,259838
140236,short,337839,356461,305700
140296,hold,317388,322244,360368
140356,short,353635,412115,234250
140416,hold,307250,311741,381009
140476,short,345545,525853,128602
140536,long,557622,364619,77759
140596,long,531685,431867,36448
140656,long,473134,406817,120049
140716,short,477700,501660,20640
140776,long,507472,408851,83677
140836,short,448888,467487,83626
140896,long,524748,351262,123990
140956,long,377052,304548,318400
141016,long,445223,376870,177908
141076,long,531222,357639,111138
141136,long,537543,412377,50079
141196,short,355126,632348,12526
141256,long,614432,299734,85834
141316,long,453214,446257,100530
141376,long,586210,401122,12668
141436,long,513510,346414,140076
141496,long,419889,415536,164575
141556,long,553515,389248,57237
141616,long,385336,353996,260668
141676,long,345895,302661,351443
141736,long,368751,357540,273708
141796,long,537806,449600,12594
141856,long,588196,358948,52856
141916,long,470877,327024,202099
141976,long,491318,477784,30897
142036,long,510881,413358,75762
142096,long,496825,331687,171488
142156,long,508851,316813,174336
142216,long,715341,274642,10017
142276,long,505218,415677,79105
142336,long,352350,257285,390365
142396,long,451666,254856,293479
142456,short,413812,419582,166606
142516,hold,331716,339124,329161
142576,long,383963,354523,261515
142636,short,384367,394750,220883
142696,hold,336451,293529,370020
142756,short,352549,433221,214230
142816,hold,327307,298230,374463
142876,hold,245967,232121,521912
142936,hold,271247,291983,436769
142996,hold,269552,294730,435719
143056,long,432919,344304,222776
143116,long,360783,292345,346872
143176,hold,303246,254448,442306
143236,hold,299697,322871,377433
143296,long,379773,337539,282687
143356,long,444860,384627,170513
143416,long,621484,361550,16966
143476,short,417849,527785,54365
143536,long,582164,408957,8879
143596,long,546348,424990,28662
143656,short,367073,429107,203821
143716,short,377679,446390,175932
143776,long,416475,349009,234515
143836,hold,286468,320459,393073
143896,long,379145,293523,327332
143956,hold,312352,339495,348153
144016,short,358714,364635,276651
144076,long,411158,346172,242670
144136,long,387666,261663,350672
144196,hold,288949,291848,419203
144256,long,346972,253613,399415
144316,hold,258992,262171,478837
144376,hold,292195,266541,441264
144436,hold,283867,290374,425759
144496,long,441312,360042,198646
144556,long,350235,309666,340100
144616,hold,307945,254482,437573
144676,hold,240009,299125,460866
144736,long,422959,352952,224089
144796,long,372292,355726,271981
144856,long,544475,385949,69576
144916,long,484476,425753,89771
144976,long,383086,332207,284707
145036,long,361226,284070,354704
145096,long,398286,305021,296693
145156,short,352127,352855,295018
145216,hold,332744,282655,384602
145276,hold,242050,208306,549644
145336,hold,322186,330113,347701
145396,hold,226505,242860,530635
145456,hold,304548,316676,378776
145516,hold,255557,281029,463414
145576,hold,265095,259016,475889
145636,hold,332398,309901,357700
145696,hold,310947,276216,412837
145756,long,348952,269602,381446
145816,hold,272217,278453,449329
145876,hold,337047,285245,377708
145936,hold,316920,303290,379790
145996,hold,248607,261417,489976
146056,hold,248544,258720,492736
146116,hold,249410,228018,522572
146176,hold,236449,229944,533606
146236,hold,295246,267102,437652
146296,short,386850,389434,223715
146356,long,429285,337781,232934
146416,long,357188,341232,301580
146476,hold,302037,307803,390160
146536,hold,290890,209682,499428
146596,hold,218688,267722,513590
146656,hold,325583,296422,377994
146716,hold,323009,302970,374021
146776,hold,325995,263699,410306
146836,hold,247477,262009,490514
146896,hold,314157,245148,440696
146956,hold,266040,252204,481755
147016,long,368945,339226,291829
147076,long,413216,282654,304131
147136,short,360912,390359,248729
147196,long,371250,356654,272096
147256,long,368256,306992,324752
147316,hold,279146,261945,458910
147376,hold,298008,286683,415309
147436,hold,244550,256937,498513
147496,hold,259370,273976,466654
147556,hold,254550,295775,449675
147616,long,383477,323476,293048
147676,long,374054,331288,294658
147736,long,449262,374928,175810
147796,long,394468,324562,280969
147856,long,390903,348495,260602
147916,hold,317187,304061,378752
147976,hold,306785,321024,372191
148036,long,352924,302210,344866
148096,long,638314,309604,52082
148156,long,596514,333356,70130
148216,long,544233,324140,131627
148276,long,372226,335616,292158
148336,long,406520,342821,250659
148396,long,416332,314710,268957
148456,long,412562,316203,271235
148516,long,431317,379066,189617
148576,hold,335550,301286,363164
148636,hold,283417,275661,440922
148696,long,361561,327210,311229
148756,short,369215,456274,174511
148816,hold,276281,279040,444680
148876,hold,255988,234400,509613
148936,hold,305466,289961,404573
148996,long,386339,264952,348709
149056,hold,247494,308709,443797
149116,hold,323787,251670,424542
149176,long,512119,415007,72874
149236,long,517568,427659,54772
149296,long,506468,397749,95783
149356,long,398309,336642,265049
149416,hold,302163,321444,376392
149476,hold,276334,289515,434152
149536,hold,305793,277608,416599
149596,long,381897,254180,363924
149656,hold,318267,326280,355453
149716,hold,338251,276107,385642
149776,short,313842,359993,326165
149836,hold,286094,274511,439395
149896,hold,274469,234486,491045
149956,hold,267248,260295,472458
150016,hold,254480,225792,519728
150076,hold,253403,216094,530503
150136,hold,259945,274407,465648
150196,hold,318932,284257,396810
150256,hold,247494,220425,532082
150316,hold,317639,309446,372916
150376,hold,322948,314246,362806
150436,hold,328942,304200,366859
150496,hold,302967,261015,436017
150556,hold,272335,333687,393978
150616,long,465712,406887,127401
150676,long,538924,322452,138624
150736,long,411809,334354,253836
150796,long,359947,303509,336545
150856,short,400553,451987,147460
150916,long,355069,317540,327391
150976,long,349947,289179,360874
151036,long,351104,326941,321955
151096,long,367335,350816,281848
151156,long,348070,293317,358614
151216,hold,324111,319053,356836
151276,long,366415,341904,291682
151336,hold,310935,270399,418665
151396,hold,240033,251020,508948
151456,hold,287683,277673,434644
151516,hold,287884,256811,455305
151576,long,415419,301996,282585
151636,hold,270386,289088,440526
151696,hold,333885,285888,380227
151756,long,405311,282828,311861
151816,hold,296513,276376,427111
151876,hold,293189,266176,440635
151936,hold,261955,256812,481233
151996,hold,284155,262851,452994
152056,long,362033,331235,306733
152116,long,367865,306132,326003
152176,hold,293467,291204,415329
152236,hold,297825,293337,408838
152296,long,588333,393708,17959
152356,long,527980,297939,174081
152416,hold,323763,307669,368569
152476,hold,313104,310432,376464
152536,hold,279105,287400,433496
152596,hold,249424,267290,483286
152656,hold,296898,265391,437711
152716,hold,321707,250395,427898
152776,hold,254078,304858,441064
152836,hold,282251,246799,470950
152896,hold,247123,247533,505344
152956,hold,217423,193737,588840
153016,hold,205443,210767,583790
153076,hold,217216,206273,576511
153136,hold,236236,262069,501695
153196,hold,315533,279489,404978
153256,hold,254533,313854,431614
153316,hold,205368,246523,548109
153376,hold,261026,214901,524073
153436,hold,238539,273658,487802
153496,long,393295,316406,290300
153556,long,391395,375692,232913
153616,short,325842,372240,301918
153676,hold,292473,269423,438104
153736,hold,314315,286033,399651
153796,hold,317140,319799,363061
153856,hold,307463,282205,410332
153916,hold,238585,257222,504193
153976,hold,236051,234494,529455
154036,hold,292582,250608,456810
154096,hold,203606,238601,557793
154156,hold,286911,262321,450767
154216,hold,214343,229282,556376
154276,hold,237392,229041,533568
154336,hold,215958,250199,533843
154396,hold,214022,229367,556611
154456,hold,227295,223478,549227
154516,hold,249861,244854,505285
154576,hold,255013,227883,517104
154636,hold,212637,226973,560390
154696,hold,233701,235655,530643
154756,hold,230864,222469,546667
154816,hold,159349,209669,630983
154876,hold,184766,218686,596549
154936,hold,235446,242902,521652
154996,hold,235824,262234,501942
155056,hold,224794,242644,532562
155116,hold,253856,231821,514323
155176,hold,220125,220197,559678
155236,hold,177213,217828,604959
155296,hold,255260,225317,519422
155356,hold,258593,240937,500470
155416,hold,224030,226332,549637
155476,hold,237524,252167,510309
155536,hold,207827,210849,581324
155596,hold,200072,185945,613983
155656,hold,266052,264386,469562
155716,hold,185586,187459,626955
155776,hold,175207,190330,634463
155836,hold,186135,199098,614767
155896,hold,199587,225928,574485
155956,hold,224759,203361,571879
156016,hold,182680,187527,629792
156076,hold,171901,164314,663785
156136,hold,193208,222696,584095
156196,hold,187990,217885,594125
156256,hold,199403,196649,603948
156316,hold,231286,249654,519060
156376,hold,198166,207231,594603
156436,hold,220283,252761,526955
156496,hold,255607,267916,476477
156556,hold,334141,250566,415293
156616,hold,265602,227155,507243
156676,hold,198494,229545,571961
156736,hold,198376,206980,594643
156796,hold,210826,158324,630849
156856,hold,160694,200436,638869
156916,hold,181349,202717,615933
156976,hold,249300,226320,524380
157036,hold,238287,235868,525845
157096,hold,193960,217324,588716
157156,hold,170261,191394,638344
157216,hold,186734,204720,608546
157276,hold,182030,211290,606680
157336,hold,173211,196598,630190
157396,hold,281768,251972,466261
157456,hold,286328,232625,481047
157516,hold,171115,177004,651880
157576,hold,204409,207216,588375
157636,long,345574,302876,351550
157696,hold,267386,257024,475590
157756,hold,207423,275456,517121
157816,hold,269449,243142,487409
157876,hold,226113,234597,539290
157936,hold,278653,239369,481978
157996,hold,206697,211187,582116
158056,hold,188544,194611,616845
158116,hold,189404,223808,586788
158176,hold,229875,193103,577023
158236,hold,263283,269669,467048
158296,hold,304506,254687,440807
158356,hold,250896,219792,529312
158416,hold,279777,299363,420860
158476,long,447609,261830,290560
158536,hold,279502,267270,453228
158596,hold,240617,242417,516966
158656,hold,236966,244986,518048
158716,hold,214547,225413,560039
158776,hold,249234,268997,481769
158836,hold,220398,260180,519422
158896,hold,193516,231419,575065
158956,hold,225121,287309,487570
159016,hold,216389,238594,545018
159076,hold,298386,309605,392008
159136,long,343240,328235,328525
159196,long,370290,309077,320633
159256,long,463883,336563,199554
159316,long,391286,380016,228698
159376,hold,318467,306007,375526
159436,long,527297,390721,81982
159496,long,513035,294870,192096
159556,hold,301910,289083,409007
159616,hold,198250,281553,520197
159676,hold,240512,231129,528358
159736,hold,316448,269069,414483
159796,hold,250677,226867,522455
159856,hold,247698,236859,515443
159916,long,463964,390069,145967
159976,hold,332468,301266,366266
160036,long,350951,328674,320375
160096,hold,227381,234065,538554
160156,hold,221538,267331,511131
160216,hold,262166,272931,464903
160276,hold,194706,230383,574910
160336,hold,217177,211610,571213
160396,hold,238733,250571,510696
160456,hold,227114,222192,550694
160516,hold,229890,252753,517357
160576,hold,221733,251903,526364
160636,long,476036,360178,163786
160696,long,419530,363585,216886
160756,long,361820,309511,328669
160816,short,366425,390052,243524
160876,short,338036,352689,309276
160936,hold,334165,278782,387052
160996,hold,219399,265755,514846
161056,hold,337122,333081,329797
161116,hold,298833,286135,415032
161176,long,783935,203604,12461
161236,hold,277766,283452,438782
161296,long,471622,330466,197912
161356,long,408511,354771,236718
161416,long,454013,293763,252224
161476,hold,279305,284106,436590
161536,hold,197501,191862,610638
161596,hold,249148,306881,443971
161656,hold,246580,230636,522783
161716,hold,242595,251007,506398
161776,long,418274,357290,224437
161836,hold,263765,249634,486601
161896,long,381893,375030,243076
161956,hold,276260,239908,483832
162016,short,302929,380474,316597
162076,hold,287693,273320,438988
162136,long,673576,310968,15456
162196,short,476314,481204,42482
162256,long,430702,337021,232277
162316,hold,250266,273479,476255
162376,hold,275318,303332,421350
162436,hold,329647,290181,380172
162496,long,367199,266860,365942
162556,hold,311420,272625,415954
162616,long,380464,323122,296413
162676,hold,251835,213646,534518
162736,hold,244263,314214,441523
162796,hold,292191,318525,389283
162856,hold,317903,232425,449671
162916,hold,265386,279322,455292
162976,long,475296,362386,162318
163036,hold,271673,213274,515053
163096,hold,275216,285533,439252
163156,long,366401,300438,333161
163216,hold,289813,282307,427880
163276,long,391639,292785,315575
163336,hold,275348,261855,462797
163396,hold,224696,268157,507147
163456,hold,326629,239386,433985
163516,hold,261137,272830,466033
163576,short,396167,404437,199397
163636,long,342322,330623,327055
163696,hold,264464,247721,487815
163756,short,315812,395879,288308
163816,long,389358,273586,337056
163876,hold,225935,284725,489339
163936,hold,225480,284323,490197
163996,hold,184628,189048,626324
164056,hold,304418,285301,410281
164116,hold,225975,227337,546688
164176,hold,311771,289828,398401
164236,hold,302449,332926,364625
164296,hold,314224,330647,355128
164356,long,434182,299424,266394
164416,hold,285195,256454,458350
164476,hold,276205,286393,437403
164536,hold,313037,310095,376868
164596,hold,208166,217439,574395
164656,hold,247295,261086,491619
164716,hold,225943,263294,510762
164776,hold,225662,243456,530882
164836,long,358410,273660,367930
164896,short,359599,386453,253948
164956,long,346206,335694,318100
165016,short,471042,495003,33955
165076,long,462472,395504,142024
165136,short,316461,353449,330090
165196,hold,282238,216745,501017
165256,long,392554,326994,280453
165316,hold,280504,262197,457299
165376,hold,247878,266134,485988
165436,hold,260265,249381,490354
165496,long,345541,292643,361816
165556,hold,187240,261713,551047
165616,hold,295830,291893,412277
165676,hold,227216,250531,522253
165736,hold,212027,245733,542240
165796,hold,224247,239082,536671
165856,hold,207068,236862,556070
165916,hold,245385,242127,512488
165976,hold,255851,230879,513270
166036,hold,260357,236756,502887
166096,hold,276481,255612,467907
166156,hold,295269,282459,422272
166216,hold,246129,256925,496945
166276,hold,231791,254374,513835
166336,hold,309849,273051,417100
166396,hold,241520,263713,494767
166456,long,351895,333575,314530
166516,hold,249948,201477,548575
166576,hold,242815,239559,517626
166636,hold,242553,266488,490959
166696,hold,173263,209014,617723
166756,hold,243029,232276,524695
166816,hold,169827,213604,616569
166876,hold,215615,237530,546854
166936,hold,259267,234550,506183
166996,hold,181001,224813,594186
167056,hold,234896,213116,551989
167116,long,361129,308605,330266
167176,long,440994,317988,241019
167236,hold,228375,235508,536116
167296,hold,277674,256564,465762
167356,hold,251945,253683,494372
167416,hold,277118,264943,457939
167476,hold,272331,256869,470800
167536,hold,251647,260604,487750
167596,hold,212983,232395,554622
167656,hold,203424,225222,571354
167716,hold,238785,235222,525992
167776,hold,217054,231702,551244
167836,hold,310931,294281,394788
167896,hold,237741,267513,494746
167956,hold,265691,265090,469219
168016,hold,280508,281546,437947
168076,hold,337028,255788,407184
168136,hold,245190,247726,507084
168196,hold,208726,205932,585342
168256,hold,234979,221804,543218
168316,hold,198611,238831,562558
168376,hold,261284,270489,468227
168436,hold,311475,305628,382897
168496,long,357330,347739,294930
168556,short,353818,380680,265502
168616,short,348830,356955,294215
168676,hold,336015,249849,414136
168736,hold,261790,255786,482424
168796,hold,230849,231783,537368
168856,hold,236006,239706,524289
168916,hold,175528,206394,618078
168976,hold,228377,224627,546996
169036,hold,234748,269923,495329
169096,hold,212858,254099,533043
169156,hold,278190,238782,483028
169216,hold,290137,311887,397976
169276,hold,318030,280213,401757
169336,long,461197,343939,194864
169396,long,448955,337283,213762
169456,long,418782,357371,223847
169516,hold,265153,286122,448725
169576,hold,227901,255545,516554
169636,hold,293546,217224,489230
169696,hold,180230,216221,603549
169756,hold,202268,217189,580543
169816,hold,189282,176057,634661
169876,hold,223660,211432,564908
169936,hold,228217,268902,502880
169996,short,366137,487721,146142
170056,long,369520,306370,324110
170116,long,341211,318888,339900
170176,hold,263074,226501,510425
170236,hold,274890,273900,451210
170296,hold,243250,203655,553095
170356,hold,208423,205467,586110
170416,hold,185556,204166,610277
170476,hold,227728,241743,530529
170536,hold,242394,226723,530883
170596,hold,310683,267929,421388
170656,hold,217444,265565,516991
170716,short,312622,346566,340812
170776,long,377451,375801,246748
170836,hold,247334,264653,488014
170896,hold,295303,281852,422845
170956,long,382263,302908,314830
171016,hold,337916,279547,382537
171076,hold,261206,270416,468379
171136,hold,236819,280296,482885
171196,short,333312,385777,280911
171256,long,410354,348538,241108
171316,short,364791,374814,260395
171376,hold,268174,218837,512989
171436,hold,218517,266653,514831
171496,hold,272014,241672,486314
171556,hold,267167,250347,482486
171616,hold,298440,222404,479156
171676,hold,256909,269674,473417
171736,hold,246120,222968,530911
171796,hold,284600,245657,469743
171856,hold,291705,261717,446578
171916,hold,203215,234627,562158
171976,hold,209369,183054,607577
172036,hold,192949,257243,549807
172096,hold,244975,245838,509187
172156,long,406837,399266,193897
172216,long,581393,340083,78525
172276,long,429566,279374,291060
172336,short,295113,345451,359436
172396,hold,312100,272620,415280
172456,hold,294409,235234,470358
172516,hold,249506,278161,472333
172576,long,348783,287608,363609
172636,hold,225124,251324,523551
172696,hold,292840,321279,385881
172756,long,373525,286616,339859
172816,hold,261824,269843,468333
172876,hold,190692,210009,599298
172936,hold,216561,246585,536853
172996,hold,260445,326197,413358
173056,hold,232664,239891,527446
173116,hold,217124,199854,583022
173176,hold,194053,212649,593297
173236,hold,236913,222621,540467
173296,hold,221527,219317,559156
173356,hold,185392,179696,634913
173416,hold,241621,187469,570910
173476,hold,237175,246020,516805
173536,hold,251111,239424,509466
173596,hold,277961,241634,480405
173656,long,457096,388416,154488
173716,short,405323,435066,159611
173776,short,328402,367274,304324
173836,hold,272697,250113,477190
173896,hold,338363,281561,380077
173956,long,365093,359105,275803
174016,long,350730,274402,374868
174076,hold,296502,281917,421581
174136,hold,331795,278719,389486
174196,hold,310480,247449,442071
174256,hold,252048,233639,514313
174316,hold,258496,270289,471215
174376,hold,273339,277727,448934
174436,hold,246954,239776,513270
174496,hold,182730,222502,594768
174556,hold,213215,233848,552937
174616,hold,269235,243131,487634
174676,hold,278777,302473,418750
174736,hold,256292,270228,473479
174796,hold,235320,230511,534169
174856,hold,241462,255849,502688
174916,hold,199827,192035,608138
174976,hold,202899,225989,571111
175036,short,314653,355718,329629
175096,short,326759,378986,294255
175156,hold,291016,272566,436418
175216,long,354253,347213,298534
175276,hold,331276,303751,364973
175336,hold,245690,195197,559113
175396,hold,286324,253541,460135
175456,hold,285513,291335,423153
175516,hold,218354,208122,573524
175576,hold,276224,248688,475088
175636,hold,264627,261316,474057
175696,hold,149425,191970,658605
175756,hold,191811,225732,582457
175816,hold,230032,237976,531992
175876,hold,200966,207831,591203
175936,hold,255552,230779,513669
175996,hold,205067,239111,555823
176056,hold,180807,204536,614658
176116,hold,239325,232421,528253
176176,hold,215852,232170,551978
176236,hold,211934,226223,561843
176296,hold,198287,227376,574336
176356,hold,283000,234444,482556
176416,hold,250440,248470,501090
176476,hold,199959,189849,610193
176536,hold,152967,201835,645198
176596,hold,171182,190989,637829
176656,hold,170418,186642,642940
176716,hold,272002,250880,477118
176776,hold,257042,200555,542402
176836,hold,223887,230605,545508
176896,hold,168569,202426,629005
176956,hold,165985,183888,650127
177016,hold,256652,240145,503203
177076,hold,169194,206116,624690
177136,hold,333634,269504,396862
177196,hold,304341,259870,435789
177256,hold,328853,278850,392297
177316,hold,291626,244232,464142
177376,hold,318394,261598,420007
177436,hold,235413,252436,512152
177496,hold,266950,249196,483855
177556,hold,274109,237042,488849
177616,hold,257559,257840,484601
177676,hold,297868,274756,427377
177736,hold,241073,247617,511309
177796,hold,287719,265480,446802
177856,hold,277073,250723,472205
177916,hold,210564,222545,566891
177976,hold,247327,259389,493284
178036,hold,215994,223420,560585
178096,hold,215545,237251,547203
178156,hold,233942,231891,534167
178216,hold,222455,235903,541642
178276,hold,205262,217907,576830
178336,hold,189156,211453,599391
178396,hold,137785,185988,676227
178456,long,347070,307335,345595
178516,long,387208,319621,293170
178576,long,390030,295394,314576
178636,hold,301097,294985,403917
178696,long,463798,335509,200693
178756,hold,320307,277814,401880
178816,hold,302510,270537,426953
178876,hold,175957,248003,576040
178936,hold,202417,174698,622885
178996,hold,213975,255431,530594
179056,hold,197889,209857,592255
179116,hold,206108,234563,559329
179176,hold,203080,213781,583139
179236,hold,261372,229450,509178
179296,hold,303420,282814,413766
179356,hold,229167,275900,494933
179416,short,406365,414484,179151
179476,long,395161,341935,262903
179536,hold,302910,264089,433001
179596,hold,244600,280036,475364
179656,hold,229377,185523,585101
179716,hold,215362,221927,562711
179776,hold,302126,223518,474356
179836,hold,285069,221168,493763
179896,hold,240448,226222,533329
179956,hold,214181,234444,551375
180016,hold,273677,257722,468602
180076,hold,328448,252976,418575
180136,hold,312218,276652,411130
180196,hold,252973,250208,496819
180256,hold,202234,204231,593535
180316,hold,179145,212788,608067
180376,hold,192222,218053,589724
180436,hold,209890,246458,543652
180496,hold,216640,255715,527646
180556,hold,191119,223363,585518
180616,hold,198854,221208,579938
180676,hold,241788,245841,512372
180736,hold,265183,270610,464206
180796,hold,273595,269925,456480
180856,long,350635,330128,319237
180916,long,349695,269329,380977
180976,long,347627,324876,327497
181036,hold,299744,274366,425890
181096,hold,289825,259018,451157
181156,hold,224521,190621,584858
181216,hold,220729,248905,530366
181276,hold,218065,258723,523212
181336,long,368214,274514,357271
181396,hold,276174,223873,499953
181456,hold,219883,206186,573931
181516,hold,271516,225975,502509
181576,hold,322784,278950,398266
181636,hold,298757,251058,450185
181696,hold,269591,232203,498206
181756,hold,244312,271631,484057
181816,hold,245367,222933,531700
181876,hold,218984,240735,540281
181936,hold,173536,194433,632031
181996,hold,182271,199237,618492
182056,hold,242152,239218,518629
182116,hold,204154,189666,606180
182176,hold,208476,227651,563873
182236,hold,216571,233599,549830
182296,hold,317064,311813,371123
182356,hold,294483,301762,403755
182416,short,307288,342748,349964
182476,hold,313526,258757,427717
182536,long,450594,384369,165037
182596,long,395569,343554,260877
182656,long,389254,318635,292112
182716,hold,213643,217015,569342
182776,hold,265066,249392,485542
182836,hold,236338,245250,518412
182896,hold,245969,242462,511569
182956,long,466196,427467,106337
183016,hold,333916,265606,400478
183076,hold,266944,281067,451989
183136,hold,239850,208146,552005
183196,hold,251669,253850,494481
183256,hold,251755,231163,517082
183316,hold,191117,190196,618687
183376,hold,277785,277686,444529
183436,hold,177997,216835,605168
183496,hold,211427,204923,583650
183556,hold,236674,237675,525650
183616,hold,233806,237791,528403
183676,hold,254820,248483,496698
183736,short,305107,368936,325956
183796,hold,321658,288200,390143
183856,long,502953,288291,208756
183916,hold,222916,228808,548276
183976,hold,324208,291352,384441
184036,hold,274126,266453,459421
184096,short,346365,380119,273516
184156,long,459157,319334,221509
184216,long,528980,346256,124764
184276,hold,283833,247260,468907
184336,hold,259485,285271,455244
184396,short,364178,368326,267496
184456,hold,292154,314543,393303
184516,hold,293951,295259,410790
184576,hold,290560,270604,438835
184636,hold,246969,260520,492511
184696,hold,198328,219418,582254
184756,hold,218764,201350,579886
184816,short,330287,354781,314932
184876,long,471678,441713,86609
184936,long,422062,307735,270202
184996,hold,221213,252012,526775
185056,long,371655,321282,307063
185116,hold,275892,232291,491817
185176,short,339250,340452,320298
185236,long,444029,379885,176086
185296,long,393826,345913,260261
185356,long,348802,318058,333141
185416,hold,274487,262687,462826
185476,short,255784,350113,394103
185536,hold,186913,207920,605167
185596,hold,223625,242208,534168
185656,hold,285095,247773,467132
185716,hold,277060,234356,488584
185776,hold,225233,231153,543615
185836,hold,257114,253063,489823
185896,hold,257905,225344,516751
185956,hold,187899,208463,603638
186016,hold,217612,253993,528396
186076,hold,203659,212658,583683
186136,hold,248169,235277,516554
186196,hold,218161,241249,540590
186256,hold,244558,258644,496798
186316,hold,329399,282814,387787
186376,hold,222236,212826,564938
186436,hold,261590,271701,466708
186496,hold,270839,254659,474502
186556,hold,219501,222433,558067
186616,hold,218623,234006,547372
186676,hold,259722,255559,484719
186736,hold,276250,238209,485541
186796,hold,204309,250501,545190
186856,hold,271115,268411,460474
186916,hold,197580,214554,587866
186976,hold,265972,212001,522026
187036,hold,267790,262192,470018
187096,hold,228600,218642,552757
187156,long,509763,401466,88771
187216,short,372935,403257,223808
187276,long,426048,298159,275793
187336,long,368877,305133,325990
187396,long,341271,311758,346971
187456,hold,277456,229573,492971
187516,hold,210372,252229,537399
187576,hold,296497,259653,443850
187636,hold,298111,286259,415630
187696,long,354021,305180,340799
187756,long,357125,334178,308696
187816,hold,190866,258607,550526
187876,hold,209206,242791,548003
187936,hold,265541,283625,450835
187996,hold,260737,273201,466062
188056,long,432315,389742,177943
188116,hold,326320,245457,428223
188176,short,374713,389860,235427
188236,long,370765,298626,330609
188296,hold,307312,319967,372721
188356,hold,271546,234168,494287
188416,hold,278616,234737,486647
188476,hold,304201,269413,426386
188536,long,395062,325324,279614
188596,hold,309208,295128,395665
188656,hold,325638,259090,415272
188716,short,293708,392368,313924
188776,long,361679,358467,279854
188836,long,359249,280054,360696
188896,hold,262486,237731,499783
188956,hold,232314,248095,519591
189016,hold,226379,260368,513252
189076,long,504102,307399,188499
189136,long,422296,383544,194160
189196,hold,292973,253801,453226
189256,hold,298553,296653,404793
189316,hold,251759,271757,476484
189376,long,372084,323969,303946
189436,long,344034,271053,384913
189496,long,420735,408304,170961
189556,long,587755,373347,38898
189616,long,479058,329704,191238
189676,hold,239745,272462,487793
189736,long,526588,387234,86178
189796,long,548498,354615,96888
189856,long,398719,329186,272094
189916,hold,286112,291625,422263
189976,hold,291943,281724,426333
190036,hold,194376,183331,622293
190096,hold,272755,300732,426512
190156,long,457972,316190,225837
190216,short,356691,362185,281125
190276,long,389015,312769,298216
190336,long,346587,311305,342108
190396,hold,212809,211739,575452
190456,hold,230160,277083,492757
190516,hold,224959,237931,537109
190576,hold,280924,209994,509083
190636,hold,245139,238648,516213
190696,hold,226156,231343,542501
190756,hold,187275,227885,584839
190816,hold,236428,272341,491231
190876,long,375996,337157,286847
190936,short,391746,539508,68745
190996,long,395258,317728,287014
191056,long,387619,379486,232895
191116,hold,333258,292677,374066
191176,hold,329391,273134,397476
191236,hold,240142,257686,502173
191296,hold,295192,261997,442811
191356,hold,301218,318566,380215
191416,hold,323463,307340,369198
191476,hold,337819,273242,388940
191536,hold,246983,256623,496394
191596,long,353505,318489,328006
191656,hold,318848,269402,411750
191716,hold,250555,268135,481310
191776,hold,248749,258541,492710
191836,hold,215154,201523,583322
191896,hold,204302,220006,575692
191956,hold,233367,253567,513066
192016,hold,306212,318327,375461
192076,long,385915,295904,318181
192136,hold,251042,197242,551717
192196,hold,270860,252745,476395
192256,hold,233338,229360,537302
192316,hold,297108,267032,435860
192376,short,417561,466016,116423
192436,long,427952,320346,251702
192496,hold,277745,270325,451930
192556,hold,308535,338631,352834
192616,long,341593,322026,336381
192676,hold,290990,225615,483394
192736,hold,229277,238951,531772
192796,hold,264688,257479,477833
192856,hold,171355,204513,624132
192916,hold,240481,252316,507203
192976,hold,273643,233581,492777
193036,hold,208912,230874,560214
193096,hold,316081,316662,367257
193156,hold,267396,260184,472420
193216,hold,281702,277785,440513
193276,hold,227629,234568,537803
193336,hold,331399,294657,373944
193396,hold,249473,266614,483912
193456,hold,332963,291282,375755
193516,hold,261954,288328,449718
193576,long,351961,282591,365449
193636,long,341916,269700,388384
193696,hold,226445,259205,514349
193756,hold,277155,225344,497501
193816,long,489278,405817,104904
193876,long,471113,331341,197547
193936,hold,290021,237417,472562
193996,hold,228989,247186,523825
194056,hold,275250,262937,461813
194116,long,449429,309807,240765
194176,long,401577,352440,245983
194236,hold,323569,308199,368232
194296,long,377931,284377,337691
194356,hold,262169,295745,442086
194416,long,360081,265081,374839
194476,hold,270309,309026,420665
194536,hold,253723,192554,553723
194596,hold,316247,269066,414687
194656,hold,241336,267858,490806
194716,hold,266831,265686,467483
194776,hold,275889,282535,441576
194836,hold,270233,258102,471665
194896,hold,330683,337708,331609
194956,hold,280662,273303,446035
195016,hold,248228,246539,505233
195076,hold,208441,256699,534861
195136,hold,266736,288959,444305
195196,hold,223971,243415,532614
195256,long,377026,357063,265912
195316,hold,316821,310295,372884
195376,hold,254062,292933,453005
195436,hold,314921,283104,401975
195496,hold,287847,284464,427688
195556,hold,305748,276922,417330
195616,hold,219046,219614,561340
195676,hold,319549,328289,352162
195736,hold,270942,274652,454406
195796,hold,254632,259581,485787
195856,hold,300193,302905,396902
195916,hold,322315,284157,393528
195976,hold,313589,326956,359455
196036,hold,243435,224711,531854
196096,hold,203051,210573,586376
196156,hold,166011,195524,638465
196216,hold,222488,199391,578121
196276,hold,203746,203825,592429
196336,hold,175305,205835,618859
196396,hold,261987,277040,460973
196456,hold,277889,263549,458563
196516,hold,255840,237025,507135
196576,hold,247172,247921,504907
196636,hold,242059,235785,522157
196696,hold,301366,260413,438220
196756,hold,238978,252346,508676
196816,hold,217967,245039,536993
196876,hold,202926,217299,579775
196936,short,311391,419253,269356
196996,hold,263462,237074,499464
197056,hold,221575,251724,526701
197116,hold,263528,213441,523031
197176,hold,300297,276555,423148
197236,hold,257460,255789,486750
197296,hold,211105,217748,571147
197356,hold,215410,245791,538800
197416,hold,222114,217639,560247
197476,hold,184450,224525,591025
197536,hold,210404,198120,591477
197596,hold,168144,168730,663126
197656,hold,173844,179347,646810
197716,hold,240236,208954,550809
197776,hold,219014,232906,548080
197836,hold,194321,222579,583100
197896,hold,266055,244675,489270
197956,hold,192920,201805,605275
198016,hold,224099,231887,544014
198076,hold,176620,175899,647482
198136,hold,227875,204954,567171
198196,hold,273724,266301,459976
198256,hold,258185,275854,465961
198316,hold,308486,256163,435352
198376,long,514522,400357,85121
198436,long,438829,359450,201721
198496,long,464854,364192,170954
198556,hold,270117,241870,488012
198616,short,335885,354524,309591
198676,long,371082,342067,286851
198736,short,299310,371262,329427
198796,long,513634,374084,112282
198856,long,404850,402056,193095
198916,short,363975,376524,259501
198976,long,464787,425808,109404
199036,long,473784,417141,109075
199096,short,397448,402969,199583
199156,long,374217,351441,274342
199216,hold,306805,255924,437272
199276,hold,315369,288858,395773
199336,hold,305477,288088,406436
199396,hold,300477,288252,411271
199456,hold,284452,315712,399836
199516,hold,284576,321161,394263
199576,long,345783,273026,381191
199636,hold,199549,194849,605602
199696,hold,260151,280567,459282
199756,hold,302798,328221,368981
199816,hold,255355,298110,446535
199876,long,442106,315396,242498
199936,hold,262730,240724,496547
199996,hold,247113,257644,495243
200056,hold,261993,324382,413624
200116,hold,194759,191485,613757
200176,long,358550,336324,305126
200236,long,405076,371299,223625
200296,long,341462,255469,403068
200356,hold,291289,284059,424652
200416,hold,324233,281160,394607
200476,hold,251079,184090,564831
200536,hold,219093,282839,498068
200596,long,348156,328689,323155
200656,hold,336958,305785,357257
200716,hold,216535,213566,569898
200776,hold,186810,240165,573025
200836,hold,274503,287970,437527
200896,hold,230173,239749,530078
200956,hold,238210,232816,528974
201016,long,377333,374798,247869
201076,long,369414,278003,352583
201136,hold,276646,280035,443319
201196,long,380734,380549,238717
201256,hold,233376,246217,520407
201316,long,427962,316116,255922
201376,hold,335468,288703,375829
201436,short,337269,430419,232312
201496,short,311837,366318,321845
201556,hold,314617,222700,462683
201616,hold,322149,324226,353625
201676,long,350319,342526,307155
201736,long,384916,310025,305058
201796,hold,249953,217678,532369
201856,hold,237916,264946,497137
201916,long,372304,311205,316491
201976,hold,268241,269237,462522
202036,short,311625,453627,234748
202096,long,455766,349890,194343
202156,hold,291109,286192,422699
202216,short,332059,355677,312265
202276,hold,275951,266348,457701
202336,hold,320718,265836,413447
202396,hold,254047,282019,463934
202456,hold,337213,304989,357798
202516,short,413554,495724,90722
202576,short,350441,369412,280148
202636,short,467509,473647,58844
202696,long,670780,314033,15187
202756,long,559622,349556,90822
202816,long,360777,334725,304498
202876,hold,259778,332957,407265
202936,hold,278221,270433,451346
202996,long,386439,258066,355495
203056,long,458152,378350,163498
203116,short,376040,418200,205760
203176,short,382734,389487,227780
203236,long,364440,298037,337524
203296,long,364002,349441,286557
203356,hold,323808,325322,350870
203416,long,394700,344586,260714
203476,long,432255,323660,244085
203536,hold,279904,280903,439193
203596,short,391132,405513,203355
203656,hold,253375,241214,505410
203716,hold,271013,334100,394887
203776,hold,326795,331248,341957
203836,hold,258544,264436,477019
203896,long,483540,444708,71752
203956,long,374053,356223,269724
204016,long,365958,286006,348036
204076,hold,282604,291654,425742
204136,long,350110,306431,343459
204196,long,341567,275055,383378
204256,long,388340,315438,296222
204316,long,370815,305015,324170
204376,hold,303854,304774,391372
204436,hold,235117,220177,544706
204496,hold,252265,250720,497015
204556,hold,326842,332280,340878
204616,hold,335681,280492,383828
204676,hold,252193,255995,491812
204736,hold,280063,307144,412794
204796,hold,301973,277367,420660
204856,hold,267186,319573,413240
204916,hold,288072,269040,442888
204976,hold,231100,272148,496751
205036,hold,228053,212263,559683
205096,hold,223212,291268,485520
205156,hold,223063,227981,548955
205216,short,338568,660700,732
205276,long,613468,311284,75249
205336,short,379041,460861,160099
205396,short,355678,464306,180016
205456,short,465703,493082,41214
205516,long,463843,267070,269087
205576,hold,290298,335902,373799
205636,long,411374,328188,260438
205696,long,402291,315985,281724
205756,long,410998,357059,231943
205816,long,406152,355157,238691
205876,long,414018,321228,264754
205936,long,517170,360144,122686
205996,hold,322987,316246,360766
206056,short,339578,340415,320006
206116,hold,264670,260567,474763
206176,hold,165250,178130,656621
206236,hold,229884,292234,477882
206296,hold,220683,262067,517250
206356,hold,317747,282974,399279
206416,hold,295406,324150,380444
206476,hold,219963,214177,565859
206536,hold,218776,258103,523120
206596,hold,292464,235974,471562
206656,short,261159,349531,389310
206716,hold,322280,314937,362783
206776,hold,326997,268751,404252
206836,hold,255313,286496,458191
206896,hold,245865,260168,493968
206956,hold,304725,275993,419281
207016,hold,215050,253659,531291
207076,hold,250920,250359,498722
207136,hold,254895,238648,506457
207196,hold,266260,228240,505500
207256,hold,285689,243427,470884
207316,long,504812,371626,123562
207376,long,381158,315731,303111
207436,long,424308,417868,157824
207496,long,349983,269794,380223
207556,hold,217016,206978,576006
207616,hold,160557,212735,626708
207676,hold,134077,169209,696714
207736,hold,230456,237703,531840
207796,hold,287249,266535,446216
207856,hold,306400,305436,388164
207916,long,381150,363511,255339
207976,hold,339287,273200,387513
208036,hold,292595,299329,408076
208096,hold,309873,276194,413933
208156,hold,208898,242712,548389
208216,hold,237860,251893,510246
208276,hold,324623,267895,407482
208336,long,373970,324962,301069
208396,hold,274691,304501,420809
208456,hold,226919,208658,564423
208516,hold,206736,220336,572928
208576,hold,206206,248385,545409
208636,hold,215189,183102,601709
208696,short,419947,532953,47100
208756,hold,255956,270916,473128
208816,hold,272920,260278,466802
208876,hold,325860,265129,409011
208936,hold,246238,278873,474889
208996,hold,267239,245974,486786
209056,hold,202798,249023,548179
209116,hold,200349,237271,562380
209176,hold,205130,239024,555847
209236,short,260748,362937,376314
209296,hold,220174,249604,530222
209356,hold,241713,232039,526248
209416,hold,261027,284272,454701
209476,hold,203940,242616,553444
209536,hold,229124,243257,527620
209596,hold,280587,278361,441052
209656,hold,328062,285708,386230
209716,hold,286890,299145,413965
209776,hold,310670,338874,350456
209836,long,398976,317652,283372
209896,long,390517,296328,313155
209956,hold,321889,285034,393077
210016,hold,258215,242465,499321
210076,hold,225669,248336,525995
210136,long,347030,281275,371695
210196,hold,245138,243162,511700
210256,hold,299903,251730,448367
210316,short,351532,609072,39396
210376,long,519511,316765,163724
210436,long,402901,353781,243317
210496,hold,198094,255043,546863
210556,long,347854,322112,330034
210616,hold,306890,263546,429564
210676,hold,279737,281138,439124
210736,hold,205303,193990,600706
210796,hold,192037,243711,564252
210856,hold,258883,231169,509948
210916,hold,196921,219956,583123
210976,hold,240819,235038,524142
211036,short,369066,472551,158383
211096,long,409261,404877,185862
211156,long,541192,361599,97209
211216,long,372713,280814,346473
211276,short,286003,353155,360842
211336,hold,252846,295351,451803
211396,hold,328452,315223,356325
211456,hold,314600,294513,390886
211516,hold,307766,316416,375819
211576,long,411643,341772,246585
211636,hold,286352,242483,471166
211696,hold,230600,270451,498949
211756,hold,296534,338383,365082
211816,short,288461,364185,347354
211876,hold,323650,271277,405074
211936,hold,205659,231267,563074
211996,hold,205012,247018,547970
212056,short,334236,368181,297582
212116,hold,216173,245119,538708
212176,hold,209015,244406,546579
212236,hold,253204,290530,456266
212296,hold,312343,294090,393567
212356,hold,226273,216642,557084
212416,hold,229752,245252,524996
212476,hold,239261,255079,505659
212536,short,433128,456334,110538
212596,long,415572,378832,205595
212656,long,355040,319489,325471
212716,hold,292108,297392,410499
212776,hold,238666,259740,501594
212836,hold,283202,319397,397401
212896,long,378249,287904,333847
212956,hold,300344,239756,459899
213016,hold,249356,280676,469967
213076,hold,302266,280346,417388
213136,hold,321286,313920,364794
213196,hold,293017,254796,452188
213256,hold,287620,275177,437203
213316,hold,238097,250024,511879
213376,hold,212739,235961,551300
213436,long,421498,316256,262246
213496,hold,256033,221185,522782
213556,hold,293864,249331,456804
213616,hold,235800,240479,523721
213676,hold,221346,206132,572522
213736,hold,243921,255971,500108
213796,hold,235455,209372,555174
213856,hold,195737,222211,582052
213916,hold,273105,265760,461135
213976,long,482827,404988,112185
214036,long,459894,355010,185096
214096,long,425071,396710,178219
214156,long,408530,354008,237462
214216,long,468350,353903,177748
214276,short,361457,432040,206503
214336,long,423441,312176,264384
214396,hold,253198,223940,522862
214456,hold,212360,268907,518733
214516,hold,248027,241486,510487
214576,long,428579,363043,208378
214636,long,496161,400026,103813
214696,hold,303388,278172,418439
214756,hold,241626,281792,476582
214816,hold,266580,285030,448390
214876,hold,181037,198558,620405
214936,hold,268111,288813,443076
214996,long,361036,319237,319728
215056,long,415999,337560,246442
215116,hold,304253,281151,414596
215176,long,340250,335243,324507
215236,hold,182781,193886,623333
215296,short,371515,460361,168125
215356,hold,319134,327456,353410
215416,long,413078,375658,211265
215476,long,349825,345986,304189
215536,hold,320976,316335,362689
215596,long,449778,372283,177939
215656,hold,320044,326420,353537
215716,hold,263942,266249,469808
215776,hold,288109,288137,423754
215836,hold,280782,217766,501452
215896,hold,251857,240955,507188
215956,long,411292,353241,235467
216016,long,442189,391928,165883
216076,long,385890,344575,269535
216136,long,435633,350856,213511
216196,long,434894,326865,238240
216256,hold,309731,253031,437238
216316,hold,206757,283788,509455
216376,hold,247670,238412,513919
216436,hold,198623,270570,530807
216496,hold,201642,250999,547359
216556,hold,259474,243944,496583
216616,hold,296470,324825,378705
216676,hold,252495,232896,514608
216736,hold,222912,186783,590305
216796,hold,174257,200434,625309
216856,hold,266034,225781,508185
216916,hold,205150,204093,590757
216976,hold,282652,258647,458701
217036,hold,268464,249529,482007
217096,hold,241343,241608,517050
217156,hold,245634,235944,518423
217216,hold,181095,214740,604165
217276,hold,203790,263329,532882
217336,hold,167782,193572,638646
217396,hold,273492,273935,452573
217456,hold,244891,261861,493248
217516,hold,278211,227623,494166
217576,hold,303622,293230,403148
217636,hold,226004,225464,548532
217696,hold,221101,197683,581217
217756,hold,212492,193366,594142
217816,hold,187938,200030,612032
217876,hold,300442,247358,452199
217936,hold,228183,237633,534184
217996,hold,250522,272797,476680
218056,hold,335573,270608,393819
218116,hold,278564,247819,473617
218176,hold,214374,192060,593566
218236,hold,258827,266587,474586
218296,hold,293024,284275,422701
218356,hold,186369,219178,594453
218416,short,336564,386739,276697
218476,hold,191819,226740,581442
218536,hold,207237,221793,570970
218596,hold,325022,275091,399887
218656,hold,283385,270432,446184
218716,hold,229365,230200,540435
218776,hold,292423,255658,451918
218836,hold,220242,225091,554667
218896,hold,268719,309517,421764
218956,hold,279707,240932,479360
219016,hold,264553,246413,489034
219076,hold,306389,275703,417908
219136,long,345111,267457,387432
219196,hold,228494,234394,537112
219256,hold,216650,273776,509573
219316,hold,184530,176781,638689
219376,hold,192921,217071,590007
219436,short,396241,410047,193713
219496,long,387537,297410,315054
219556,hold,318590,313243,368167
219616,hold,312822,290445,396733
219676,hold,272970,226451,500579
219736,long,406105,387207,206687
219796,long,392393,295710,311897
219856,hold,241850,271497,486653
219916,hold,269719,317089,413191
219976,hold,242242,251625,506134
220036,hold,221785,276773,501442
220096,hold,265619,237600,496780
220156,hold,212739,240622,546639
220216,hold,320326,286272,393402
220276,hold,211935,186566,601499
220336,hold,267995,241419,490585
220396,hold,233361,281257,485383
220456,hold,186348,216081,597571
220516,long,387119,358795,254086
220576,hold,285424,267584,446992
220636,hold,215715,217996,566289
220696,hold,169287,211093,619620
220756,hold,197698,217340,584962
220816,hold,226086,245079,528835
220876,hold,246000,205690,548310
220936,hold,222360,228100,549539
220996,hold,178936,216241,604823
221056,hold,256307,242832,500861
221116,hold,234938,238914,526148
221176,long,364928,361057,274016
221236,hold,273620,221176,505204
221296,hold,247588,281055,471357
221356,hold,309278,275103,415619
221416,hold,308343,274729,416928
221476,hold,239002,191860,569138
221536,hold,220163,256363,523474
221596,hold,292555,316927,390518
221656,hold,302265,256895,440840
221716,hold,236568,270335,493097
221776,hold,296098,289768,414133
221836,hold,266838,279118,454044
221896,hold,204192,230175,565632
221956,hold,282398,290318,427285
222016,hold,214246,214660,571094
222076,hold,255154,240538,504308
222136,hold,224170,225712,550119
222196,hold,195387,213937,590676
222256,hold,234087,244087,521826
222316,hold,205689,230589,563722
222376,hold,201316,160901,637782
222436,hold,228151,218605,553243
222496,hold,335918,267735,396347
222556,hold,257826,263261,478913
222616,long,419869,369804,210328
222676,hold,272959,242337,484704
222736,hold,208787,275426,515787
222796,hold,215933,241095,542972
222856,hold,237737,231475,530789
222916,hold,256542,247626,495831
222976,hold,250574,312382,437044
223036,hold,291918,273207,434874
223096,hold,249772,236942,513286
223156,hold,214468,234728,550805
223216,hold,220909,226001,553090
223276,hold,225815,228123,546062
223336,hold,281341,255544,463115
223396,hold,265048,262700,472251
223456,hold,205394,191597,603009
223516,hold,152043,202368,645589
223576,hold,226114,221575,552311
223636,hold,314073,275376,410552
223696,hold,233475,238345,528181
223756,hold,198082,188168,613751
223816,hold,161903,198508,639589
223876,hold,211570,224611,563820
223936,hold,259060,205266,535674
223996,hold,219337,234399,546264
224056,long,463676,433660,102664
224116,long,408876,325540,265584
224176,short,294905,373295,331801
224236,long,433281,364538,202180
224296,short,359019,537275,103706
224356,short,341587,537891,120522
224416,short,427192,520416,52392
224476,long,559490,409037,31474
224536,long,434499,364704,200797
224596,hold,238719,253711,507570
224656,short,284330,382495,333175
224716,hold,199869,149754,650377
224776,hold,247939,302960,449101
224836,hold,264534,201127,534339
224896,hold,195425,161796,642779
224956,hold,192511,173655,633835
225016,hold,224688,198880,576433
225076,hold,196984,212132,590884
225136,hold,241612,221171,537217
225196,hold,236065,218225,545710
225256,hold,246253,232310,521438
225316,hold,207779,221313,570908
225376,hold,229253,278574,492173
225436,long,356507,292987,350506
225496,hold,307597,297517,394886
225556,long,422913,348934,228153
225616,hold,276780,282605,440614
225676,hold,329741,320512,349747
225736,hold,262464,263133,474403
225796,hold,285071,258694,456234
225856,hold,272802,265835,461363
225916,hold,268212,296592,435196
225976,hold,212850,223160,563990
226036,hold,234988,249528,515484
226096,hold,201640,264914,533446
226156,hold,257960,209170,532870
226216,hold,224978,234630,540392
226276,hold,235102,198512,566386
226336,hold,137031,187592,675377
226396,hold,202276,209241,588483
226456,hold,201891,207430,590679
226516,hold,249239,273315,477445
226576,hold,171622,200688,627689
226636,hold,220796,220637,558568
226696,hold,209221,218036,572743
226756,hold,212045,200561,587394
226816,hold,200192,217010,582798
226876,hold,243176,211033,545791
226936,hold,216713,225422,557865
226996,hold,272296,287777,439927
227056,hold,203695,186604,609701
227116,hold,196117,207740,596144
227176,hold,245304,238784,515912
227236,hold,203492,221868,574640
227296,hold,262681,224421,512898
227356,hold,161168,191334,647498
227416,hold,182869,204221,612910
227476,hold,176767,211833,611400
227536,hold,224228,214399,561373
227596,hold,176164,221948,601887
227656,hold,199133,220549,580318
227716,hold,167136,188437,644427
227776,hold,196841,206050,597109
227836,hold,153070,182412,664519
227896,hold,253014,240402,506584
227956,hold,252723,233409,513868
228016,hold,169919,189296,640785
228076,hold,197891,219452,582656
228136,hold,259106,269686,471207
228196,hold,178651,170517,650832
228256,hold,220888,203719,575393
228316,hold,194103,221680,584217
228376,hold,233269,226839,539892
228436,hold,242082,257169,500749
228496,hold,201927,219882,578191
228556,hold,216695,231981,551324
228616,hold,248408,216858,534733
228676,hold,158263,170179,671558
228736,hold,233209,217575,549216
228796,hold,210349,220140,569511
228856,hold,287763,285608,426629
228916,hold,323069,282452,394479
228976,hold,315829,289519,394652
229036,hold,323858,319248,356895
229096,hold,289891,232617,477492
229156,hold,218153,211201,570645
229216,hold,197860,191421,610719
229276,hold,273441,245282,481277
229336,hold,232885,210714,556401
229396,hold,222073,234880,543047
229456,hold,185726,194059,620215
229516,hold,209940,177896,612164
229576,long,430513,364867,204620
229636,hold,222710,242343,534947
229696,hold,219337,206581,574082
229756,hold,207892,204638,587470
229816,long,385394,354522,260085
229876,long,366405,364358,269237
229936,hold,250449,276914,472637
229996,long,357233,319082,323686
230056,hold,256727,275049,468223
230116,hold,209395,233052,557554
230176,hold,223345,268895,507759
230236,hold,336367,271273,392360
230296,long,479361,334161,186477
230356,hold,238377,248083,513540
230416,hold,252242,269631,478127
230476,hold,256819,282359,460821
230536,hold,331676,276950,391373
230596,hold,229057,254306,516637
230656,hold,174672,235989,589340
230716,hold,239577,229256,531167
230776,hold,279507,289972,430521
230836,hold,267741,279754,452505
230896,hold,247105,295485,457409
230956,hold,303581,279662,416757
231016,hold,276115,236725,487160
231076,hold,255400,291984,452616
231136,hold,249924,286597,463479
231196,hold,257023,204238,538739
231256,long,387888,357712,254399
231316,long,473062,339506,187433
231376,long,348676,312553,338771
231436,hold,319215,309901,370885
231496,hold,330030,275632,394338
231556,hold,248843,216854,534302
231616,short,326380,361897,311723
231676,short,320839,523048,156112
231736,hold,248220,209859,541921
231796,hold,268780,271462,459758
231856,hold,280699,303377,415924
231916,hold,306006,295142,398852
231976,hold,246678,257072,496250
232036,hold,235016,244602,520382
232096,hold,229843,242557,527601
232156,hold,187751,212452,599798
232216,hold,205159,207986,586855
232276,hold,227508,238322,534170
232336,hold,248955,242236,508809
232396,hold,267524,260216,472260
232456,hold,221853,233659,544488
232516,hold,207470,233459,559071
232576,hold,269382,294703,435915
232636,long,346400,296462,357139
232696,long,376860,297500,325640
232756,short,333839,350728,315433
232816,hold,332473,313151,354376
232876,hold,279861,277001,443139
232936,short,361102,451131,187767
232996,long,380068,291668,328264
233056,hold,308060,283559,408380
233116,hold,299922,281306,418773
233176,long,386708,297364,315928
233236,hold,286096,254141,459763
233296,hold,232633,227022,540345
233356,hold,241902,266951,491146
233416,hold,301344,289829,408827
233476,hold,220732,240494,538775
233536,hold,306106,275712,418181
233596,hold,304745,249025,446231
233656,hold,238655,247099,514246
233716,hold,225606,247992,526402
233776,hold,305787,286432,407781
233836,hold,228260,246065,525675
233896,hold,232481,232172,535347
233956,hold,326579,309721,363699
234016,hold,255722,261319,482959
234076,hold,282809,259435,457756
234136,long,362953,310607,326439
234196,hold,224623,281685,493692
234256,long,366233,350856,282911
234316,hold,252739,213841,533421
234376,hold,262728,263819,473453
234436,long,395699,299416,304885
234496,short,419677,473105,107218
234556,long,483270,319966,196764
234616,long,420030,374421,205549
234676,short,335767,361955,302279
234736,short,406033,566047,27920
234796,long,533767,452672,13561
234856,long,450601,403474,145925
234916,long,388240,369028,242732
234976,short,371928,380315,247757
235036,hold,252322,251591,496088
235096,hold,314430,300608,384962
235156,hold,336481,294860,368659
235216,hold,288717,248595,462688
235276,long,369074,347154,283773
235336,long,398382,317360,284257
235396,hold,266357,300254,433389
235456,hold,278392,266271,455337
235516,hold,272790,271579,455631
235576,long,459283,401361,139356
235636,long,391334,350421,258246
235696,hold,328295,304833,366872
235756,short,316889,359682,323429
235816,long,407818,342497,249684
235876,long,357418,308061,334521
235936,long,371816,355728,272456
235996,hold,330529,302405,367067
236056,hold,275759,228257,495985
236116,hold,187909,236569,575523
236176,hold,202311,209199,588490
236236,long,350361,293744,355896
236296,hold,270320,265962,463718
236356,hold,213312,218432,568256
236416,hold,235126,241516,523358
236476,hold,181609,202986,615405
236536,hold,175546,219849,604605
236596,hold,202668,217374,579958
236656,hold,241352,231027,527620
236716,hold,227555,227619,544827
236776,hold,215974,233142,550885
236836,hold,197595,211363,591042
236896,hold,199270,231796,568934
236956,hold,228571,230129,541300
237016,hold,251354,266583,482064
237076,hold,197804,215169,587026
237136,hold,298235,270383,431382
237196,hold,284436,269573,445990
237256,hold,234189,241541,524270
237316,hold,276033,278188,445779
237376,hold,327851,311414,360734
237436,hold,279428,185369,535203
237496,hold,256206,204901,538893
237556,hold,173685,205867,620448
237616,hold,223371,186441,590188
237676,hold,181067,226986,591947
237736,hold,256123,233102,510775
237796,hold,184629,192273,623098
237856,hold,181730,197694,620576
237916,hold,155761,188423,655815
237976,hold,187491,187214,625295
238036,hold,293026,254086,452887
238096,hold,240371,239886,519743
238156,hold,203108,206276,590616
238216,hold,259827,218791,521382
238276,hold,181554,210306,608140
238336,hold,219968,227375,552657
238396,hold,235042,243998,520960
238456,hold,242063,264142,493795
238516,hold,234914,230585,534501
238576,hold,226567,246641,526791
238636,hold,212430,241523,546047
238696,hold,201501,239457,559041
238756,hold,212728,223081,564191
238816,hold,276014,274851,449135
238876,long,377517,295880,326603
238936,long,348738,298676,352586
238996,hold,224585,273012,502403
239056,hold,201001,220328,578671
239116,short,374198,402828,222974
239176,hold,266291,196766,536943
239236,hold,257776,252958,489266
239296,hold,250598,238532,510870
239356,hold,213866,180754,605380
239416,hold,190539,190008,619453
239476,hold,231736,214616,553649
239536,hold,259262,245037,495701
239596,hold,188218,235223,576560
239656,hold,221785,220567,557648
239716,hold,227659,207896,564446
239776,hold,239920,252105,507975
239836,hold,254112,262963,482925
239896,long,385014,381960,233026
239956,hold,298585,273491,427923
240016,hold,285884,275687,438429
240076,hold,281590,268662,449748
240136,hold,254528,247130,498343
240196,hold,229297,204468,566236
240256,long,357994,356247,285760
240316,hold,205357,232425,562218
240376,hold,252262,272454,475284
240436,long,497688,310660,191652
240496,long,477136,463693,59171
240556,long,416224,274436,309340
240616,hold,197577,296601,505822
240676,hold,308879,300378,390743
240736,hold,248909,277837,473254
240796,hold,257693,249795,492511
240856,hold,296279,273215,430506
240916,hold,237605,233676,528719
240976,hold,296386,285243,418371
241036,hold,263097,271589,465315
241096,hold,285806,271473,442721
241156,hold,298913,290668,410419
241216,hold,297769,316260,385971
241276,hold,304724,284342,410934
241336,long,391358,355872,252770
241396,long,455525,438180,106296
241456,long,440924,344658,214419
241516,long,453709,410902,135389
241576,short,320643,340849,338509
241636,long,346598,256972,396430
241696,hold,253279,327350,419370
241756,long,389082,285890,325028
241816,long,358176,265636,376189
241876,hold,267998,257512,474490
241936,hold,192577,227153,580271
241996,hold,225803,201417,572779
242056,short,306082,370195,323723
242116,hold,281712,213561,504726
242176,hold,225001,199205,575794
242236,hold,161820,191114,647066
242296,hold,199138,221401,579461
242356,long,342329,265963,391708
242416,hold,238321,220703,540976
242476,hold,231964,260303,507734
242536,hold,324314,294236,381450
242596,long,354705,279406,365889
242656,hold,292429,278307,429264
242716,short,295150,345857,358993
242776,long,512680,392962,94357
242836,short,387032,482667,130301
242896,short,359043,366751,274206
242956,hold,303884,307789,388327
243016,long,483497,416385,100117
243076,long,507874,455220,36906
243136,long,374723,314984,310293
243196,hold,274542,240999,484459
243256,hold,241290,265886,492824
243316,hold,235304,219954,544742
243376,hold,238471,247791,513738
243436,long,356839,309241,333920
243496,hold,245961,292858,461181
243556,hold,226244,203721,570035
243616,hold,216478,211231,572290
243676,hold,213279,276976,509744
243736,hold,222003,229723,548274
243796,hold,203863,216013,580124
243856,hold,201245,227913,570842
243916,hold,217012,217133,565855
243976,hold,222859,187173,589968
244036,hold,214807,235170,550023
244096,hold,292220,253058,454722
244156,hold,205957,215857,578186
244216,hold,291913,263738,444349
244276,hold,317951,289323,392726
244336,hold,273503,264840,461656
244396,hold,321194,287562,391244
244456,hold,269258,224525,506217
244516,hold,288976,300024,411001
244576,hold,307666,253325,439009
244636,hold,226489,238228,535284
244696,hold,274797,238334,486869
244756,hold,299239,243691,457070
244816,hold,196753,223383,579863
244876,hold,286646,243449,469905
244936,hold,190501,197590,611909
244996,hold,250810,224132,525058
245056,hold,188849,214608,596543
245116,hold,255297,224005,520699
245176,hold,198857,206631,594511
245236,hold,262141,214914,522945
245296,hold,234305,169137,596558
245356,hold,305894,276445,417661
245416,hold,290526,259125,450349
245476,hold,213270,247031,539699
245536,hold,196581,225520,577900
245596,hold,207246,249282,543471
245656,long,387914,356210,255877
245716,long,531657,371391,96952
245776,long,377191,349926,272883
245836,long,349861,327156,322983
245896,long,497377,362357,140266
245956,hold,290885,327343,381772
246016,hold,307811,231787,460402
246076,hold,260472,274403,465125
246136,hold,268048,272921,459031
246196,hold,284608,287190,428202
246256,hold,201948,219741,578311
246316,hold,217605,233233,549161
246376,hold,164593,186760,648647
246436,hold,178657,174964,646378
246496,hold,168792,187159,644050
246556,hold,169459,189318,641222
246616,hold,183971,195410,620619
246676,hold,178116,217165,604719
246736,hold,175489,189554,634957
246796,hold,145907,148516,705577
246856,hold,178248,213468,608285
246916,hold,161250,183741,655009
246976,hold,160827,170065,669109
247036,hold,187337,201103,611560
247096,hold,235782,213470,550747
247156,hold,235666,266618,497715
247216,hold,252116,236109,511775
247276,hold,210799,222621,566580
247336,hold,304080,269733,426187
247396,long,378820,329457,291723
247456,long,375069,314680,310251
247516,short,305695,372439,321866
247576,long,569058,364421,66521
247636,long,352619,302669,344712
247696,long,527236,396514,76250
247756,long,354995,300517,344488
247816,long,510700,436902,52398
247876,long,427367,318166,254467
247936,short,318828,349927,331245
247996,hold,291117,290751,418131
248056,hold,260067,249601,490332
248116,hold,235298,251061,513641
248176,hold,322277,282216,395507
248236,hold,249897,227720,522383
248296,hold,328874,326306,344819
248356,hold,274324,211501,514175
248416,hold,201624,255046,543329
248476,short,307713,432914,259372
248536,long,493065,460808,46127
248596,long,591314,353927,54758
248656,long,424184,420074,155742
248716,short,380826,545862,73312
248776,hold,258637,328095,413268
248836,hold,324409,325774,349817
248896,short,435796,467210,96994
248956,long,471459,299200,229340
249016,long,353571,349662,296767
249076,long,403186,321644,275170
249136,hold,332124,290502,377374
249196,long,406975,298549,294475
249256,hold,233280,238111,528609
249316,hold,281781,295934,422285
249376,hold,228850,253798,517352
249436,hold,239329,200639,560032
249496,hold,182321,168357,649322
249556,short,244647,342661,412692
249616,hold,229696,206208,564096
249676,hold,251632,242235,506133
249736,hold,241191,235788,523021
249796,hold,233980,251886,514134
249856,hold,226633,232069,541298
249916,hold,257599,283181,459221
249976,long,398616,336152,265231
250036,long,389493,356848,253659
250096,long,400843,392868,206289
250156,long,535782,388404,75814
250216,long,440004,330489,229507
250276,short,305637,370331,324032
250336,long,389131,283147,327722
250396,long,427964,299916,272120
250456,short,424567,497735,77699
250516,long,394641,329193,276166
250576,hold,294051,311755,394193
250636,long,340538,333797,325665
250696,hold,303473,320062,376465
250756,hold,296679,327369,375952
250816,hold,210055,269266,520680
250876,hold,284809,246592,468600
250936,hold,201393,239273,559334
250996,hold,243719,315885,440396
251056,long,426766,365147,208087
251116,hold,309080,262331,428589
251176,hold,266638,307720,425642
251236,hold,233320,261182,505498
251296,hold,261298,252298,486404
251356,hold,333492,308137,358371
251416,long,425938,342429,231633
251476,hold,281758,292034,426208
251536,hold,308770,301960,389270
251596,hold,280550,268895,450554
251656,hold,238323,284037,477640
251716,hold,295599,269380,435021
251776,hold,321570,263515,414915
251836,hold,246466,249898,503636
251896,hold,241547,289027,469426
251956,hold,222640,243367,533993
252016,hold,287591,251902,460507
252076,long,351719,291780,356501
252136,long,385796,329575,284628
252196,hold,268772,286057,445171
252256,hold,257173,246472,496355
252316,hold,213999,223917,562084
252376,hold,224023,239754,536223
252436,hold,214060,202159,583781
252496,hold,192753,210579,596668
252556,hold,222134,233989,543877
252616,hold,270781,255125,474094
252676,hold,210291,218683,571027
252736,hold,221082,240654,538264
252796,hold,283362,272133,444505
252856,short,340675,483184,176141
252916,short,402280,436165,161555
252976,long,425329,285527,289144
253036,hold,330852,290328,378820
253096,hold,315778,283719,400503
253156,hold,268965,258380,472655
253216,hold,321374,289525,389101
253276,hold,278711,293734,427555
253336,hold,303833,273392,422775
253396,hold,297150,283453,419396
253456,hold,303034,260956,436010
253516,hold,246632,244411,508957
253576,hold,306510,245711,447779
253636,hold,273379,297772,428849
253696,hold,248897,245383,505720
253756,hold,228872,233921,537207
253816,hold,242404,247613,509984
253876,hold,212793,253773,533434
253936,hold,234464,208872,556664
253996,long,382943,376398,240659
254056,hold,245181,246508,508311
254116,hold,210253,238249,551499
254176,hold,215105,236899,547996
254236,hold,260478,268369,471153
254296,long,355157,329170,315673
254356,hold,295046,321964,382989
254416,hold,332110,320596,347294
254476,hold,332934,312604,354462
254536,hold,280711,256127,463162
254596,hold,274486,276141,449373
254656,hold,224672,220821,554508
254716,hold,265585,296511,437904
254776,long,353403,298701,347896
254836,hold,239361,239044,521595
254896,hold,211098,228613,560289
254956,long,361868,316813,321319
255016,hold,265233,228057,506711
255076,hold,173405,220118,606478
255136,hold,168353,176395,655251
255196,hold,168268,176121,655611
255256,hold,261722,229107,509171
255316,hold,249421,206740,543839
255376,hold,298349,241601,460050
255436,hold,287951,252485,459564
255496,hold,262276,297501,440223
255556,hold,199669,220961,579370
255616,hold,234872,234244,530884
255676,hold,324638,284544,390818
255736,short,321142,359421,319437
255796,long,356517,300327,343156
255856,hold,230778,233160,536061
255916,hold,245029,260495,494475
255976,long,341479,295253,363268
256036,hold,301300,295495,403205
256096,hold,277730,247822,474448
256156,hold,197234,228303,574463
256216,hold,282278,235082,482641
256276,hold,241991,246024,511986
256336,hold,188744,200217,611039
256396,hold,202166,226796,571038
256456,hold,221378,211616,567006
256516,hold,157589,203665,638745
256576,hold,147830,195653,656517
256636,hold,144772,157686,697543
256696,hold,140623,144901,714476
256756,hold,124998,157495,717507
256816,hold,136700,176975,686324
256876,hold,175488,183506,641006
256936,hold,174185,190337,635477
256996,hold,183641,184539,631820
257056,hold,135530,173766,690704
257116,hold,135118,175118,689764
257176,hold,245056,185937,569007
257236,hold,207614,190772,601614
257296,hold,215654,215568,568778
257356,hold,229145,214567,556288
257416,hold,182912,196925,620163
257476,hold,202233,186511,611256
257536,hold,146788,146734,706479
257596,hold,187288,186200,626512
257656,hold,182993,188984,628023
257716,hold,144533,174693,680774
257776,hold,134856,147772,717371
257836,hold,147313,163433,689254
257896,hold,181105,170457,648438
257956,hold,162828,177933,659239
258016,hold,202456,201708,595837
258076,hold,163439,181050,655511
258136,hold,145313,126733,727954
258196,hold,160715,174925,664360
258256,hold,127380,136351,736269
258316,hold,168733,148354,682914
258376,hold,172791,166184,661025
258436,hold,160910,199045,640045
258496,hold,202006,206454,591540
258556,hold,213382,242319,544299
258616,hold,252591,218841,528568
258676,hold,262721,260356,476923
258736,hold,293305,271400,435296
258796,hold,220263,221262,558476
258856,hold,170368,193828,635804
258916,hold,174089,220932,604980
258976,hold,217467,213731,568803
259036,hold,181906,212221,605873
259096,hold,236472,172784,590744
259156,hold,254540,261279,484181
259216,hold,201056,183734,615209
259276,hold,270199,265759,464042
259336,hold,211416,226273,562312
259396,hold,180953,217823,601223
259456,hold,167927,190458,641614
259516,hold,207774,194519,597707
259576,hold,173446,191401,635153
259636,hold,319604,228323,452073
259696,hold,186165,217967,595868
259756,hold,206844,205053,588103
259816,hold,160009,188945,651046
259876,hold,204664,170958,624377
259936,hold,221489,231560,546951
259996,hold,218749,229612,551639
260056,long,390712,334777,274511
260116,hold,323919,318311,357770
260176,hold,305087,231314,463599
260236,hold,232670,270805,496525
260296,hold,300527,279913,419560
260356,hold,283199,230406,486395
260416,hold,243710,241389,514900
260476,hold,187396,205416,607188
260536,hold,332518,289042,378440
260596,hold,245839,241093,513069
