sequence,action,long_probability_ppm,short_probability_ppm,hold_probability_ppm
16,hold,290646,309313,400041
76,hold,288608,304527,406865
136,hold,288533,305082,406385
196,hold,280360,293830,425810
256,hold,287682,303916,408403
316,hold,283129,297481,419390
376,hold,294710,297569,407721
436,hold,285447,315919,398634
496,hold,284430,296425,419145
556,hold,289766,311785,398449
616,hold,293721,298717,407562
676,hold,308203,313914,377883
736,hold,292302,307375,400323
796,hold,287994,304944,407062
856,hold,289316,306568,404116
916,hold,288594,304680,406726
976,hold,278008,324179,397813
1036,hold,290077,306325,403598
1096,hold,293041,310862,396097
1156,hold,284773,301175,414052
1216,hold,285385,304870,409745
1276,hold,297648,307425,394927
1336,hold,300365,311477,388158
1396,hold,286177,306510,407313
1456,hold,306600,308455,384945
1516,hold,300769,302940,396291
1576,hold,279510,297953,422538
1636,hold,294979,295428,409593
1696,hold,290580,315989,393431
1756,hold,278075,292136,429789
1816,hold,284787,303544,411669
1876,hold,289787,309763,400450
1936,hold,280091,302432,417477
1996,hold,301395,300965,397639
2056,hold,285159,306935,407906
2116,hold,284381,306597,409023
2176,hold,306044,304519,389437
2236,hold,291274,303057,405669
2296,hold,292192,302589,405219
2356,hold,267310,284336,448354
2416,hold,288653,297065,414282
2476,hold,288933,298391,412675
2536,hold,280517,303145,416338
2596,hold,285273,314133,400594
2656,hold,292170,314154,393676
2716,hold,281350,299960,418690
2776,hold,295002,304357,400640
2836,hold,283403,311056,405541
2896,hold,282171,303493,414336
2956,hold,300341,307118,392541
3016,hold,289348,309150,401502
3076,hold,285863,307801,406336
3136,hold,292940,309455,397605
3196,hold,293637,310158,396205
3256,hold,288909,303490,407601
3316,hold,300703,309087,390211
3376,hold,291566,303200,405234
3436,hold,290077,304116,405807
3496,hold,293708,305812,400479
3556,hold,290185,318505,391310
3616,hold,286105,310735,403160
3676,hold,286377,313318,400305
3736,hold,297461,309111,393428
3796,hold,283385,299640,416974
3856,hold,291254,304695,404051
3916,hold,292766,302820,404414
3976,hold,283583,303008,413409
4036,hold,291861,312749,395390
4096,hold,289207,304314,406479
4156,hold,295183,297308,407509
4216,hold,294335,313502,392163
4276,hold,291746,315533,392721
4336,hold,303401,297499,399100
4396,hold,285961,307565,406474
4456,hold,295924,304674,399402
4516,hold,293009,318044,388947
4576,hold,290445,299267,410288
4636,hold,285057,321725,393218
4696,hold,271191,285438,443371
4756,hold,304045,321085,374870
4816,hold,285705,326454,387841
4876,hold,285940,305558,408503
4936,hold,298535,308101,393363
4996,hold,285504,303426,411071
5056,hold,287328,307681,404991
5116,hold,286085,314862,399054
5176,hold,286510,298446,415044
5236,hold,299493,309951,390555
5296,hold,295066,310415,394519
5356,hold,306066,304517,389417
5416,hold,289234,298729,412037
5476,hold,306009,308451,385540
5536,hold,294042,308530,397427
5596,hold,286472,302372,411156
5656,hold,291917,297556,410528
5716,hold,286580,308724,404696
5776,hold,304211,320398,375391
5836,hold,291352,306682,401966
5896,hold,290235,315311,394454
5956,hold,282378,295024,422598
6016,hold,283014,302279,414707
6076,hold,286190,302464,411346
6136,hold,303181,305520,391299
6196,hold,285099,310094,404807
6256,hold,288482,304073,407446
6316,hold,292551,305563,401887
6376,hold,284290,307558,408152
6436,hold,283838,310001,406161
6496,hold,296802,309904,393295
6556,hold,288945,313026,398029
6616,hold,289826,302256,407918
6676,hold,283961,306785,409254
6736,hold,290596,314118,395285
6796,hold,286294,305072,408635
6856,hold,286856,297758,415386
6916,hold,293031,309120,397849
6976,hold,296541,303592,399867
7036,hold,282636,296513,420851
7096,hold,272672,294289,433039
7156,hold,277584,297844,424572
7216,hold,290887,306708,402406
7276,hold,283981,312737,403281
7336,hold,282824,302953,414223
7396,hold,288225,305748,406028
7456,hold,292269,310744,396987
7516,hold,295166,315334,389500
7576,hold,285539,310113,404348
7636,hold,289879,306999,403122
7696,hold,284895,312629,402475
7756,hold,292512,307773,399715
7816,hold,295607,309802,394592
7876,hold,300319,307501,392181
7936,hold,292983,309154,397863
7996,hold,281968,299192,418839
8056,hold,284968,311263,403770
8116,hold,290512,300063,409426
8176,hold,286793,299533,413675
8236,hold,286399,305055,408546
8296,hold,290583,313757,395660
8356,hold,289792,310840,399368
8416,hold,292339,313836,393825
8476,hold,284105,304904,410991
8536,hold,302572,293731,403697
8596,hold,288310,317268,394423
8656,hold,289152,305030,405818
8716,hold,286658,295710,417632
8776,hold,292948,303487,403564
8836,hold,286346,308250,405404
8896,hold,291791,301219,406989
8956,hold,290510,304995,404495
9016,hold,294084,306614,399302
9076,hold,283721,307236,409042
9136,hold,286921,304945,408134
9196,hold,282124,301567,416309
9256,hold,284692,302957,412351
9316,hold,298601,310672,390727
9376,hold,289583,303651,406766
9436,hold,293994,316024,389981
9496,hold,286307,304272,409421
9556,hold,297899,309781,392320
9616,hold,289098,306317,404585
9676,hold,285075,295721,419205
9736,hold,289341,315262,395397
9796,hold,301119,302419,396462
9856,hold,288376,298267,413357
9916,hold,292143,305412,402445
9976,hold,286888,302017,411096
10036,hold,284931,303307,411761
10096,hold,290061,307542,402397
10156,hold,284470,311575,403955
10216,hold,284364,303800,411835
10276,hold,285668,299547,414785
10336,hold,287466,301892,410642
10396,hold,298650,307029,394321
10456,hold,284963,293283,421753
10516,hold,281782,309407,408812
10576,hold,288610,302543,408847
10636,hold,287293,306548,406159
10696,hold,290085,308030,401885
10756,hold,286292,310638,403070
10816,hold,289628,308819,401552
10876,hold,294738,309111,396151
10936,hold,291753,304956,403291
10996,hold,287100,302929,409970
11056,hold,295757,307411,396832
11116,hold,286450,302674,410877
11176,hold,282359,298796,418845
11236,hold,286765,306861,406374
11296,hold,286010,304579,409412
11356,hold,293136,304880,401984
11416,hold,289468,309575,400957
11476,hold,292608,312014,395377
11536,hold,299631,310775,389594
11596,hold,293178,310671,396151
11656,hold,291063,295670,413267
11716,hold,299728,301806,398466
11776,hold,288182,307379,404440
11836,hold,281644,303676,414680
11896,hold,289462,307972,402566
11956,hold,292338,307222,400440
12016,hold,286768,292994,420238
12076,hold,294786,328461,376753
12136,hold,293846,312096,394058
12196,hold,287317,302025,410658
12256,hold,293909,307926,398165
12316,hold,287202,306550,406248
12376,hold,289012,311046,399942
12436,hold,288819,305115,406065
12496,hold,283422,301381,415197
12556,hold,300835,304119,395046
12616,hold,292617,305858,401525
12676,hold,295008,311168,393824
12736,hold,286984,297626,415390
12796,hold,287297,302831,409873
12856,hold,291868,314215,393916
12916,hold,292502,305914,401583
12976,hold,290647,311151,398202
13036,hold,289763,303723,406515
13096,hold,283256,292842,423902
13156,hold,293446,309874,396680
13216,hold,285669,311001,403330
13276,hold,282654,293281,424065
13336,hold,285184,298645,416171
13396,hold,291482,308319,400199
13456,hold,283577,314828,401595
13516,hold,294861,311730,393409
13576,hold,298719,305222,396059
13636,hold,290787,310507,398706
13696,hold,290744,309521,399736
13756,hold,291443,313331,395226
13816,hold,290869,297335,411796
13876,hold,285592,298534,415874
13936,hold,292410,305130,402460
13996,hold,296211,298431,405358
14056,hold,277087,290392,432521
14116,hold,302635,300722,396643
14176,hold,277799,300985,421216
14236,hold,295601,305290,399109
14296,hold,287556,295251,417193
14356,hold,290450,306429,403120
14416,hold,283365,293312,423323
14476,hold,302750,307183,390066
14536,hold,286250,297839,415911
14596,hold,286294,295959,417747
14656,hold,291428,307384,401188
14716,hold,295487,306810,397703
14776,hold,280924,295663,423413
14836,hold,275781,288717,435502
14896,hold,294658,302935,402407
14956,hold,294160,309681,396159
15016,hold,294444,308254,397302
15076,hold,282838,297958,419204
15136,hold,287933,300425,411642
15196,hold,290202,303529,406268
15256,hold,300235,306911,392854
15316,hold,282941,306643,410415
15376,hold,291988,304696,403316
15436,hold,285471,299952,414577
15496,hold,296105,313524,390371
15556,hold,292168,312137,395696
15616,hold,291828,314063,394109
15676,hold,283508,306088,410403
15736,hold,273833,291522,434645
15796,hold,282185,291302,426514
15856,hold,290021,303411,406568
15916,hold,296082,308636,395281
15976,hold,287072,299267,413661
16036,hold,272674,290424,436902
16096,hold,280865,296115,423021
16156,hold,295092,305637,399270
16216,hold,296863,309002,394135
16276,hold,290965,306717,402319
16336,hold,294459,302277,403264
16396,hold,290613,301631,407756
16456,hold,289977,308491,401533
16516,hold,287891,301814,410295
16576,hold,293453,302907,403640
16636,hold,295533,301746,402721
16696,hold,288010,306463,405527
16756,hold,314992,299281,385727
16816,hold,292547,304565,402887
16876,hold,287183,307726,405090
16936,hold,294531,306645,398823
16996,hold,285912,306223,407865
17056,hold,276877,287403,435720
17116,hold,278841,296916,424244
17176,hold,285067,298412,416521
17236,hold,280504,299580,419915
17296,hold,283741,303700,412559
17356,hold,292178,302024,405799
17416,hold,292959,302097,404943
17476,hold,288682,308109,403210
17536,hold,289235,304472,406292
17596,hold,295712,309140,395148
17656,hold,289528,302339,408133
17716,hold,286559,307357,406085
17776,hold,298647,312886,388467
17836,hold,286370,298047,415583
17896,hold,271608,291188,437204
17956,hold,289533,301359,409107
18016,hold,277401,291869,430730
18076,hold,291763,310087,398150
18136,hold,287099,299596,413305
18196,hold,282350,299705,417945
18256,hold,290602,298408,410990
18316,hold,289948,303215,406837
18376,hold,290999,304090,404911
18436,hold,281612,304356,414033
18496,hold,289291,316857,393853
18556,hold,281378,301261,417361
18616,hold,277516,296525,425959
18676,hold,285617,301337,413046
18736,hold,289911,308865,401224
18796,hold,288535,301225,410239
18856,hold,292519,307316,400166
18916,hold,297913,312038,390049
18976,hold,287215,309686,403098
19036,hold,288190,314503,397306
19096,hold,286085,301151,412764
19156,hold,284373,315839,399788
19216,hold,287434,296465,416101
19276,hold,296262,306942,396796
19336,hold,280695,304861,414444
19396,hold,285529,292947,421523
19456,hold,288403,311633,399963
19516,hold,296241,302661,401098
19576,hold,302467,306134,391399
19636,hold,279484,298600,421916
19696,hold,285757,310413,403830
19756,hold,293591,311545,394863
19816,hold,287993,310020,401987
19876,hold,290118,303199,406683
19936,hold,287584,299636,412780
19996,hold,291240,314396,394364
20056,hold,291939,301311,406750
20116,hold,286931,302313,410756
20176,hold,289057,315652,395291
20236,hold,287060,309388,403552
20296,hold,286125,307816,406060
20356,hold,286133,304487,409380
20416,hold,285100,305030,409869
20476,hold,288855,304826,406319
20536,hold,289291,312661,398049
20596,hold,295167,310949,393884
20656,hold,283825,296004,420171
20716,hold,291217,299440,409343
20776,hold,290316,308534,401150
20836,hold,289572,301771,408657
20896,hold,290709,301946,407344
20956,hold,284306,303078,412615
21016,hold,281090,304830,414080
21076,hold,289763,305335,404902
21136,hold,287927,301101,410972
21196,hold,286658,297286,416056
21256,hold,291403,307270,401327
21316,hold,287118,309095,403787
21376,hold,295729,314555,389716
21436,hold,291064,298828,410108
21496,hold,296667,308186,395147
21556,hold,286162,308407,405431
21616,hold,284014,303034,412952
21676,hold,295481,307454,397065
21736,hold,290367,307681,401953
21796,hold,287792,308635,403574
21856,hold,289030,299469,411502
21916,hold,281089,292891,426020
21976,hold,292595,301659,405746
22036,hold,298484,302345,399171
22096,hold,296846,306749,396405
22156,hold,282669,317131,400200
22216,hold,287461,308673,403866
22276,hold,284141,304549,411311
22336,hold,292048,308619,399333
22396,hold,292530,309685,397785
22456,hold,292898,309504,397598
22516,hold,285123,306204,408673
22576,hold,281785,301750,416465
22636,hold,290586,306311,403103
22696,hold,275132,293781,431087
22756,hold,291588,308578,399834
22816,hold,287707,298532,413762
22876,hold,279883,299936,420181
22936,hold,283568,303717,412715
22996,hold,293253,311275,395472
23056,hold,286388,303333,410280
23116,hold,287765,303346,408889
23176,hold,294084,298069,407847
23236,hold,280959,325213,393827
23296,hold,290389,303917,405694
23356,hold,291109,311011,397880
23416,hold,292206,301842,405951
23476,hold,296662,310592,392746
23536,hold,279445,332547,388008
23596,hold,287777,306537,405686
23656,hold,295750,302149,402101
23716,hold,295001,309973,395027
23776,hold,292737,305116,402147
23836,hold,274590,333208,392202
23896,hold,295403,305529,399068
23956,hold,296150,301941,401909
24016,hold,293531,301550,404919
24076,hold,278785,309035,412180
24136,hold,282620,291857,425523
24196,hold,285887,306825,407288
24256,hold,289151,302061,408789
24316,hold,296282,305479,398239
24376,hold,289228,308566,402206
24436,hold,290192,307282,402526
24496,hold,286502,305535,407963
24556,hold,288146,309653,402201
24616,hold,288773,300792,410435
24676,hold,296583,297149,406268
24736,hold,287164,306178,406658
24796,hold,283926,300367,415706
24856,hold,281811,327295,390895
24916,hold,283865,299046,417089
24976,hold,292196,305122,402682
25036,hold,279058,291546,429396
25096,hold,280165,293951,425884
25156,hold,291687,308499,399814
25216,hold,284332,302477,413192
25276,hold,286467,305756,407777
25336,hold,287556,303216,409227
25396,hold,289674,301706,408620
25456,hold,300311,303839,395850
25516,hold,298922,306251,394827
25576,hold,285409,300292,414299
25636,hold,293974,300175,405851
25696,hold,285678,312537,401785
25756,hold,298274,311200,390526
25816,hold,294568,302213,403219
25876,hold,290186,305596,404218
25936,hold,290854,315096,394050
25996,hold,284297,305309,410394
26056,hold,301683,315239,383078
26116,hold,286343,308300,405357
26176,hold,291087,307099,401814
26236,hold,294576,302327,403096
26296,hold,292675,312433,394892
26356,hold,291345,306389,402267
26416,hold,295387,311055,393557
26476,hold,285704,304660,409637
26536,hold,291057,300908,408035
26596,hold,299551,315036,385413
26656,hold,295555,317972,386473
26716,hold,280322,304696,414982
26776,hold,294584,305011,400404
26836,hold,292342,300546,407113
26896,hold,284864,301876,413261
26956,hold,292447,302749,404804
27016,hold,291905,301156,406940
27076,hold,288614,302299,409086
27136,hold,285868,307943,406189
27196,hold,280303,293244,426452
27256,hold,286647,298490,414863
27316,hold,298007,306565,395428
27376,hold,300543,304485,394972
27436,hold,291682,310120,398198
27496,hold,289144,306937,403919
27556,hold,289304,303072,407624
27616,hold,298482,310268,391250
27676,hold,289401,315521,395079
27736,hold,290139,307492,402370
27796,hold,287168,310587,402245
27856,hold,295581,313552,390867
27916,hold,292985,307562,399453
27976,hold,291921,314201,393877
28036,hold,286768,309735,403497
28096,hold,294670,305558,399773
28156,hold,288654,304822,406524
28216,hold,286859,303251,409890
28276,hold,289796,303069,407135
28336,hold,292816,302874,404310
28396,hold,297184,317992,384824
28456,hold,284565,306214,409221
28516,hold,292035,303996,403969
28576,hold,285684,298172,416144
28636,hold,293547,318779,387674
28696,hold,284333,299125,416542
28756,hold,282831,294494,422674
28816,hold,292245,302511,405244
28876,hold,288114,302135,409751
28936,hold,284402,307694,407904
28996,hold,278803,293429,427768
29056,hold,287998,305443,406560
29116,hold,291469,309349,399182
29176,hold,296597,308910,394493
29236,hold,285868,305511,408621
29296,hold,294038,307495,398467
29356,hold,279012,299505,421484
29416,hold,287446,310831,401723
29476,hold,291843,310213,397944
29536,hold,295692,305737,398570
29596,hold,292778,304885,402336
29656,hold,291511,308585,399905
29716,hold,290214,305577,404208
29776,hold,293795,302218,403987
29836,hold,288223,307606,404171
29896,hold,285718,299878,414404
29956,hold,287906,305217,406878
30016,hold,285981,300762,413257
30076,hold,288119,305401,406480
30136,hold,286000,299614,414386
30196,hold,304376,311454,384170
30256,hold,282221,304476,413303
30316,hold,288101,303991,407908
30376,hold,296799,305692,397509
30436,hold,296301,299837,403863
30496,hold,282871,297683,419446
30556,hold,293359,305654,400988
30616,hold,289437,301871,408693
30676,hold,280705,310450,408845
30736,hold,287649,308167,404184
30796,hold,289667,305792,404541
30856,hold,285350,297332,417319
30916,hold,304210,304969,390821
30976,hold,284692,305324,409984
31036,hold,287753,297129,415118
31096,hold,293459,303102,403440
31156,hold,291749,305172,403080
31216,hold,288952,307672,403376
31276,hold,296353,312700,390947
31336,hold,285530,306664,407806
31396,hold,291556,304682,403762
31456,hold,284503,301809,413688
31516,hold,291216,306246,402538
31576,hold,290261,304126,405612
31636,hold,299629,304922,395449
31696,hold,291654,303428,404918
31756,hold,293289,304697,402014
31816,hold,286417,303863,409720
31876,hold,283686,316736,399578
31936,hold,288075,302857,409068
31996,hold,297452,306662,395886
32056,hold,289164,309717,401119
32116,hold,294351,302316,403334
32176,hold,292626,301289,406084
32236,hold,288834,312258,398908
32296,hold,294637,304959,400404
32356,hold,293026,306278,400695
32416,hold,287770,303466,408764
32476,hold,298973,307264,393762
32536,hold,281627,308075,410298
32596,hold,291729,302787,405484
32656,hold,296699,312620,390681
32716,hold,288272,318970,392758
32776,hold,283602,300421,415977
32836,hold,287816,301744,410439
32896,hold,293788,303203,403009
32956,hold,282563,302095,415343
33016,hold,288786,300806,410408
33076,hold,287601,309043,403356
33136,hold,293044,312699,394257
33196,hold,286220,295068,418712
33256,hold,291371,310242,398387
33316,hold,284983,307057,407960
33376,hold,281487,299904,418610
33436,hold,286313,297231,416456
33496,hold,290800,305289,403910
33556,hold,286526,301227,412248
33616,hold,291083,305191,403725
33676,hold,298672,307376,393952
33736,hold,296518,304455,399027
33796,hold,305389,303021,391590
33856,hold,289703,313353,396944
33916,hold,287239,298829,413932
33976,hold,293965,302291,403745
34036,hold,274349,292073,433578
34096,hold,287192,305334,407474
34156,hold,299916,306680,393404
34216,hold,291487,309165,399348
34276,hold,291394,303058,405548
34336,hold,292035,306179,401786
34396,hold,277316,296675,426009
34456,hold,298995,309657,391348
34516,hold,291518,306752,401730
34576,hold,284576,300366,415059
34636,hold,289423,312893,397684
34696,hold,292087,317405,390508
34756,hold,284315,305001,410685
34816,hold,279651,303468,416881
34876,hold,282820,316115,401065
34936,hold,300273,309725,390002
34996,hold,305084,305993,388923
35056,hold,289416,311855,398728
35116,hold,290951,303373,405676
35176,hold,294696,302127,403176
35236,hold,281814,300563,417623
35296,hold,300641,312627,386732
35356,hold,279991,292846,427162
35416,hold,291758,308525,399717
35476,hold,296992,312637,390370
35536,hold,280988,298192,420821
35596,hold,287633,306032,406335
35656,hold,276249,297327,426425
35716,hold,291120,314683,394197
35776,hold,280392,296030,423578
35836,hold,299487,311253,389260
35896,hold,283649,306488,409863
35956,hold,290174,312839,396987
36016,hold,284266,295836,419898
36076,hold,298708,320701,380591
36136,hold,298088,310033,391878
36196,hold,293874,313171,392955
36256,hold,285156,303880,410964
36316,hold,296788,303042,400170
36376,hold,282082,314112,403806
36436,hold,283276,300737,415987
36496,hold,290071,301391,408538
36556,hold,289505,299127,411368
36616,hold,282837,305081,412082
36676,hold,282972,299184,417843
36736,hold,286058,315293,398649
36796,hold,302541,310876,386582
36856,hold,294878,304696,400426
36916,hold,294915,307994,397092
36976,hold,291200,310553,398247
37036,hold,291577,312311,396112
37096,hold,292491,307249,400260
37156,hold,298451,311843,389707
37216,hold,286037,314194,399769
37276,hold,293475,295840,410684
37336,hold,299373,316376,384251
37396,hold,290546,308565,400889
37456,hold,283405,298302,418294
37516,hold,282247,296130,421623
37576,hold,290791,310510,398699
37636,hold,295060,299602,405338
37696,hold,294973,297558,407468
37756,hold,297232,301849,400919
37816,hold,293737,302357,403906
37876,hold,283576,303187,413236
37936,hold,277667,303237,419096
37996,hold,297268,312014,390718
38056,hold,281567,299111,419322
38116,hold,284883,298719,416398
38176,hold,291477,306361,402162
38236,hold,288809,307849,403342
38296,hold,299663,307640,392696
38356,hold,292324,307168,400507
38416,hold,285878,299550,414572
38476,hold,290300,313300,396400
38536,hold,287730,294462,417808
38596,hold,287615,304394,407991
38656,hold,283845,311670,404485
38716,hold,293620,305798,400582
38776,hold,292943,308511,398546
38836,hold,289481,311806,398712
38896,hold,291608,307251,401141
38956,hold,296440,303421,400139
39016,hold,291983,305104,402913
39076,hold,291850,311051,397099
39136,hold,292760,299742,407498
39196,hold,289073,302964,407963
39256,hold,284544,299524,415931
39316,hold,301454,304044,394502
39376,hold,284911,305308,409780
39436,hold,295928,303857,400215
39496,hold,288467,306571,404962
39556,hold,293027,304725,402248
39616,hold,287464,307140,405396
39676,hold,292378,310682,396940
39736,hold,281605,298871,419524
39796,hold,289896,305597,404507
39856,hold,278620,305943,415437
39916,hold,294952,305626,399422
39976,hold,286432,303174,410394
40036,hold,291594,307018,401388
40096,hold,291250,306341,402409
40156,hold,291224,308002,400774
40216,hold,295621,300920,403459
40276,hold,285471,308069,406460
40336,hold,297488,309941,392572
40396,hold,289325,325362,385313
40456,hold,281078,297144,421778
40516,hold,288652,303881,407467
40576,hold,288208,306211,405582
40636,hold,287252,309139,403609
40696,hold,291399,309698,398902
40756,hold,289961,305221,404817
40816,hold,280154,299092,420755
40876,hold,285349,300769,413882
40936,hold,282293,300525,417183
40996,hold,288989,307317,403694
41056,hold,281067,296066,422867
41116,hold,287790,308941,403270
41176,hold,276997,298258,424745
41236,hold,289110,307177,403713
41296,hold,286156,300045,413800
41356,hold,290699,304475,404827
41416,hold,296368,316023,387609
41476,hold,291649,302396,405955
41536,hold,284338,299931,415732
41596,hold,290409,307622,401968
41656,hold,287119,305523,407358
41716,hold,285299,304835,409866
41776,hold,295410,309720,394870
41836,hold,294330,308655,397015
41896,hold,277470,291758,430772
41956,hold,294115,307888,397998
42016,hold,282850,302070,415080
42076,hold,289746,297935,412319
42136,hold,289420,304616,405964
42196,hold,297113,306906,395981
42256,hold,278998,295042,425961
42316,hold,288748,300616,410636
42376,hold,302409,305428,392164
42436,hold,292395,300205,407400
42496,hold,289618,299598,410784
42556,hold,293552,310008,396440
42616,hold,291551,303629,404820
42676,hold,289767,309203,401030
42736,hold,286813,309394,403792
42796,hold,279494,316487,404019
42856,hold,295445,295251,409304
42916,hold,285897,303208,410895
42976,hold,288843,308338,402819
43036,hold,288726,316046,395228
43096,hold,292191,303687,404122
43156,hold,294547,313511,391943
43216,hold,283949,299380,416671
43276,hold,288025,301791,410184
43336,hold,274599,298129,427272
43396,hold,293789,298293,407918
43456,hold,278525,295943,425533
43516,hold,290228,302197,407574
43576,hold,295517,314707,389776
43636,hold,293725,308085,398190
43696,hold,282273,309073,408655
43756,hold,291773,307737,400490
43816,hold,304795,306694,388511
43876,hold,276827,299433,423740
43936,hold,291459,308595,399947
43996,hold,302871,309686,387443
44056,hold,288019,297364,414618
44116,hold,280086,299395,420519
44176,hold,286212,305554,408234
44236,hold,293184,301421,405396
44296,hold,292143,309579,398277
44356,hold,298048,303808,398144
44416,hold,286045,303795,410160
44476,hold,288474,299707,411820
44536,hold,283059,302035,414906
44596,hold,288713,303524,407763
44656,hold,289558,305376,405065
44716,hold,291536,303436,405028
44776,hold,286983,307271,405745
44836,hold,286776,310660,402564
44896,hold,292110,305725,402165
44956,hold,303298,301360,395342
45016,hold,285843,307665,406492
45076,hold,289793,313238,396969
45136,hold,288296,305497,406207
45196,hold,286125,304112,409764
45256,hold,304243,296324,399434
45316,hold,294388,306416,399197
45376,hold,296427,301645,401928
45436,hold,288438,314977,396585
45496,hold,282192,293351,424456
45556,hold,299514,306949,393538
45616,hold,279213,299721,421067
45676,hold,288592,303752,407656
45736,hold,285189,308290,406521
45796,hold,293197,307241,399562
45856,hold,293272,308661,398067
45916,hold,281087,297215,421697
45976,hold,281671,298186,420143
46036,hold,289536,306073,404392
46096,hold,291788,320887,387326
46156,hold,297389,309592,393019
46216,hold,289783,316134,394082
46276,hold,290801,303514,405685
46336,hold,288428,300248,411324
46396,hold,283389,301844,414767
46456,hold,287820,308479,403701
46516,hold,285361,307546,407093
46576,hold,290940,304346,404714
46636,hold,291671,307979,400351
46696,hold,292033,308961,399007
46756,hold,285594,311347,403059
46816,hold,282771,304363,412866
46876,hold,286739,302787,410474
46936,hold,282544,299832,417623
46996,hold,294166,306676,399159
47056,hold,289039,303639,407322
47116,hold,284094,306645,409261
47176,hold,285479,305331,409190
47236,hold,295502,305976,398522
47296,hold,293724,304814,401462
47356,hold,283775,303761,412463
47416,hold,293463,308010,398527
47476,hold,303763,308842,387396
47536,hold,292933,302480,404587
47596,hold,293875,307855,398270
47656,hold,299596,304979,395425
47716,hold,288222,312170,399608
47776,hold,292051,303673,404276
47836,hold,287880,301019,411101
47896,hold,279976,297833,422191
47956,hold,289598,306006,404396
48016,hold,290840,309071,400089
48076,hold,286453,313711,399835
48136,hold,283820,297445,418735
48196,hold,273696,297938,428365
48256,hold,294234,308073,397693
48316,hold,287736,301600,410664
48376,hold,293887,303638,402475
48436,hold,274720,296639,428642
48496,hold,284089,300476,415435
48556,hold,282639,290419,426942
48616,hold,291054,314177,394769
48676,hold,290304,312692,397004
48736,hold,282998,296071,420931
48796,hold,287922,302219,409859
48856,hold,278555,295450,425995
48916,hold,293740,310250,396010
48976,hold,280639,328632,390729
49036,hold,290463,302170,407367
49096,hold,283506,306620,409874
49156,hold,297968,310732,391300
49216,hold,292115,303205,404680
49276,hold,283104,294513,422383
49336,hold,287074,307343,405583
49396,hold,285071,297410,417519
49456,hold,285517,304940,409543
49516,hold,284939,305845,409216
49576,hold,290463,308318,401219
49636,hold,300045,304344,395611
49696,hold,294172,300804,405023
49756,hold,284167,312541,403292
49816,hold,287391,301473,411137
49876,hold,283643,301869,414487
49936,hold,293934,307028,399038
49996,hold,293485,296428,410087
50056,hold,290154,305753,404093
50116,hold,297243,307362,395395
50176,hold,292809,304366,402825
50236,hold,279823,299147,421030
50296,hold,288482,303333,408185
50356,hold,287296,305955,406749
50416,hold,282423,300838,416739
50476,hold,286598,304485,408917
50536,hold,283029,306875,410096
50596,hold,282922,297583,419494
50656,hold,281043,310128,408829
50716,hold,286858,308768,404374
50776,hold,294941,308832,396227
50836,hold,289340,305318,405342
50896,hold,286900,307347,405753
50956,hold,304599,308240,387161
51016,hold,287482,303198,409320
51076,hold,291100,310631,398269
51136,hold,298433,312106,389461
51196,hold,278463,298978,422558
51256,hold,290958,306944,402098
51316,hold,295222,300849,403929
51376,hold,292606,312172,395222
51436,hold,284190,299512,416298
51496,hold,289114,310244,400641
51556,hold,300278,307700,392023
51616,hold,292478,312042,395480
51676,hold,295671,307741,396587
51736,hold,282835,301950,415215
51796,hold,282549,307173,410279
51856,hold,292792,320530,386678
51916,hold,291518,311985,396498
51976,hold,293574,313832,392594
52036,hold,291169,307037,401794
52096,hold,292491,307545,399964
52156,hold,295803,305856,398341
52216,hold,288785,302780,408435
52276,hold,284367,299934,415700
52336,hold,283063,295140,421797
52396,hold,289412,304430,406158
52456,hold,291544,313493,394964
52516,hold,286035,297393,416572
52576,hold,297344,308196,394461
52636,hold,309197,312029,378774
52696,hold,281396,303795,414809
52756,hold,285869,301896,412234
52816,hold,289407,302628,407965
52876,hold,287356,302842,409802
52936,hold,285669,299149,415183
52996,hold,295616,310957,393427
53056,hold,281908,296661,421432
53116,hold,280615,293785,425599
53176,hold,280601,302347,417052
53236,hold,285069,308973,405958
53296,hold,291803,301216,406981
53356,hold,280264,301595,418140
53416,hold,286328,302137,411536
53476,hold,292157,310339,397504
53536,hold,291844,307384,400772
53596,hold,306824,304775,388401
53656,hold,289113,305793,405094
53716,hold,289311,314118,396571
53776,hold,283362,306174,410464
53836,hold,284537,310668,404795
53896,hold,286105,297984,415911
53956,hold,288011,314798,397191
54016,hold,292529,309035,398436
54076,hold,293027,315446,391527
54136,hold,293615,299782,406603
54196,hold,291058,299595,409346
54256,hold,284455,296644,418901
54316,hold,292096,307384,400520
54376,hold,295428,304401,400171
54436,hold,288703,305501,405796
54496,hold,299456,307055,393490
54556,hold,289237,310864,399899
54616,hold,286869,309577,403554
54676,hold,285362,309417,405221
54736,hold,277404,297561,425035
54796,hold,291680,308803,399517
54856,hold,289255,303789,406956
54916,hold,283325,309119,407556
54976,hold,287595,305822,406583
55036,hold,286773,298190,415037
55096,hold,288620,303243,408137
55156,hold,288290,302923,408787
55216,hold,286216,302417,411367
55276,hold,288643,305036,406321
55336,hold,289198,310947,399855
55396,hold,286257,300694,413049
55456,hold,279819,307267,412914
55516,hold,292062,313310,394628
55576,hold,283296,299583,417121
55636,hold,297134,297512,405354
55696,hold,279571,304772,415657
55756,hold,278537,296943,424519
55816,hold,288214,304553,407233
55876,hold,283253,304471,412275
55936,hold,293031,309776,397193
55996,hold,285051,292384,422565
56056,hold,295891,307572,396537
56116,hold,293795,314774,391432
56176,hold,290399,300661,408940
56236,hold,290741,312315,396943
56296,hold,289470,310713,399817
56356,hold,282593,296062,421345
56416,hold,286813,300828,412360
56476,hold,283635,306256,410109
56536,hold,284745,296174,419081
56596,hold,291631,309824,398545
56656,hold,282554,302718,414728
56716,hold,290052,306812,403136
56776,hold,284260,302175,413565
56836,hold,289620,302732,407647
56896,hold,284115,293933,421951
56956,hold,281217,301030,417754
57016,hold,304623,307526,387852
57076,hold,281951,305560,412489
57136,hold,288158,305872,405970
57196,hold,285302,297405,417294
57256,hold,285445,303003,411552
57316,hold,286334,303198,410468
57376,hold,300104,317104,382792
57436,hold,291704,316255,392041
57496,hold,289478,302321,408201
57556,hold,279625,331956,388419
57616,hold,292484,306693,400823
57676,hold,286240,300923,412837
57736,hold,286042,308385,405573
57796,hold,307626,304736,387638
57856,hold,293221,306005,400773
57916,hold,285208,300365,414426
57976,hold,291385,310698,397918
58036,hold,282299,300246,417456
58096,hold,293160,307828,399013
58156,hold,313346,303865,382789
58216,hold,294769,307803,397428
58276,hold,293015,307946,399039
58336,hold,289712,305341,404948
58396,hold,295069,307889,397042
58456,hold,285164,307008,407827
58516,hold,289776,309319,400905
58576,hold,288695,302396,408909
58636,hold,290743,308269,400988
58696,hold,284735,300218,415047
58756,hold,299558,316009,384433
58816,hold,301884,306125,391991
58876,hold,291350,302636,406014
58936,hold,306912,304275,388813
58996,hold,288617,298130,413253
59056,hold,298127,315582,386291
59116,hold,287882,309739,402380
59176,hold,285984,299347,414670
59236,hold,273145,289351,437503
59296,hold,287054,321292,391654
59356,hold,291028,305703,403269
59416,hold,283256,310796,405948
59476,hold,275733,298869,425398
59536,hold,284766,311353,403880
59596,hold,283944,301235,414821
59656,hold,281457,300922,417621
59716,hold,305871,311229,382900
59776,hold,286531,305603,407866
59836,hold,297249,307392,395360
59896,hold,281009,292637,426353
59956,hold,299820,299496,400683
60016,hold,291494,303661,404845
60076,hold,289910,312955,397135
60136,hold,295485,306293,398221
60196,hold,289702,300308,409990
60256,hold,285622,304005,410373
60316,hold,290112,303431,406457
60376,hold,288364,302866,408770
60436,hold,281818,312439,405743
60496,hold,292835,313435,393730
60556,hold,283978,299296,416727
60616,hold,284243,302733,413025
60676,hold,290382,304568,405049
60736,hold,292455,311900,395645
60796,hold,301332,309869,388799
60856,hold,290521,315719,393760
60916,hold,293806,309891,396303
60976,hold,287452,315150,397398
61036,hold,295951,308525,395523
61096,hold,282925,285858,431218
61156,hold,303725,303220,393055
61216,hold,292331,304686,402984
61276,hold,294144,316228,389628
61336,hold,292176,307437,400387
61396,hold,289131,301106,409763
61456,hold,286139,307262,406599
61516,hold,286293,298728,414979
61576,hold,284319,299353,416328
61636,hold,291649,304098,404252
61696,hold,289250,309611,401139
61756,hold,300919,309998,389083
61816,hold,294023,309765,396212
61876,hold,284307,310678,405015
61936,hold,294315,312949,392736
61996,hold,289046,310335,400620
62056,hold,294436,303924,401640
62116,hold,284922,302364,412714
62176,hold,287125,298721,414155
62236,hold,281874,303571,414555
62296,hold,284350,298510,417140
62356,hold,289120,304527,406352
62416,hold,284435,298022,417543
62476,hold,286891,316308,396801
62536,hold,298507,304794,396699
62596,hold,284324,298787,416889
62656,hold,288460,304766,406774
62716,hold,291217,311881,396902
62776,hold,297553,301136,401311
62836,hold,287543,307961,404496
62896,hold,290393,306461,403146
62956,hold,291299,309013,399688
63016,hold,306698,303688,389614
63076,hold,284249,304761,410990
63136,hold,290673,308181,401145
63196,hold,281706,302704,415590
63256,hold,283610,304149,412241
63316,hold,289333,302202,408465
63376,hold,284514,298946,416539
63436,hold,289608,304390,406003
63496,hold,292293,307450,400257
63556,hold,276748,298782,424471
63616,hold,296718,306700,396582
63676,hold,296063,301079,402859
63736,hold,294229,308985,396786
63796,hold,299238,313110,387651
63856,hold,291780,308535,399685
63916,hold,287171,312010,400818
63976,hold,291468,301034,407498
64036,hold,294776,307947,397278
64096,hold,293265,304707,402028
64156,hold,290699,309591,399710
64216,hold,286557,299693,413750
64276,hold,285292,297921,416787
64336,hold,286233,308368,405400
64396,hold,283739,302871,413390
64456,hold,288326,292529,419144
64516,hold,289044,311271,399686
64576,hold,302925,304651,392424
64636,hold,298444,293226,408330
64696,hold,285456,304431,410113
64756,hold,305732,302941,391327
64816,hold,298430,306778,394792
64876,hold,289026,308529,402445
64936,hold,287830,310133,402037
64996,hold,284071,306665,409264
65056,hold,291303,312707,395990
65116,hold,292756,309037,398208
65176,hold,286698,299343,413959
65236,hold,293136,306946,399918
65296,hold,295512,311549,392939
65356,hold,288829,317120,394051
65416,hold,294627,307272,398101
65476,hold,288240,312692,399068
65536,hold,283443,305126,411430
65596,hold,283679,303186,413134
65656,hold,299438,315705,384857
65716,hold,285733,302961,411306
65776,hold,303710,303425,392865
65836,hold,279906,308289,411805
65896,hold,287582,303473,408945
65956,hold,286770,312897,400333
66016,hold,290200,315397,394404
66076,hold,291237,312776,395987
66136,hold,293476,299304,407219
66196,hold,289606,305094,405300
66256,hold,297944,305595,396461
66316,hold,291612,305064,403324
66376,hold,290606,307713,401681
66436,hold,286830,308183,404987
66496,hold,291915,314176,393909
66556,hold,289602,293874,416524
66616,hold,291747,314543,393709
66676,hold,298118,310431,391451
66736,hold,287999,314803,397198
66796,hold,287230,306884,405886
66856,hold,287539,314711,397750
66916,hold,292365,317163,390472
66976,hold,284787,313086,402127
67036,hold,296109,307478,396412
67096,hold,292373,309312,398315
67156,hold,295348,306306,398346
67216,hold,290511,312604,396884
67276,hold,303173,311033,385794
67336,hold,280366,291934,427700
67396,hold,301404,303596,394999
67456,hold,283899,298537,417564
67516,hold,282509,299636,417856
67576,hold,283158,313554,403288
67636,hold,283619,305435,410946
67696,hold,290723,309527,399750
67756,hold,286797,309596,403606
67816,hold,273726,290007,436268
67876,hold,275539,289756,434705
67936,hold,291320,304529,404150
67996,hold,290360,312534,397106
68056,hold,290406,311127,398467
68116,hold,287403,304440,408157
68176,hold,286875,308434,404691
68236,hold,290620,306530,402850
68296,hold,287551,310907,401541
68356,hold,289105,299518,411377
68416,hold,285476,303561,410962
68476,hold,283819,300819,415362
68536,hold,289341,303086,407573
68596,hold,292954,300482,406564
68656,hold,293099,303571,403329
68716,hold,290331,303698,405971
68776,hold,290277,308757,400966
68836,hold,289902,305575,404523
68896,hold,286602,306618,406780
68956,hold,290646,307940,401414
69016,hold,289978,303752,406270
69076,hold,284512,305087,410400
69136,hold,287400,306314,406286
69196,hold,285730,302382,411889
69256,hold,275336,298498,426166
69316,hold,296403,311831,391766
69376,hold,286801,312585,400614
69436,hold,288362,312989,398649
69496,hold,295176,304155,400668
69556,hold,296607,310391,393001
69616,hold,287068,304535,408397
69676,hold,291649,307409,400941
69736,hold,282915,309904,407181
69796,hold,287228,303517,409256
69856,hold,299677,304509,395814
69916,hold,294059,313040,392900
69976,hold,297225,306723,396052
70036,hold,280679,301225,418097
70096,hold,286601,303143,410255
70156,hold,285560,304538,409902
70216,hold,285220,310989,403791
70276,hold,284378,310501,405121
70336,hold,291806,308487,399707
70396,hold,285259,298884,415857
70456,hold,291240,303385,405375
70516,hold,285414,311531,403055
70576,hold,286049,300783,413168
70636,hold,287746,303332,408923
70696,hold,277216,301472,421312
70756,hold,282218,303637,414145
70816,hold,294032,311226,394742
70876,hold,288702,301553,409745
70936,hold,289250,318151,392598
70996,hold,288990,319029,391981
71056,hold,298187,307596,394217
71116,hold,287418,308275,404307
71176,hold,280037,337695,382269
71236,hold,300651,315591,383758
71296,hold,282810,301083,416107
71356,hold,293702,310392,395906
71416,hold,281420,298856,419724
71476,hold,303296,306790,389914
71536,hold,282072,301942,415986
71596,hold,284106,305653,410241
71656,hold,293121,311979,394900
71716,hold,289343,302598,408060
71776,hold,300483,308128,391388
71836,hold,295524,310274,394203
71896,hold,282297,301219,416484
71956,hold,294597,302902,402501
72016,hold,286338,313655,400007
72076,hold,284488,312207,403306
72136,hold,289490,312644,397865
72196,hold,277707,308900,413393
72256,hold,290295,319458,390247
72316,hold,295460,304706,399834
72376,hold,297532,303674,398794
72436,hold,301277,307078,391645
72496,hold,270007,274593,455400
72556,hold,282223,306897,410880
72616,hold,298555,312437,389008
72676,hold,281306,300297,418398
72736,hold,289863,297278,412859
72796,hold,291638,316209,392154
72856,hold,288911,318142,392947
72916,hold,287532,296592,415876
72976,hold,285645,300306,414049
73036,hold,295387,315806,388807
73096,hold,292095,308592,399313
73156,hold,291346,307110,401544
73216,hold,292467,309343,398190
73276,hold,289299,300874,409826
73336,hold,286328,301125,412547
73396,hold,288106,305114,406780
73456,hold,290749,311231,398020
73516,hold,285030,300990,413980
73576,hold,285710,304179,410111
73636,hold,289192,309363,401446
73696,hold,291953,317888,390158
73756,hold,296123,303289,400588
73816,hold,293837,316234,389929
73876,hold,298980,319629,381391
73936,hold,283552,299847,416601
73996,hold,290291,305124,404585
74056,hold,294508,312234,393258
74116,hold,289723,316123,394155
74176,hold,301212,305791,392997
74236,hold,284265,306671,409064
74296,hold,286040,305443,408518
74356,hold,289325,308098,402577
74416,hold,285440,292572,421988
74476,hold,292445,314397,393158
74536,hold,280549,299941,419510
74596,hold,282850,299222,417928
74656,hold,293429,299044,407526
74716,hold,289854,307374,402772
74776,hold,287690,313072,399238
74836,hold,292925,308653,398422
74896,hold,294396,301775,403829
74956,hold,291651,306049,402300
75016,hold,297599,308277,394124
75076,hold,292024,305176,402800
75136,hold,294278,306268,399454
75196,hold,296992,307033,395974
75256,hold,293727,302439,403834
75316,hold,291466,308053,400481
75376,hold,284709,301425,413866
75436,hold,282389,305693,411917
75496,hold,291915,314295,393790
75556,hold,285520,295455,419025
75616,hold,291752,309479,398769
75676,hold,305998,302902,391101
75736,hold,292555,309365,398080
75796,hold,288404,317084,394513
75856,hold,295044,307458,397498
75916,hold,286145,304124,409731
75976,hold,287309,295546,417145
76036,hold,294188,307785,398027
76096,hold,292782,309230,397988
76156,hold,293590,302448,403962
76216,hold,282546,306359,411095
76276,hold,295258,304290,400452
76336,hold,285669,311018,403313
76396,hold,285789,311286,402925
76456,hold,287005,306463,406532
76516,hold,300419,300599,398982
76576,hold,286587,308728,404685
76636,hold,293657,297865,408478
76696,hold,292654,315073,392273
76756,hold,292602,304125,403272
76816,hold,279617,310701,409681
76876,hold,282914,300472,416614
76936,hold,294736,312456,392808
76996,hold,291931,313749,394320
77056,hold,286745,304493,408763
77116,hold,281997,303243,414760
77176,hold,282376,302875,414749
77236,hold,286579,303602,409819
77296,hold,288966,300729,410305
77356,hold,291762,306186,402051
77416,hold,285593,308371,406036
77476,hold,287298,309764,402938
77536,hold,279479,313908,406614
77596,hold,303619,306790,389591
77656,hold,284565,297284,418151
77716,hold,289891,306549,403560
77776,hold,279745,308048,412207
77836,hold,281174,302977,415849
77896,hold,295546,305749,398705
77956,hold,290828,304804,404368
78016,hold,299154,312986,387860
78076,hold,295398,305603,398999
78136,hold,290621,307100,402279
78196,hold,276606,298030,425364
78256,hold,293646,305859,400495
78316,hold,288187,303605,408208
78376,hold,296176,308643,395181
78436,hold,288247,304776,406977
78496,hold,283101,305267,411632
78556,hold,299539,307519,392942
78616,hold,287883,304908,407209
78676,hold,293203,303632,403165
78736,hold,290571,306133,403296
78796,hold,297219,306144,396637
78856,hold,288730,307169,404101
78916,hold,289560,306224,404216
78976,hold,298003,308572,393424
79036,hold,289710,306332,403958
79096,hold,298854,306280,394866
79156,hold,281068,295960,422971
79216,hold,281163,297580,421257
79276,hold,296552,302822,400626
79336,hold,285269,301169,413561
79396,hold,287968,305577,406456
79456,hold,297752,304864,397385
79516,hold,297998,307507,394494
79576,hold,291040,309767,399193
79636,hold,291200,312745,396054
79696,hold,294844,300456,404701
79756,hold,286203,296160,417637
79816,hold,287970,306128,405902
79876,hold,287552,303418,409030
79936,hold,287073,306007,406920
79996,hold,279946,302718,417336
80056,hold,292927,305269,401805
80116,hold,292095,301796,406108
80176,hold,288179,303041,408780
80236,hold,282086,298708,419207
80296,hold,288807,305261,405932
80356,hold,291990,302295,405715
80416,hold,293383,302859,403758
80476,hold,297051,302071,400878
80536,hold,284061,301012,414927
80596,hold,283241,316218,400541
80656,hold,292429,302420,405150
80716,hold,292520,303271,404209
80776,hold,294225,313031,392744
80836,hold,286558,305223,408219
80896,hold,295784,314839,389377
80956,hold,298094,309749,392157
81016,hold,290967,302358,406675
81076,hold,292367,306065,401568
81136,hold,286416,302614,410971
81196,hold,297071,312648,390281
81256,hold,279812,298077,422110
81316,hold,277341,292629,430030
81376,hold,293118,308766,398117
81436,hold,286857,302131,411012
81496,hold,289579,308163,402257
81556,hold,286988,302463,410550
81616,hold,292926,310166,396907
81676,hold,296137,312979,390884
81736,hold,284051,300048,415901
81796,hold,291518,307050,401432
81856,hold,286678,303395,409927
81916,hold,296198,302048,401755
81976,hold,284951,298529,416520
82036,hold,288946,308236,402818
82096,hold,284844,298880,416277
82156,hold,290346,305351,404304
82216,hold,301235,305327,393439
82276,hold,297072,309653,393275
82336,hold,286203,303334,410463
82396,hold,295287,305661,399052
82456,hold,281490,295510,423000
82516,hold,296523,304655,398822
82576,hold,283344,297939,418717
82636,hold,287262,301598,411141
82696,hold,289771,302767,407461
82756,hold,285964,303926,410111
82816,hold,289168,311324,399508
82876,hold,296081,303500,400419
82936,hold,285568,310241,404191
82996,hold,289499,302513,407988
83056,hold,291555,311063,397382
83116,hold,285672,297741,416587
83176,hold,277748,299409,422843
83236,hold,285593,299521,414886
83296,hold,293446,306254,400299
83356,hold,293531,307922,398546
83416,hold,287401,307679,404920
83476,hold,300667,302299,397034
83536,hold,287372,306382,406247
83596,hold,285263,316288,398449
83656,hold,291069,311983,396948
83716,hold,288736,299818,411446
83776,hold,287960,299339,412701
83836,hold,290273,299337,410390
83896,hold,294107,307342,398552
83956,hold,285236,298260,416504
84016,hold,288438,298560,413002
84076,hold,286982,305212,407806
84136,hold,285554,302330,412116
84196,hold,301771,309272,388957
84256,hold,285855,303547,410598
84316,hold,284108,308584,407308
84376,hold,284967,304597,410436
84436,hold,302779,305426,391795
84496,hold,284220,306753,409027
84556,hold,274897,300833,424270
84616,hold,289412,303986,406602
84676,hold,289597,308068,402335
84736,hold,288884,301210,409906
84796,hold,296167,308907,394926
84856,hold,289589,309456,400955
84916,hold,285000,294739,420261
84976,hold,289847,308630,401523
85036,hold,294622,307622,397756
85096,hold,292688,308365,398947
85156,hold,290428,314368,395205
85216,hold,295012,305018,399969
85276,hold,277148,292539,430313
85336,hold,278335,293914,427751
85396,hold,286128,295953,417919
85456,hold,305389,308598,386013
85516,hold,296045,309286,394669
85576,hold,284758,298069,417173
85636,hold,291496,309298,399206
85696,hold,293552,301821,404628
85756,hold,281312,296091,422597
85816,hold,287337,307306,405357
85876,hold,292740,311249,396011
85936,hold,292340,305998,401662
85996,hold,284660,297801,417539
86056,hold,287179,297832,414988
86116,hold,287993,303510,408497
86176,hold,287249,301342,411409
86236,hold,288067,295392,416542
86296,hold,284794,304174,411031
86356,hold,286361,305725,407915
86416,hold,285036,307960,407005
86476,hold,287534,304839,407627
86536,hold,270328,336148,393524
86596,hold,289799,301969,408233
86656,hold,292738,304664,402598
86716,hold,290247,307146,402608
86776,hold,283231,302392,414377
86836,hold,279556,307037,413407
86896,hold,289942,297285,412773
86956,hold,292957,304522,402522
87016,hold,281411,290385,428204
87076,hold,287809,305320,406872
87136,hold,284215,309208,406577
87196,hold,281197,303105,415698
87256,hold,288569,305726,405704
87316,hold,289919,300841,409240
87376,hold,299646,300215,400140
87436,hold,288066,302166,409768
87496,hold,284997,310353,404649
87556,hold,286025,310114,403861
87616,hold,294814,310569,394617
87676,hold,281999,302754,415247
87736,hold,292593,306847,400560
87796,hold,287050,298086,414863
87856,hold,280646,295431,423923
87916,hold,289630,301322,409048
87976,hold,295983,303677,400340
88036,hold,289611,310581,399808
88096,hold,284126,304401,411473
88156,hold,281283,301721,416995
88216,hold,286801,304177,409022
88276,hold,291848,307436,400716
88336,hold,286207,303377,410416
88396,hold,291368,302700,405933
88456,hold,289959,303344,406697
88516,hold,285225,303382,411393
88576,hold,291841,305682,402477
88636,hold,289893,302115,407992
88696,hold,281924,309147,408929
88756,hold,286731,316631,396638
88816,hold,289862,296772,413366
88876,hold,280157,297637,422206
88936,hold,295373,309728,394899
88996,hold,285441,302937,411622
89056,hold,294770,305481,399749
89116,hold,291222,309671,399107
89176,hold,294852,301915,403233
89236,hold,286768,308639,404593
89296,hold,298038,305859,396103
89356,hold,296924,300657,402420
89416,hold,289842,305627,404531
89476,hold,284766,302501,412733
89536,hold,283031,304128,412841
89596,hold,288978,296717,414306
89656,hold,290253,306440,403306
89716,hold,288849,306848,404303
89776,hold,285714,308140,406146
89836,hold,282341,296364,421295
89896,hold,296226,311891,391883
89956,hold,280876,300525,418599
90016,hold,288748,311214,400038
90076,hold,288314,307625,404061
90136,hold,296474,305701,397825
90196,hold,284288,301958,413753
90256,hold,293444,301593,404963
90316,hold,293216,309711,397074
90376,hold,287927,298787,413286
90436,hold,291241,308518,400241
90496,hold,288146,308858,402996
90556,hold,299799,310791,389409
90616,hold,296657,303585,399758
90676,hold,282517,297897,419586
90736,hold,284820,302374,412805
90796,hold,296879,305589,397532
90856,hold,289934,305566,404499
90916,hold,289446,303711,406842
90976,hold,289584,299193,411223
91036,hold,287505,302949,409546
91096,hold,296654,302882,400464
91156,hold,283743,299207,417050
91216,hold,288360,300273,411368
91276,hold,288024,301247,410729
91336,hold,299311,307053,393636
91396,hold,286538,303576,409886
91456,hold,285042,306437,408520
91516,hold,289016,303220,407764
91576,hold,277914,296233,425853
91636,hold,288171,301869,409960
91696,hold,293783,304968,401249
91756,hold,296252,306580,397167
91816,hold,288262,312413,399325
91876,hold,286934,306894,406171
91936,hold,283775,301667,414558
91996,hold,282462,299903,417635
92056,hold,280520,294708,424772
92116,hold,286837,300529,412634
92176,hold,293465,307120,399415
92236,hold,290605,307496,401899
92296,hold,286935,300636,412429
92356,hold,296079,305835,398086
92416,hold,299438,307820,392742
92476,hold,286702,311269,402029
92536,hold,294111,312808,393081
92596,hold,299086,313839,387075
92656,hold,301075,308896,390029
92716,hold,286463,306592,406945
92776,hold,294607,302090,403303
92836,hold,291607,307649,400743
92896,hold,287362,302407,410231
92956,hold,297865,306547,395588
93016,hold,284715,308901,406384
93076,hold,284730,309496,405774
93136,hold,289129,309407,401465
93196,hold,289386,300854,409760
93256,hold,291826,306460,401714
93316,hold,286246,301799,411955
93376,hold,288260,303863,407877
93436,hold,295765,308218,396016
93496,hold,285312,300462,414226
93556,hold,298006,306940,395054
93616,hold,287321,305808,406870
93676,hold,291886,298158,409957
93736,hold,279755,295872,424373
93796,hold,286108,304223,409669
93856,hold,291434,308366,400200
93916,hold,295807,314605,389589
93976,hold,288708,306444,404848
94036,hold,287819,305243,406938
94096,hold,288112,302528,409360
94156,hold,284869,306495,408636
94216,hold,287836,305342,406822
94276,hold,288723,306352,404925
94336,hold,287305,307389,405306
94396,hold,285440,302483,412077
94456,hold,285070,292112,422818
94516,hold,288116,308682,403203
94576,hold,288942,303093,407965
94636,hold,291799,307143,401058
94696,hold,285239,304124,410637
94756,hold,280979,298709,420312
94816,hold,286204,292877,420919
94876,hold,291617,313324,395059
94936,hold,288503,308051,403446
94996,hold,290134,305235,404631
95056,hold,281133,299243,419624
95116,hold,287399,308548,404053
95176,hold,285644,299893,414464
95236,hold,298840,303512,397648
95296,hold,286683,306228,407089
95356,hold,281937,308279,409784
95416,hold,273301,326430,400270
95476,hold,283946,299228,416826
95536,hold,287291,307640,405069
95596,hold,288157,308311,403532
95656,hold,300359,299332,400309
95716,hold,288440,310620,400940
95776,hold,293284,306566,400150
95836,hold,279629,297188,423183
95896,hold,286533,301927,411540
95956,hold,291322,306594,402084
96016,hold,288697,307172,404131
96076,hold,287825,305236,406939
96136,hold,292966,308792,398242
96196,hold,284563,296150,419287
96256,hold,294520,304469,401012
96316,hold,292024,308373,399604
96376,hold,291714,310510,397777
96436,hold,296430,309581,393989
96496,hold,308541,310654,380805
96556,hold,289026,303132,407842
96616,hold,288135,306984,404882
96676,hold,290887,313244,395869
96736,hold,289114,310979,399907
96796,hold,294533,301156,404311
96856,hold,287266,305686,407048
96916,hold,291308,311211,397481
96976,hold,296092,307251,396657
97036,hold,293626,304530,401844
97096,hold,292110,309324,398566
97156,hold,286473,302539,410988
97216,hold,300241,305807,393952
97276,hold,300005,316687,383307
97336,hold,288916,296191,414893
97396,hold,285504,304867,409629
97456,hold,295411,304230,400358
97516,hold,291055,308293,400652
97576,hold,287685,296670,415645
97636,hold,286172,304744,409084
97696,hold,294509,301974,403518
97756,hold,288648,306530,404822
97816,hold,292585,309464,397951
97876,hold,283065,299888,417048
97936,hold,289857,307335,402808
97996,hold,288144,300039,411817
98056,hold,295323,311809,392867
98116,hold,286022,300289,413689
98176,hold,284549,304587,410864
98236,hold,285645,313675,400680
98296,hold,288308,304815,406876
98356,hold,280688,294988,424324
98416,hold,305085,303811,391104
98476,hold,295375,308021,396604
98536,hold,284881,303500,411619
98596,hold,292634,306109,401258
98656,hold,285980,303347,410673
98716,hold,295114,301534,403352
98776,hold,282147,302455,415399
98836,hold,288599,296907,414494
98896,hold,285849,301881,412270
98956,hold,289295,304546,406160
99016,hold,300155,307972,391872
99076,hold,292883,294957,412160
99136,hold,294594,308860,396545
99196,hold,287693,293419,418888
99256,hold,285833,301010,413157
99316,hold,291027,303850,405123
99376,hold,284093,295632,420275
99436,hold,285779,305802,408418
99496,hold,285282,300466,414252
99556,hold,293058,304893,402048
99616,hold,292590,306592,400818
99676,hold,300572,306040,393387
99736,hold,285726,305663,408611
99796,hold,289126,317626,393248
99856,hold,295897,307493,396610
99916,hold,294479,306806,398716
99976,hold,285176,309526,405298
100036,hold,295960,308768,395272
100096,hold,297680,304752,397568
100156,hold,290876,303554,405570
100216,hold,288646,305488,405866
100276,hold,295736,305465,398800
100336,hold,283388,296809,419803
100396,hold,287311,300331,412357
100456,hold,298399,308278,393323
100516,hold,283212,298128,418661
100576,hold,285963,311083,402954
100636,hold,295527,301478,402995
100696,hold,280540,298315,421145
100756,hold,284799,305614,409587
100816,hold,304180,310915,384905
100876,hold,282640,309294,408065
100936,hold,280100,298302,421598
100996,hold,280008,295243,424749
101056,hold,292773,305656,401570
101116,hold,281432,298319,420250
101176,hold,272562,288721,438717
101236,hold,288801,301372,409828
101296,hold,288376,302663,408961
101356,hold,279610,298370,422019
101416,hold,288890,304154,406956
101476,hold,297509,308272,394219
101536,hold,294138,307872,397990
101596,hold,278202,297713,424085
101656,hold,287072,311842,401087
101716,hold,291251,302483,406266
101776,hold,297208,303342,399450
101836,hold,292678,311982,395340
101896,hold,290082,300477,409441
101956,hold,295948,305005,399047
102016,hold,282887,300420,416693
102076,hold,314304,312344,373352
102136,hold,293265,310826,395909
102196,hold,277287,298233,424479
102256,hold,292139,308693,399167
102316,hold,287073,303725,409202
102376,hold,287590,310756,401654
102436,hold,290536,300384,409081
102496,hold,294356,301764,403881
102556,hold,295833,308576,395591
102616,hold,289783,301701,408516
102676,hold,296612,304706,398682
102736,hold,286669,302616,410714
102796,hold,289385,302248,408367
102856,hold,289612,312330,398058
102916,hold,286697,299943,413360
102976,hold,292247,307362,400391
103036,hold,286357,299863,413779
103096,hold,292306,299774,407921
103156,hold,284242,299974,415784
103216,hold,279863,295463,424674
103276,hold,286031,302600,411369
103336,hold,291043,304241,404716
103396,hold,280853,295290,423857
103456,hold,292625,310708,396667
103516,hold,288866,304365,406769
103576,hold,285375,307271,407354
103636,hold,278555,297639,423806
103696,hold,286665,301948,411388
103756,hold,278716,301239,420045
103816,hold,298587,298944,402469
103876,hold,297022,311900,391078
103936,hold,295043,306349,398608
103996,hold,298910,299300,401791
104056,hold,282535,301326,416140
104116,hold,292081,312559,395360
104176,hold,301096,312185,386719
104236,hold,291244,308493,400264
104296,hold,292288,309154,398558
104356,hold,276521,290562,432917
104416,hold,287326,303398,409276
104476,hold,286312,309214,404474
104536,hold,284946,298739,416315
104596,hold,294514,304741,400745
104656,hold,287597,304609,407795
104716,hold,286151,298981,414868
104776,hold,292679,305879,401442
104836,hold,288662,309790,401548
104896,hold,285568,313862,400570
104956,hold,285271,306880,407849
105016,hold,305217,311296,383486
105076,hold,292756,296805,410439
105136,hold,283770,311295,404934
105196,hold,296346,304951,398703
105256,hold,292684,303966,403351
105316,hold,297195,298088,404717
105376,hold,289250,305625,405125
105436,hold,284017,317627,398356
105496,hold,296406,299690,403904
105556,hold,286223,304432,409345
105616,hold,290325,308726,400949
105676,hold,295781,301926,402293
105736,hold,286605,310049,403346
105796,hold,289492,301807,408701
105856,hold,283337,306895,409768
105916,hold,289423,301525,409052
105976,hold,290881,303537,405582
106036,hold,297769,309780,392451
106096,hold,290012,303504,406484
106156,hold,306241,306073,387686
106216,hold,297383,312342,390276
106276,hold,289903,303929,406168
106336,hold,280035,297696,422269
106396,hold,291825,303694,404481
106456,hold,301511,311727,386762
106516,hold,284414,304912,410674
106576,hold,291286,303930,404785
106636,hold,285606,302381,412013
106696,hold,282254,300632,417113
106756,hold,290152,304686,405163
106816,hold,288078,293866,418056
106876,hold,288302,309347,402351
106936,hold,295599,311711,392690
106996,hold,290636,303146,406218
107056,hold,286421,311197,402382
107116,hold,292577,308541,398882
107176,hold,288481,310991,400528
107236,hold,288253,312026,399721
107296,hold,291296,313607,395097
107356,hold,283911,308678,407411
107416,hold,292220,313333,394448
107476,hold,282219,311853,405928
107536,hold,289115,305776,405109
107596,hold,297915,304801,397284
107656,hold,291585,302755,405660
107716,hold,283967,297766,418268
107776,hold,288719,302807,408473
107836,hold,284576,302437,412987
107896,hold,289328,305682,404990
107956,hold,298391,299500,402109
108016,hold,291973,304598,403428
108076,hold,285712,306666,407623
108136,hold,286919,306429,406652
108196,hold,292650,301638,405713
108256,hold,292079,300351,407570
108316,hold,281838,302391,415771
108376,hold,270103,282765,447132
108436,hold,284495,305280,410226
108496,hold,289324,316151,394524
108556,hold,296597,308538,394865
108616,hold,290398,306759,402843
108676,hold,294053,305859,400087
108736,hold,281941,297715,420344
108796,hold,294378,307396,398226
108856,hold,287416,307352,405232
108916,hold,295205,305417,399378
108976,hold,285757,301387,412856
109036,hold,300888,305407,393705
109096,hold,289699,307301,403000
109156,hold,282367,304904,412729
109216,hold,292688,302283,405030
109276,hold,297855,304782,397363
109336,hold,295973,301354,402673
109396,hold,289434,301423,409143
109456,hold,282215,303362,414423
109516,hold,290551,308536,400914
109576,hold,299790,298503,401708
109636,hold,292691,312752,394556
109696,hold,281530,301897,416574
109756,hold,283186,305467,411347
109816,hold,280978,296111,422910
109876,hold,288879,304288,406834
109936,hold,282599,300540,416861
109996,hold,290434,307087,402478
110056,hold,280740,298441,420819
110116,hold,290636,309975,399389
110176,hold,280679,291858,427462
110236,hold,291224,301144,407632
110296,hold,280949,291893,427159
110356,hold,287152,312427,400421
110416,hold,291930,313873,394196
110476,hold,283239,303575,413185
110536,hold,289226,305863,404911
110596,hold,295466,303466,401068
110656,hold,288634,309197,402169
110716,hold,289050,304723,406227
110776,hold,288393,308152,403455
110836,hold,296466,305799,397735
110896,hold,297902,311001,391097
110956,hold,292413,312055,395532
111016,hold,289135,291835,419030
111076,hold,285268,302240,412493
111136,hold,290109,307903,401988
111196,hold,290484,301330,408186
111256,hold,289771,309153,401077
111316,hold,285045,297447,417508
111376,hold,285848,306530,407622
111436,hold,291862,307398,400740
111496,hold,290604,306405,402990
111556,hold,290454,309322,400224
111616,hold,293834,304359,401807
111676,hold,296753,306673,396575
111736,hold,271558,291112,437330
111796,hold,287240,310984,401776
111856,hold,283507,305038,411455
111916,hold,301240,306801,391960
111976,hold,297630,308170,394200
112036,hold,296005,310182,393812
112096,hold,300201,305491,394308
112156,hold,296557,307039,396404
112216,hold,291813,306247,401940
112276,hold,273079,343748,383173
112336,hold,289488,306015,404498
112396,hold,292226,310000,397774
112456,hold,292010,299868,408121
112516,hold,288569,306744,404686
112576,hold,285639,299036,415325
112636,hold,270987,289271,439743
112696,hold,287916,311759,400325
112756,hold,293793,310255,395951
112816,hold,292328,303928,403743
112876,hold,291572,310273,398156
112936,hold,279422,299942,420637
112996,hold,291427,302216,406357
113056,hold,286185,301481,412334
113116,hold,290451,300290,409259
113176,hold,287579,305045,407377
113236,hold,286381,301514,412104
113296,hold,296689,312293,391017
113356,hold,288964,306934,404102
113416,hold,289941,307638,402421
113476,hold,288710,303332,407958
113536,hold,290809,304980,404211
113596,hold,273157,298314,428529
113656,hold,284179,309545,406276
113716,hold,291364,298382,410255
113776,hold,279476,299808,420716
113836,hold,272065,292545,435390
113896,hold,282488,293676,423836
113956,hold,289326,302655,408020
114016,hold,289420,314393,396187
114076,hold,294611,305242,400147
114136,hold,290002,309212,400787
114196,hold,287864,302384,409751
114256,hold,292880,303394,403726
114316,hold,301061,303655,395284
114376,hold,289736,304927,405337
114436,hold,288068,304252,407680
114496,hold,290704,301292,408004
114556,hold,292493,317203,390305
114616,hold,279854,303378,416767
114676,hold,280602,301199,418199
114736,hold,298541,309710,391749
114796,hold,279393,307179,413427
114856,hold,294176,301738,404086
114916,hold,304437,304259,391303
114976,hold,286459,298341,415200
115036,hold,290454,304847,404699
115096,hold,288684,310438,400878
115156,hold,281177,299604,419219
115216,hold,290946,308019,401035
115276,hold,286788,298531,414680
115336,hold,292292,307128,400580
115396,hold,288286,312978,398736
115456,hold,306350,310319,383331
115516,hold,285857,307823,406321
115576,hold,293118,308663,398219
115636,hold,288484,301330,410187
115696,hold,291174,310674,398152
115756,hold,290860,305909,403231
115816,hold,298999,308863,392138
115876,hold,287643,299103,413254
115936,hold,305756,304756,389489
115996,hold,294497,309141,396362
116056,hold,302128,305147,392724
116116,hold,289035,301336,409630
116176,hold,282325,298293,419382
116236,hold,286683,306354,406963
116296,hold,292281,312329,395390
116356,hold,283026,297212,419762
116416,hold,286717,303094,410190
116476,hold,307425,320430,372146
116536,hold,285049,304431,410520
116596,hold,289742,305417,404841
116656,hold,290529,303094,406377
116716,hold,293029,318378,388592
116776,hold,290561,300301,409138
116836,hold,284382,300069,415548
116896,hold,294251,298953,406796
116956,hold,293066,306741,400194
117016,hold,298393,308431,393176
117076,hold,274643,290695,434661
117136,hold,291666,306328,402006
117196,hold,277249,286501,436249
117256,hold,293161,320766,386072
117316,hold,290635,296437,412928
117376,hold,291606,311427,396967
117436,hold,290229,304994,404777
117496,hold,288445,303497,408058
117556,hold,290055,302951,406994
117616,hold,293574,311496,394930
117676,hold,292254,310282,397464
117736,hold,302877,302113,395010
117796,hold,285558,306936,407506
117856,hold,285029,298058,416913
117916,hold,284962,299714,415325
117976,hold,293779,302245,403976
118036,hold,293403,309653,396944
118096,hold,298050,307279,394671
118156,hold,289645,307084,403271
118216,hold,288416,302581,409003
118276,hold,285563,306931,407506
118336,hold,285757,315838,398405
118396,hold,282669,302048,415283
118456,hold,290658,310673,398669
118516,hold,286982,301325,411693
118576,hold,298828,306026,395146
118636,hold,285716,311404,402881
118696,hold,287732,310305,401963
118756,hold,278575,293768,427657
118816,hold,284828,299891,415281
118876,hold,284153,305567,410280
118936,hold,282091,304417,413492
118996,hold,294023,301790,404187
119056,hold,279425,302071,418504
119116,hold,290724,304262,405014
119176,hold,289902,306332,403766
119236,hold,299757,312699,387544
119296,hold,293345,308322,398333
119356,hold,292252,308531,399217
119416,hold,290322,306679,403000
119476,hold,292958,307596,399446
119536,hold,282942,303104,413954
119596,hold,284557,303158,412286
119656,hold,293442,306226,400332
119716,hold,287677,300990,411333
119776,hold,291663,307227,401110
119836,hold,293923,307692,398385
119896,hold,289392,308104,402504
119956,hold,290926,304908,404166
120016,hold,289047,303793,407160
120076,hold,298538,304689,396773
120136,hold,299966,309181,390853
120196,hold,298230,313287,388483
120256,hold,295133,309969,394898
120316,hold,292330,308636,399034
120376,hold,290876,308624,400500
120436,hold,283427,306667,409906
120496,hold,287188,302954,409858
120556,hold,286987,312157,400856
120616,hold,288350,303403,408247
120676,hold,297041,300621,402338
120736,hold,288590,312809,398601
120796,hold,294889,303034,402077
120856,hold,278346,295666,425988
120916,hold,294077,312196,393727
120976,hold,292428,299785,407787
121036,hold,280547,301521,417932
121096,hold,287117,298994,413890
121156,hold,283889,298888,417223
121216,hold,284963,301529,413508
121276,hold,286021,305506,408472
121336,hold,286506,302004,411490
121396,hold,299647,306874,393480
121456,hold,303630,309192,387178
121516,hold,286089,305202,408709
121576,hold,291543,303969,404488
121636,hold,291329,310635,398036
121696,hold,286234,298332,415434
121756,hold,285114,301959,412927
121816,hold,285126,298551,416323
121876,hold,275754,290349,433897
121936,hold,287003,305965,407031
121996,hold,286101,314732,399167
122056,hold,297423,305120,397457
122116,hold,290857,301488,407656
122176,hold,283344,306552,410104
122236,hold,291867,303191,404942
122296,hold,289440,298914,411646
122356,hold,292039,304294,403667
122416,hold,279903,298867,421230
122476,hold,286833,309973,403194
122536,hold,294471,304199,401330
122596,hold,288075,303594,408331
122656,hold,292868,303967,403165
122716,hold,292230,298152,409618
122776,hold,292597,310216,397188
122836,hold,280215,294590,425195
122896,hold,285862,295522,418615
122956,hold,287530,302672,409798
123016,hold,283898,291559,424544
123076,hold,280645,306642,412712
123136,hold,293580,301915,404505
123196,hold,298785,308192,393023
123256,hold,284334,299660,416006
123316,hold,294829,303734,401437
123376,hold,293459,302843,403698
123436,hold,289220,310289,400490
123496,hold,289884,310339,399776
123556,hold,292792,307590,399618
123616,hold,290731,305998,403271
123676,hold,305368,306976,387656
123736,hold,279323,297519,423158
123796,hold,292807,310228,396964
123856,hold,297270,305861,396870
123916,hold,288416,303559,408025
123976,hold,283391,290477,426132
124036,hold,280743,300674,418583
124096,hold,290105,312372,397523
124156,hold,279081,295043,425877
124216,hold,294915,309213,395872
124276,hold,296172,309575,394254
124336,hold,288622,298382,412996
124396,hold,301447,301902,396650
124456,hold,283553,296616,419831
124516,hold,294981,307182,397836
124576,hold,287835,303425,408740
124636,hold,291754,309771,398475
124696,hold,272543,281879,445577
124756,hold,282462,298179,419360
124816,hold,279229,296546,424225
124876,hold,286510,299790,413701
124936,hold,289986,304994,405020
124996,hold,293065,307820,399116
125056,hold,298026,299448,402526
125116,hold,287389,304527,408084
125176,hold,296408,316014,387578
125236,hold,283931,299705,416364
125296,hold,284162,309665,406173
125356,hold,292854,312367,394780
125416,hold,288192,299545,412263
125476,hold,291049,303757,405193
125536,hold,286190,301030,412780
125596,hold,281489,287236,431274
125656,hold,281858,312041,406101
125716,hold,288230,300945,410825
125776,hold,292364,316161,391475
125836,hold,278926,292622,428452
125896,hold,296570,302096,401334
125956,hold,284361,303578,412061
126016,hold,292035,305297,402668
126076,hold,292978,309494,397528
126136,hold,293129,304130,402741
126196,hold,291829,306896,401275
126256,hold,285842,301978,412179
126316,hold,281577,290422,428001
126376,hold,304082,310921,384997
126436,hold,290735,304609,404655
126496,hold,284702,293375,421923
126556,hold,285155,306890,407955
126616,hold,290036,314911,395053
126676,hold,299793,308384,391823
126736,hold,294828,306379,398793
126796,hold,284650,304955,410395
126856,hold,283083,292631,424286
126916,hold,287759,317900,394342
126976,hold,282387,298415,419198
127036,hold,288322,291850,419828
127096,hold,285448,298876,415676
127156,hold,288508,304283,407209
127216,hold,282855,298376,418769
127276,hold,288079,301386,410535
127336,hold,281674,290709,427616
127396,hold,304890,299892,395218
127456,hold,297300,305456,397244
127516,hold,294223,304793,400984
127576,hold,287765,307225,405010
127636,hold,290667,304493,404839
127696,hold,282876,302745,414379
127756,hold,294356,305760,399884
127816,hold,290921,306406,402673
127876,hold,273493,290831,435676
127936,hold,292944,299311,407745
127996,hold,291556,307182,401262
128056,hold,288301,302482,409217
128116,hold,283232,310355,406413
128176,hold,286873,306797,406330
128236,hold,307970,307806,384224
128296,hold,292601,303364,404035
128356,hold,284945,300455,414601
128416,hold,288788,305484,405728
128476,hold,287418,308899,403683
128536,hold,289173,303111,407717
128596,hold,293022,315405,391573
128656,hold,284616,305342,410042
128716,hold,292642,297959,409398
128776,hold,304405,308354,387241
128836,hold,285107,307998,406895
128896,hold,293276,315592,391132
128956,hold,290918,300174,408908
129016,hold,290346,304939,404716
129076,hold,297881,299883,402235
129136,hold,291598,301423,406978
129196,hold,284392,310670,404938
129256,hold,283795,297653,418551
129316,hold,287767,311583,400650
129376,hold,286231,301122,412648
129436,hold,302183,301666,396150
129496,hold,274280,334421,391299
129556,hold,291000,307829,401171
129616,hold,286574,306123,407302
129676,hold,294995,302547,402458
129736,hold,289832,312604,397564
129796,hold,295501,304684,399815
129856,hold,281300,299575,419124
129916,hold,286510,293254,420235
129976,hold,298972,303348,397680
130036,hold,288278,307419,404303
130096,hold,294934,304192,400874
130156,hold,303440,314414,382146
130216,hold,299987,304333,395680
130276,hold,295624,307453,396922
130336,hold,305341,304293,390366
130396,hold,284859,301466,413676
130456,hold,286999,300922,412079
130516,hold,298556,306523,394922
130576,hold,278224,303039,418737
130636,hold,288444,299590,411966
130696,hold,293789,315841,390370
130756,hold,300733,307325,391941
130816,hold,299002,309282,391716
130876,hold,288168,300401,411431
130936,hold,287542,304710,407748
130996,hold,293316,314427,392257
131056,hold,296855,316708,386437
131116,hold,293274,301152,405575
131176,hold,290297,304500,405203
131236,hold,284255,299977,415768
131296,hold,299507,299428,401066
131356,hold,278133,344792,377075
131416,hold,287807,300761,411432
131476,hold,280241,305598,414161
131536,hold,288864,300517,410619
131596,hold,288321,306218,405461
131656,hold,296963,306381,396656
131716,hold,295377,301347,403277
131776,hold,286623,308048,405330
131836,hold,282956,302150,414894
131896,hold,285965,296207,417828
131956,hold,298069,297458,404474
132016,hold,294745,307544,397710
132076,hold,283777,303645,412578
132136,hold,289876,307649,402475
132196,hold,290872,311844,397283
132256,hold,288730,297350,413920
132316,hold,282660,298349,418990
132376,hold,290894,306122,402984
132436,hold,288985,305952,405063
132496,hold,292246,304996,402758
132556,hold,298541,308566,392892
132616,hold,279988,298284,421728
132676,hold,284711,295599,419691
132736,hold,293631,312098,394271
132796,hold,297680,313167,389153
132856,hold,296807,304338,398855
132916,hold,297433,305311,397256
132976,hold,289497,303491,407012
133036,hold,289260,310967,399774
133096,hold,296566,312698,390735
133156,hold,271770,343228,385002
133216,hold,284496,299173,416331
133276,hold,279903,297139,422958
133336,hold,292247,306701,401052
133396,hold,290697,305410,403893
133456,hold,270199,281054,448747
133516,hold,300514,307517,391969
133576,hold,285622,310210,404168
133636,hold,282401,304654,412945
133696,hold,293181,301961,404858
133756,hold,290026,311720,398254
133816,hold,295582,307813,396605
133876,hold,302339,304365,393296
133936,hold,290913,303962,405125
133996,hold,292083,308145,399772
134056,hold,291601,305821,402578
134116,hold,293539,309702,396759
134176,hold,289342,296670,413987
134236,hold,290916,305804,403281
134296,hold,293046,303830,403124
134356,hold,289696,309763,400542
134416,hold,286310,308908,404782
134476,hold,285900,310879,403220
134536,hold,299617,306683,393699
134596,hold,287448,303949,408604
134656,hold,295457,311290,393253
134716,hold,299148,303906,396947
134776,hold,294560,310304,395136
134836,hold,298506,305593,395901
134896,hold,290072,305022,404906
134956,hold,287563,306409,406029
135016,hold,278831,295488,425680
135076,hold,289253,311263,399484
135136,hold,288747,301349,409904
135196,hold,292984,310412,396604
135256,hold,286717,301060,412223
135316,hold,291735,304952,403313
135376,hold,289654,301001,409345
135436,hold,290645,308188,401166
135496,hold,283689,305705,410606
135556,hold,299029,309380,391591
135616,hold,289816,302559,407625
135676,hold,292029,296050,411922
135736,hold,295623,298869,405508
135796,hold,280277,299673,420050
135856,hold,282514,303221,414265
135916,hold,287558,307524,404918
135976,hold,285823,299954,414223
136036,hold,281649,298321,420030
136096,hold,285869,303354,410778
136156,hold,284041,306100,409858
136216,hold,295999,298490,405512
136276,hold,297009,299134,403857
136336,hold,298263,309617,392120
136396,hold,284495,299776,415729
136456,hold,287906,308037,404057
136516,hold,275780,288699,435521
136576,hold,282717,299830,417453
136636,hold,287543,309490,402968
136696,hold,284693,306952,408355
136756,hold,286754,302068,411178
136816,hold,298333,308375,393292
136876,hold,290686,309319,399995
136936,hold,297928,303464,398607
136996,hold,277140,295520,427341
137056,hold,289033,309702,401265
137116,hold,282190,297851,419959
137176,hold,304359,307353,388288
137236,hold,279465,293761,426774
137296,hold,292656,307739,399605
137356,hold,287873,311347,400781
137416,hold,294647,299303,406050
137476,hold,286823,299758,413418
137536,hold,284763,309307,405930
137596,hold,286095,298847,415058
137656,hold,289248,302341,408412
137716,hold,292632,309561,397807
137776,hold,284664,314405,400932
137836,hold,291092,309476,399432
137896,hold,283313,304366,412322
137956,hold,297003,307694,395303
138016,hold,285951,299194,414855
138076,hold,292698,301659,405644
138136,hold,292922,313238,393840
138196,hold,294060,307895,398045
138256,hold,286093,299689,414218
138316,hold,292960,307141,399899
138376,hold,291028,315390,393583
138436,hold,286809,298780,414412
138496,hold,287140,300848,412012
138556,hold,289179,309751,401070
138616,hold,295808,302968,401224
138676,hold,291094,308014,400892
138736,hold,288809,305552,405639
138796,hold,286490,302946,410565
138856,hold,295970,302067,401963
138916,hold,283590,311058,405352
138976,hold,285456,306940,407603
139036,hold,282855,306346,410800
139096,hold,299379,299404,401218
139156,hold,294547,306723,398731
139216,hold,288331,304809,406860
139276,hold,297791,307817,394392
139336,hold,289482,304230,406288
139396,hold,287859,302913,409228
139456,hold,293019,305618,401362
139516,hold,288498,308159,403343
139576,hold,291141,303907,404951
139636,hold,295071,305838,399091
139696,hold,287697,304337,407966
139756,hold,289296,310866,399839
139816,hold,280213,303840,415947
139876,hold,284873,304352,410775
139936,hold,290009,311151,398840
139996,hold,288245,301543,410212
140056,hold,287881,306495,405623
140116,hold,298062,305930,396008
140176,hold,279658,299088,421255
140236,hold,289749,310419,399832
140296,hold,285146,305683,409172
140356,hold,288807,305003,406191
140416,hold,286020,298297,415683
140476,hold,291637,306597,401766
140536,hold,287615,299177,413208
140596,hold,279231,287642,433127
140656,hold,279237,294108,426655
140716,hold,281534,293864,424602
140776,hold,281792,309030,409177
140836,hold,280975,301494,417531
140896,hold,292646,300728,406626
140956,hold,293609,317622,388769
141016,hold,285659,297679,416662
141076,hold,292664,301021,406315
141136,hold,285446,306804,407750
141196,hold,290326,303740,405934
141256,hold,299421,298548,402031
141316,hold,280424,294906,424669
141376,hold,296433,301455,402111
141436,hold,292067,300819,407113
141496,hold,289949,298890,411161
141556,hold,287712,311439,400849
141616,hold,279599,299537,420864
141676,hold,306196,301062,392741
141736,hold,281888,303186,414925
141796,hold,294389,304646,400964
141856,hold,280382,299828,419790
141916,hold,291796,305521,402683
141976,hold,287319,298705,413976
142036,hold,286949,306102,406949
142096,hold,299128,310849,390023
142156,hold,288590,308650,402761
142216,hold,276861,298427,424712
142276,hold,290362,300348,409290
142336,hold,290579,311441,397980
142396,hold,285023,309636,405341
142456,hold,289996,308441,401564
142516,hold,289501,307133,403366
142576,hold,296859,304751,398390
142636,hold,289959,308137,401903
142696,hold,301974,314624,383402
142756,hold,291709,304530,403761
142816,hold,277573,306374,416054
142876,hold,300710,303956,395334
142936,hold,288459,304290,407251
142996,hold,285409,301687,412904
143056,hold,298725,308340,392935
143116,hold,274157,324841,401002
143176,hold,300534,307356,392110
143236,hold,290626,300614,408760
143296,hold,287314,303236,409450
143356,hold,282952,296192,420856
143416,hold,288645,295869,415486
143476,hold,276849,287220,435931
143536,hold,279004,296221,424775
143596,hold,289447,311083,399469
143656,hold,297068,308561,394371
143716,hold,282861,304490,412649
143776,hold,289220,302750,408030
143836,hold,287562,300791,411647
143896,hold,298770,304843,396387
143956,hold,282136,306659,411205
144016,hold,296014,311797,392188
144076,hold,295613,311351,393036
144136,hold,294691,306843,398466
144196,hold,295961,304587,399452
144256,hold,290840,313020,396139
144316,hold,299467,301502,399031
144376,hold,291659,315518,392823
144436,hold,292937,305652,401410
144496,hold,280651,299425,419924
144556,hold,294708,302474,402818
144616,hold,292083,310293,397624
144676,hold,283193,299632,417175
144736,hold,297578,309691,392730
144796,hold,276222,293258,430520
144856,hold,288874,312618,398508
144916,hold,288349,304741,406910
144976,hold,287449,310641,401910
145036,hold,287982,302412,409606
145096,hold,288380,314311,397309
145156,hold,284983,305681,409335
145216,hold,278123,291073,430804
145276,hold,291744,316023,392233
145336,hold,299037,305965,394998
145396,hold,278922,296139,424939
145456,hold,287517,302536,409947
145516,hold,284766,305676,409558
145576,hold,278402,295199,426399
145636,hold,289883,303094,407023
145696,hold,301074,304196,394730
145756,hold,304687,305921,389392
145816,hold,287971,307525,404505
145876,hold,291588,307307,401105
145936,hold,290856,311905,397239
145996,hold,287000,303561,409439
146056,hold,279685,286908,433407
146116,hold,291897,307604,400499
146176,hold,293981,311208,394811
146236,hold,287825,318644,393531
146296,hold,280742,305918,413340
146356,hold,292980,298896,408123
146416,hold,283836,308712,407452
146476,hold,290995,307336,401669
146536,hold,288322,307154,404524
146596,hold,290914,302563,406523
146656,hold,286401,317587,396011
146716,hold,281427,297392,421181
146776,hold,301508,303520,394973
146836,hold,283010,297794,419196
146896,hold,308915,303300,387785
146956,hold,293872,312771,393357
147016,hold,288207,305650,406143
147076,hold,291652,308610,399738
147136,hold,289883,315389,394727
147196,hold,288027,301345,410628
147256,hold,298196,303068,398736
147316,hold,296152,301243,402605
147376,hold,291513,305416,403070
147436,hold,276710,292420,430870
147496,hold,286094,307769,406137
147556,hold,287655,299054,413292
147616,hold,289406,302767,407827
147676,hold,301652,305540,392808
147736,hold,296766,305727,397507
147796,hold,291205,315466,393329
147856,hold,291112,305813,403075
147916,hold,297771,310860,391369
147976,hold,283003,302434,414562
148036,hold,294221,309190,396589
148096,hold,297997,307545,394458
148156,hold,290565,309554,399882
148216,hold,290483,322712,386805
148276,hold,295037,308345,396618
148336,hold,292806,306741,400453
148396,hold,292074,307595,400331
148456,hold,293771,306891,399338
148516,hold,285733,308313,405955
148576,hold,283159,306297,410544
148636,hold,285803,308416,405781
148696,hold,293239,308284,398477
148756,hold,287245,299984,412770
148816,hold,283630,300648,415721
148876,hold,300138,304955,394907
148936,hold,297891,312833,389276
148996,hold,290322,314478,395200
149056,hold,285335,309306,405359
149116,hold,293776,304458,401766
149176,hold,283831,299115,417054
149236,hold,286130,306043,407827
149296,hold,290769,306435,402795
149356,hold,287158,310873,401969
149416,hold,285779,312144,402077
149476,hold,289142,312607,398251
149536,hold,291837,310018,398145
149596,hold,292108,303283,404609
149656,hold,287475,301136,411389
149716,hold,288324,301776,409900
149776,hold,288761,299975,411265
149836,hold,289212,307013,403775
149896,hold,291952,314002,394046
149956,hold,298066,311015,390919
150016,hold,287682,316928,395391
150076,hold,294684,309990,395326
150136,hold,282541,303267,414192
150196,hold,289337,306827,403836
150256,hold,297245,310821,391934
150316,hold,296633,308913,394455
150376,hold,287821,305708,406470
150436,hold,291401,306621,401978
150496,hold,299200,304337,396463
150556,hold,286708,302370,410922
150616,hold,292650,306442,400908
150676,hold,292622,310536,396842
150736,hold,289547,326986,383467
150796,hold,287745,299467,412788
150856,hold,290914,300507,408580
150916,hold,288820,304472,406708
150976,hold,290668,313707,395625
151036,hold,278740,294998,426262
151096,hold,287920,301176,410904
151156,hold,292470,301501,406030
151216,hold,292691,309483,397825
151276,hold,288605,314833,396562
151336,hold,291124,313898,394978
151396,hold,288790,307447,403763
151456,hold,286956,292485,420559
151516,hold,283128,302477,414394
151576,hold,286651,306784,406565
151636,hold,287733,305606,406661
151696,hold,282307,306443,411250
151756,hold,288581,301157,410263
151816,hold,304527,304073,391400
151876,hold,288932,305803,405265
151936,hold,293040,310764,396196
151996,hold,291468,306248,402285
152056,hold,282263,298190,419546
152116,hold,290874,304036,405090
152176,hold,284578,311958,403464
152236,hold,288660,296928,414412
152296,hold,292174,319238,388588
152356,hold,298233,306095,395671
152416,hold,283738,319644,396618
152476,hold,294384,305832,399784
152536,hold,285941,306531,407527
152596,hold,285334,298537,416129
152656,hold,287129,306931,405940
152716,hold,297777,308025,394198
152776,hold,284136,300875,414988
152836,hold,286365,305518,408117
152896,hold,284546,305734,409720
152956,hold,290561,300914,408525
153016,hold,284562,309231,406207
153076,hold,289211,300554,410235
153136,hold,282979,292213,424809
153196,hold,284440,300624,414936
153256,hold,291630,300933,407437
153316,hold,286006,306290,407704
153376,hold,297648,304410,397942
153436,hold,288478,306506,405016
153496,hold,297005,313856,389138
153556,hold,285120,307318,407562
153616,hold,282056,295971,421972
153676,hold,291304,312827,395869
153736,hold,293889,311684,394428
153796,hold,283101,298061,418838
153856,hold,290398,307232,402370
153916,hold,283246,301795,414958
153976,hold,296719,301518,401763
154036,hold,290622,305532,403846
154096,hold,288314,303078,408608
154156,hold,290775,313446,395778
154216,hold,278249,298283,423468
154276,hold,287178,304829,407993
154336,hold,292100,307878,400022
154396,hold,299790,302233,397977
154456,hold,293929,317616,388455
154516,hold,288980,307598,403422
154576,hold,291815,301524,406662
154636,hold,290127,302327,407546
154696,hold,283767,301718,414515
154756,hold,295860,302598,401542
154816,hold,280454,296347,423199
154876,hold,285611,307302,407087
154936,hold,288400,307920,403679
154996,hold,297200,308504,394297
155056,hold,287400,310476,402124
155116,hold,295018,303143,401840
155176,hold,295310,305267,399423
155236,hold,287952,299574,412475
155296,hold,293107,301182,405710
155356,hold,293784,298411,407805
155416,hold,286015,314201,399784
155476,hold,293146,307993,398861
155536,hold,279440,292848,427712
155596,hold,286845,302199,410956
155656,hold,287233,301202,411565
155716,hold,288380,308114,403507
155776,hold,289052,305621,405328
155836,hold,288682,307966,403352
155896,hold,293368,309291,397341
155956,hold,288820,303003,408176
156016,hold,289074,307200,403726
156076,hold,286363,310720,402916
156136,hold,288045,300897,411059
156196,hold,285591,293102,421307
156256,hold,290775,310004,399221
156316,hold,285504,302035,412460
156376,hold,291552,312517,395931
156436,hold,271884,305387,422729
156496,hold,285518,302587,411895
156556,hold,300115,301587,398298
156616,hold,292734,301430,405836
156676,hold,289240,301130,409630
156736,hold,289617,317533,392850
156796,hold,286428,297647,415924
156856,hold,289259,312721,398020
156916,hold,280657,298324,421019
156976,hold,303510,306673,389817
157036,hold,290965,300946,408089
157096,hold,286728,308129,405142
157156,hold,291931,309293,398777
157216,hold,283387,314276,402337
157276,hold,282870,302413,414717
157336,hold,294413,307991,397596
157396,hold,289485,298502,412013
157456,hold,290543,301768,407688
157516,hold,280915,306089,412995
157576,hold,277433,301477,421089
157636,hold,288251,300011,411738
157696,hold,295798,306965,397237
157756,hold,285192,302481,412326
157816,hold,291420,306019,402561
157876,hold,293573,308733,397694
157936,hold,287573,294891,417535
157996,hold,284475,309660,405865
158056,hold,288620,309727,401652
158116,hold,292450,309774,397776
158176,hold,278834,301693,419473
158236,hold,287358,300013,412629
158296,hold,288605,308766,402629
158356,hold,294195,306779,399027
158416,hold,288297,306038,405665
158476,hold,290532,303566,405902
158536,hold,289360,305005,405635
158596,hold,279887,297377,422736
158656,hold,289414,296836,413750
158716,hold,295607,305680,398713
158776,hold,287344,302931,409725
158836,hold,280476,309670,409854
158896,hold,281414,301566,417021
158956,hold,282084,301025,416891
159016,hold,295127,311243,393630
159076,hold,288740,308805,402455
159136,hold,285769,305730,408501
159196,hold,288814,303866,407321
159256,hold,288748,309348,401903
159316,hold,296873,310389,392738
159376,hold,290969,324835,384196
159436,hold,285602,303626,410772
159496,hold,285703,306652,407645
159556,hold,288604,311437,399959
159616,hold,287829,302605,409566
159676,hold,280067,300623,419310
159736,hold,290949,306348,402703
159796,hold,299099,306602,394299
159856,hold,296255,307242,396503
159916,hold,293701,304715,401584
159976,hold,282375,320295,397329
160036,hold,289601,295705,414694
160096,hold,288616,306330,405054
160156,hold,299034,309254,391712
160216,hold,278695,304932,416373
160276,hold,283890,305675,410435
160336,hold,285779,312324,401897
160396,hold,289747,306236,404018
160456,hold,287261,306438,406300
160516,hold,290604,311066,398330
160576,hold,282960,301811,415230
160636,hold,297369,304715,397916
160696,hold,284853,302447,412701
160756,hold,289632,303859,406509
160816,hold,283568,296400,420032
160876,hold,293541,317427,389032
160936,hold,288644,308936,402420
160996,hold,288332,306715,404954
161056,hold,290818,305878,403305
161116,hold,300131,309717,390152
161176,hold,286040,307585,406375
161236,hold,301742,302536,395722
161296,hold,295712,309175,395113
161356,hold,293869,313159,392972
161416,hold,286548,306868,406584
161476,hold,288620,302456,408924
161536,hold,294339,304229,401432
161596,hold,279634,297830,422536
161656,hold,286217,317183,396601
161716,hold,292665,309319,398016
161776,hold,285082,297292,417627
161836,hold,294144,310445,395411
161896,hold,286840,307097,406063
161956,hold,292242,304793,402965
162016,hold,288786,312300,398914
162076,hold,296750,309425,393826
162136,hold,284026,308293,407681
162196,hold,285875,304528,409597
162256,hold,287517,311252,401231
162316,hold,285753,309370,404877
162376,hold,288895,304121,406983
162436,hold,296532,308289,395180
162496,hold,293505,311309,395186
162556,hold,301922,311329,386749
162616,hold,289800,300416,409784
162676,hold,291101,313630,395269
162736,hold,281855,300398,417747
162796,hold,284322,301980,413699
162856,hold,288944,307764,403292
162916,hold,291118,309820,399062
162976,hold,286836,308969,404195
163036,hold,292599,304773,402628
163096,hold,292573,300939,406488
163156,hold,285760,304855,409385
163216,hold,288864,304108,407028
163276,hold,291888,312424,395687
163336,hold,301827,307783,390390
163396,hold,289118,307451,403431
163456,hold,295621,309648,394731
163516,hold,292234,308673,399093
163576,hold,297685,313275,389040
163636,hold,288491,309548,401961
163696,hold,295493,301857,402650
163756,hold,285661,303430,410909
163816,hold,295935,313396,390669
163876,hold,288136,305389,406475
163936,hold,294253,306111,399635
163996,hold,298730,317429,383841
164056,hold,293465,314502,392033
164116,hold,291470,312275,396255
164176,hold,284068,301927,414005
164236,hold,278027,296538,425435
164296,hold,281854,303944,414202
164356,hold,290514,301337,408150
164416,hold,292854,312257,394889
164476,hold,297657,302574,399769
164536,hold,285345,298292,416363
164596,hold,273043,288510,438447
164656,hold,277138,306835,416027
164716,hold,290115,308697,401188
164776,hold,277458,291404,431138
164836,hold,294052,307432,398517
164896,hold,302812,310876,386312
164956,hold,298444,299995,401562
165016,hold,288985,301823,409192
165076,hold,279061,294265,426674
165136,hold,281079,295653,423268
165196,hold,284245,311383,404373
165256,hold,298118,315994,385888
165316,hold,277333,322506,400161
165376,hold,298880,308520,392600
165436,hold,288179,300300,411521
165496,hold,282820,296773,420408
165556,hold,291632,307369,400999
165616,hold,288824,309104,402071
165676,hold,285867,303163,410970
165736,hold,281057,296895,422048
165796,hold,285174,295261,419565
165856,hold,288886,301373,409742
165916,hold,287717,297671,414612
165976,hold,290806,304868,404326
166036,hold,287521,308618,403861
166096,hold,292897,307514,399590
166156,hold,300273,303632,396094
166216,hold,287711,306063,406226
166276,hold,298565,303726,397709
166336,hold,288984,306500,404516
166396,hold,288345,306006,405649
166456,hold,279216,294900,425884
166516,hold,289263,306822,403915
166576,hold,288630,304483,406886
166636,hold,288066,303216,408718
166696,hold,290937,305289,403774
166756,hold,295364,301263,403374
166816,hold,283227,299523,417249
166876,hold,286043,305496,408461
166936,hold,281220,303762,415018
166996,hold,279506,298844,421649
167056,hold,294034,306426,399540
167116,hold,287282,308073,404645
167176,hold,289027,306011,404962
167236,hold,293218,296484,410298
167296,hold,294259,301847,403894
167356,hold,300698,314143,385159
167416,hold,288645,304862,406493
167476,hold,304354,307319,388327
167536,hold,284275,304196,411530
167596,hold,293408,304627,401965
167656,hold,278496,298372,423133
167716,hold,294561,301418,404021
167776,hold,284616,314108,401276
167836,hold,294250,302323,403426
167896,hold,284493,301121,414386
167956,hold,290859,298585,410556
168016,hold,283237,315698,401065
168076,hold,295695,309012,395293
168136,hold,291559,305986,402454
168196,hold,294513,305986,399502
168256,hold,289780,301023,409198
168316,hold,291404,300648,407948
168376,hold,277538,300704,421759
168436,hold,288083,298438,413479
168496,hold,286749,301970,411281
168556,hold,294872,303478,401650
168616,hold,287546,298393,414061
168676,hold,296844,307011,396145
168736,hold,292094,307970,399936
168796,hold,289539,313150,397312
168856,hold,288474,313068,398458
168916,hold,290446,304395,405159
168976,hold,288232,305343,406425
169036,hold,297150,307901,394950
169096,hold,283433,300385,416182
169156,hold,287274,312741,399985
169216,hold,295502,310289,394209
169276,hold,295810,305093,399097
169336,hold,285910,300513,413577
169396,hold,290818,313503,395679
169456,hold,299291,311245,389463
169516,hold,296608,307852,395540
169576,hold,285627,308419,405954
169636,hold,292258,304639,403104
169696,hold,285186,303026,411788
169756,hold,286974,303766,409260
169816,hold,283996,311783,404221
169876,hold,294396,305831,399773
169936,hold,286938,309477,403585
169996,hold,272940,290222,436837
170056,hold,289237,312055,398708
170116,hold,289872,310571,399557
170176,hold,296313,299929,403758
170236,hold,288084,306376,405540
170296,hold,284645,301096,414259
170356,hold,295952,302843,401205
170416,hold,287071,301423,411507
170476,hold,284376,300118,415506
170536,hold,282971,298036,418993
170596,hold,288834,307276,403890
170656,hold,290302,303039,406658
170716,hold,283372,299754,416874
170776,hold,285845,309881,404274
170836,hold,284294,302617,413089
170896,hold,291487,308581,399932
170956,hold,285974,307588,406438
171016,hold,282326,301968,415706
171076,hold,293233,306752,400014
171136,hold,284125,300257,415618
171196,hold,285503,303212,411285
171256,hold,294901,304511,400588
171316,hold,297070,298066,404864
171376,hold,299677,303823,396500
171436,hold,276539,301351,422109
171496,hold,296032,305360,398608
171556,hold,291314,307271,401415
171616,hold,297841,303802,398357
171676,hold,287457,313840,398703
171736,hold,295745,302897,401358
171796,hold,288882,300726,410393
171856,hold,293169,302935,403896
171916,hold,290088,300812,409100
171976,hold,302263,309932,387806
172036,hold,286560,295641,417799
172096,hold,293334,310814,395851
172156,hold,286663,297618,415719
172216,hold,286629,311362,402009
172276,hold,298732,308019,393249
172336,hold,278455,294327,427218
172396,hold,288053,312379,399569
172456,hold,298060,312689,389251
172516,hold,277764,286688,435548
172576,hold,284195,303541,412264
172636,hold,297443,310470,392087
172696,hold,278406,302816,418778
172756,hold,296129,300873,402997
172816,hold,288606,307346,404047
172876,hold,285160,312235,402605
172936,hold,291833,312763,395405
172996,hold,286130,305892,407978
173056,hold,291521,308859,399620
173116,hold,291490,308781,399729
173176,hold,291502,310982,397516
173236,hold,294008,306645,399348
173296,hold,299829,311793,388378
173356,hold,290888,311439,397672
173416,hold,291525,305183,403292
173476,hold,279656,303353,416991
173536,hold,283008,305209,411783
173596,hold,290571,309776,399653
173656,hold,291383,298856,409760
173716,hold,282035,301500,416465
173776,hold,288062,307952,403986
173836,hold,289119,303409,407472
173896,hold,292409,306204,401386
173956,hold,290774,308905,400322
174016,hold,287554,316591,395854
174076,hold,282056,297444,420500
174136,hold,293596,305256,401148
174196,hold,293244,305731,401025
174256,hold,293719,303720,402561
174316,hold,296280,308778,394942
174376,hold,285802,302419,411779
174436,hold,289060,309299,401641
174496,hold,289125,305708,405166
174556,hold,288315,297680,414005
174616,hold,292719,314904,392376
174676,hold,286473,301668,411859
174736,hold,287194,310101,402705
174796,hold,284150,307562,408289
174856,hold,295010,301047,403944
174916,hold,293085,308053,398862
174976,hold,283585,297124,419291
175036,hold,291779,306169,402052
175096,hold,288319,300983,410698
175156,hold,289191,312378,398431
175216,hold,294394,314391,391216
175276,hold,293093,320340,386567
175336,hold,298968,308201,392831
175396,hold,285101,301061,413838
175456,hold,296447,303782,399771
175516,hold,292094,297880,410026
175576,hold,294461,306242,399297
175636,hold,289877,308547,401576
175696,hold,283228,305819,410953
175756,hold,287042,300918,412041
175816,hold,286617,319870,393512
175876,hold,291297,306545,402158
175936,hold,287608,304539,407853
175996,hold,294440,312053,393507
176056,hold,287951,299827,412223
176116,hold,297255,306978,395766
176176,hold,293513,312886,393601
176236,hold,301477,307743,390781
176296,hold,285934,295421,418645
176356,hold,296176,309688,394136
176416,hold,300313,306720,392967
176476,hold,289829,312780,397391
176536,hold,281510,299211,419279
176596,hold,289928,314617,395455
176656,hold,291610,311551,396839
176716,hold,293501,309863,396636
176776,hold,284769,301112,414119
176836,hold,303997,319032,376971
176896,hold,280108,298028,421863
176956,hold,303183,312287,384529
177016,hold,298890,307689,393421
177076,hold,296137,307426,396437
177136,hold,295459,298825,405716
177196,hold,284865,302513,412621
177256,hold,289893,308189,401917
177316,hold,291939,299619,408442
177376,hold,297000,305721,397279
177436,hold,296060,308642,395298
177496,hold,298052,303311,398638
177556,hold,287841,322128,390031
177616,hold,291388,303837,404775
177676,hold,289450,303593,406957
177736,hold,279583,294015,426401
177796,hold,288501,299673,411826
177856,hold,291251,305298,403451
177916,hold,294209,307811,397980
177976,hold,286964,313062,399974
178036,hold,286696,299746,413559
178096,hold,288090,313136,398774
178156,hold,284019,315828,400153
178216,hold,300515,299661,399824
178276,hold,281557,303861,414581
178336,hold,289823,305127,405050
178396,hold,279067,308635,412298
178456,hold,283532,307868,408600
178516,hold,290897,304549,404554
178576,hold,292316,307504,400180
178636,hold,293646,303961,402393
178696,hold,294866,303598,401536
178756,hold,291527,307363,401110
178816,hold,292280,299759,407961
178876,hold,285426,303702,410872
178936,hold,283060,295369,421571
178996,hold,284513,294741,420746
179056,hold,287148,324268,388584
179116,hold,292027,305214,402758
179176,hold,281513,296151,422337
179236,hold,281865,304165,413970
179296,hold,297725,303072,399203
179356,hold,283466,296806,419727
179416,hold,285476,308310,406214
179476,hold,290978,311052,397969
179536,hold,294724,306922,398354
179596,hold,292531,307437,400032
179656,hold,299375,310433,390191
179716,hold,288284,309012,402704
179776,hold,292573,300985,406441
179836,hold,292668,310439,396893
179896,hold,294896,311528,393576
179956,hold,291669,302776,405556
180016,hold,287712,295352,416936
180076,hold,295330,311740,392931
180136,hold,291992,308030,399978
180196,hold,291399,305538,403062
180256,hold,293804,304755,401440
180316,hold,295635,303865,400500
180376,hold,283968,302012,414020
180436,hold,282483,303993,413524
180496,hold,281628,306663,411709
180556,hold,298980,314066,386954
180616,hold,280739,294136,425125
180676,hold,288984,302119,408897
180736,hold,289868,305237,404895
180796,hold,289472,304552,405976
180856,hold,295286,301288,403426
180916,hold,287205,307330,405465
180976,hold,284568,304291,411141
181036,hold,284788,305276,409935
181096,hold,298882,304116,397002
181156,hold,291455,307981,400564
181216,hold,287970,311182,400847
181276,hold,291005,303286,405709
181336,hold,301943,308709,389348
181396,hold,302241,304538,393221
181456,hold,285686,307065,407249
181516,hold,295717,311701,392582
181576,hold,301333,304518,394149
181636,hold,286171,303232,410597
181696,hold,291166,310180,398655
181756,hold,288005,306315,405680
181816,hold,282727,305504,411769
181876,hold,286955,302892,410153
181936,hold,287499,304034,408467
181996,hold,289733,317989,392278
182056,hold,288878,297126,413996
182116,hold,291159,312571,396270
182176,hold,293321,310635,396044
182236,hold,286225,303604,410172
182296,hold,290822,306926,402252
182356,hold,287637,300808,411555
182416,hold,288411,304225,407364
182476,hold,283114,298472,418415
182536,hold,288003,303848,408149
182596,hold,281024,307930,411047
182656,hold,296176,305673,398151
182716,hold,292840,299290,407870
182776,hold,283363,310289,406347
182836,hold,292092,309361,398547
182896,hold,290900,301129,407971
182956,hold,289297,302461,408242
183016,hold,289518,307437,403045
183076,hold,288880,314927,396193
183136,hold,292844,315145,392010
183196,hold,277460,295340,427200
183256,hold,284319,296801,418880
183316,hold,289466,315165,395369
183376,hold,292290,307162,400548
183436,hold,277430,299889,422681
183496,hold,287094,303600,409306
183556,hold,291312,300005,408683
183616,hold,286593,316944,396463
183676,hold,283744,311155,405101
183736,hold,290175,305833,403992
183796,hold,289314,303614,407073
183856,hold,289902,304889,405208
183916,hold,297488,303608,398904
183976,hold,289585,314105,396310
184036,hold,282373,326089,391538
184096,hold,285912,315305,398783
184156,hold,292006,307975,400019
184216,hold,295927,310580,393493
184276,hold,288443,310952,400605
184336,hold,285978,302872,411150
184396,hold,296292,307122,396586
184456,hold,292838,309037,398125
184516,hold,302130,305062,392809
184576,hold,282487,292874,424639
184636,hold,285925,310325,403750
184696,hold,282865,300662,416472
184756,hold,288560,319658,391782
184816,hold,287939,299655,412406
184876,hold,287161,303625,409214
184936,hold,288047,306246,405708
184996,hold,285003,305943,409055
185056,hold,270020,362180,367800
185116,hold,298058,315431,386511
185176,hold,282799,299531,417670
185236,hold,288531,297475,413994
185296,hold,284016,297436,418549
185356,hold,305462,306616,387922
185416,hold,294045,299662,406294
185476,hold,291346,309144,399510
185536,hold,288100,305163,406737
185596,hold,290977,303110,405912
185656,hold,304029,306781,389191
185716,hold,287041,307120,405839
185776,hold,283637,301933,414430
185836,hold,291233,303972,404795
185896,hold,287809,301360,410831
185956,hold,292494,313628,393878
186016,hold,282030,300670,417299
186076,hold,285790,309272,404939
186136,hold,281579,307909,410512
186196,hold,283989,298288,417724
186256,hold,299991,305717,394292
186316,hold,293638,309514,396848
186376,hold,289920,302530,407550
186436,hold,286957,310691,402352
186496,hold,293982,306041,399977
186556,hold,285789,310458,403754
186616,hold,279415,297823,422763
186676,hold,264749,277301,457950
186736,hold,289570,308255,402175
186796,hold,273194,286797,440009
186856,hold,279857,294796,425347
186916,hold,285041,298890,416070
186976,hold,305381,314048,380571
187036,hold,292945,307144,399911
187096,hold,285983,300728,413289
187156,hold,297248,309440,393312
187216,hold,284590,307130,408280
187276,hold,293046,301461,405492
187336,hold,299422,306847,393732
187396,hold,284635,300708,414657
187456,hold,293227,314805,391968
187516,hold,291441,297398,411161
187576,hold,285682,303272,411047
187636,hold,292655,307005,400340
187696,hold,293773,304219,402009
187756,hold,292055,309774,398172
187816,hold,286735,312936,400329
187876,hold,286292,305199,408509
187936,hold,282989,310538,406473
187996,hold,291397,307447,401157
188056,hold,287881,307892,404226
188116,hold,293470,306993,399537
188176,hold,290072,308878,401051
188236,hold,287713,309044,403243
188296,hold,275769,288174,436058
188356,hold,287781,295366,416853
188416,hold,290110,303751,406139
188476,hold,279085,297068,423847
188536,hold,296290,311563,392147
188596,hold,294899,309701,395400
188656,hold,299350,313374,387276
188716,hold,280705,305700,413595
188776,hold,290723,305030,404246
188836,hold,307124,306609,386266
188896,hold,289232,308507,402261
188956,hold,285349,299680,414971
189016,hold,292786,299578,407636
189076,hold,282807,296457,420736
189136,hold,284038,295284,420678
189196,hold,287930,304991,407079
189256,hold,297100,302856,400044
189316,hold,281359,298778,419863
189376,hold,281169,301694,417138
189436,hold,289501,303672,406827
189496,hold,283887,304483,411630
189556,hold,281668,301540,416792
189616,hold,293349,311169,395482
189676,hold,289587,308037,402376
189736,hold,291660,303980,404359
189796,hold,295360,309460,395179
189856,hold,291134,305884,402982
189916,hold,278900,306711,414389
189976,hold,291978,304829,403193
190036,hold,289638,299280,411082
190096,hold,289888,298851,411261
190156,hold,294048,305287,400665
190216,hold,303170,302676,394154
190276,hold,286228,288603,425169
190336,hold,278155,294118,427726
190396,hold,276623,298947,424430
190456,hold,291379,307133,401488
190516,hold,287366,303383,409251
190576,hold,297033,306788,396179
190636,hold,295856,309959,394185
190696,hold,281481,298150,420369
190756,hold,288451,294512,417038
190816,hold,287490,313360,399149
190876,hold,290528,297787,411685
190936,hold,289553,296597,413850
190996,hold,285309,305754,408936
191056,hold,290895,303088,406017
191116,hold,295957,305243,398800
191176,hold,288530,308731,402739
191236,hold,280211,294341,425448
191296,hold,289729,302168,408103
191356,hold,300754,317197,382049
191416,hold,287541,307293,405165
191476,hold,299758,303718,396524
191536,hold,287873,309953,402173
191596,hold,286321,302232,411448
191656,hold,281346,297638,421016
191716,hold,279080,297822,423098
191776,hold,304886,301697,393417
191836,hold,284464,300213,415323
191896,hold,283090,301095,415815
191956,hold,284263,301635,414101
192016,hold,287665,301312,411023
192076,hold,290413,305033,404554
192136,hold,302954,309419,387627
192196,hold,295306,308363,396332
192256,hold,290496,304903,404601
192316,hold,289364,308882,401755
192376,hold,285454,300769,413777
192436,hold,289089,316435,394476
192496,hold,296912,307261,395827
192556,hold,288571,308124,403305
192616,hold,286950,297912,415138
192676,hold,299690,302387,397923
192736,hold,293522,304377,402100
192796,hold,287694,297572,414734
192856,hold,288305,313523,398172
192916,hold,294638,310229,395134
192976,hold,290683,307821,401496
193036,hold,277237,289886,432877
193096,hold,290791,305069,404139
193156,hold,276666,302934,420400
193216,hold,307597,310887,381515
193276,hold,285711,304109,410179
193336,hold,281480,299409,419111
193396,hold,292147,315654,392199
193456,hold,299904,306467,393630
193516,hold,286071,303058,410871
193576,hold,299632,303214,397154
193636,hold,302865,305288,391847
193696,hold,282414,300928,416658
193756,hold,296079,305651,398270
193816,hold,284495,302445,413061
193876,hold,290391,307890,401718
193936,hold,299579,318012,382409
193996,hold,309255,304873,385872
194056,hold,279815,305326,414859
194116,hold,287886,302501,409612
194176,hold,288060,306393,405547
194236,hold,283660,298746,417594
194296,hold,293948,313303,392748
194356,hold,283632,295311,421057
194416,hold,288167,304705,407128
194476,hold,286654,304489,408856
194536,hold,305719,301976,392305
194596,hold,284816,292725,422459
194656,hold,288117,314743,397139
194716,hold,282409,304060,413531
194776,hold,293871,306672,399457
194836,hold,285827,293020,421153
194896,hold,282584,310115,407302
194956,hold,282882,303796,413322
195016,hold,295067,309824,395109
195076,hold,279089,292473,428438
195136,hold,287139,310290,402571
195196,hold,281856,296982,421163
195256,hold,300172,307794,392035
195316,hold,292157,315367,392476
195376,hold,291135,303626,405239
195436,hold,296079,310556,393364
195496,hold,287997,301571,410432
195556,hold,285577,288577,425846
195616,hold,294095,305199,400706
195676,hold,283146,298547,418307
195736,hold,286089,307373,406539
195796,hold,287994,309632,402373
195856,hold,285932,300370,413698
195916,hold,284433,308952,406615
195976,hold,291087,306314,402600
196036,hold,283500,310252,406248
196096,hold,283635,302048,414317
196156,hold,296044,311755,392201
196216,hold,291647,303613,404740
196276,hold,291288,307516,401196
196336,hold,287865,303915,408219
196396,hold,290994,312481,396525
196456,hold,293505,307851,398644
196516,hold,304711,302232,393057
196576,hold,284226,292661,423112
196636,hold,291973,313067,394960
196696,hold,286832,302460,410708
196756,hold,286532,300949,412519
196816,hold,283007,293594,423399
196876,hold,280998,303310,415691
196936,hold,289692,304198,406110
196996,hold,293423,313750,392827
197056,hold,297704,307879,394417
197116,hold,290548,305454,403998
197176,hold,278492,293499,428010
197236,hold,290021,307239,402740
197296,hold,297902,307142,394957
197356,hold,287172,300794,412033
197416,hold,290634,308841,400525
197476,hold,284754,300752,414495
197536,hold,273961,296187,429852
197596,hold,290906,304057,405037
197656,hold,290782,307370,401848
197716,hold,301869,304493,393638
197776,hold,279811,298434,421756
197836,hold,284988,317931,397081
197896,hold,287060,328067,384872
197956,hold,296885,308615,394500
198016,hold,296095,306258,397647
198076,hold,281006,299143,419851
198136,hold,288222,312671,399108
198196,hold,288872,312434,398694
198256,hold,276682,293270,430048
198316,hold,291895,309586,398519
198376,hold,287304,295651,417046
198436,hold,288929,310545,400525
198496,hold,288643,303224,408132
198556,hold,291745,307539,400716
198616,hold,285582,310408,404010
198676,hold,289634,305184,405182
198736,hold,278103,294556,427341
198796,hold,283528,303831,412641
198856,hold,291899,300434,407668
198916,hold,291604,308334,400062
198976,hold,279458,295183,425359
199036,hold,290792,313039,396168
199096,hold,275635,296900,427465
199156,hold,292878,306216,400906
199216,hold,290762,311275,397964
199276,hold,293472,307485,399043
199336,hold,302210,302467,395324
199396,hold,286042,305371,408587
199456,hold,290180,307942,401878
199516,hold,286004,306998,406998
199576,hold,285257,298426,416317
199636,hold,291659,302845,405496
199696,hold,289813,306443,403743
199756,hold,286786,302331,410882
199816,hold,285024,310822,404154
199876,hold,293885,302999,403115
199936,hold,290522,305547,403932
199996,hold,282320,304397,413283
200056,hold,287375,304906,407719
200116,hold,293379,313484,393137
200176,hold,285585,303454,410961
200236,hold,289622,302336,408042
200296,hold,281418,295923,422659
200356,hold,289642,312293,398065
200416,hold,285603,303147,411250
200476,hold,292678,307209,400112
200536,hold,283792,296369,419839
200596,hold,291533,311254,397213
200656,hold,286404,303378,410218
200716,hold,288453,302619,408928
200776,hold,292793,306127,401080
200836,hold,286038,304156,409806
200896,hold,299703,313697,386600
200956,hold,287907,306260,405833
201016,hold,291921,306497,401582
201076,hold,285945,307630,406425
201136,hold,284401,300151,415448
201196,hold,279285,302207,418508
201256,hold,290875,309920,399206
201316,hold,290192,299874,409935
201376,hold,283044,305198,411758
201436,hold,285684,304685,409631
201496,hold,286843,303078,410079
201556,hold,291144,311070,397786
201616,hold,297344,306945,395710
201676,hold,286252,303867,409881
201736,hold,303646,307998,388356
201796,hold,296219,311885,391896
201856,hold,298179,313016,388806
201916,hold,297512,309244,393245
201976,hold,286065,309864,404072
202036,hold,289772,298172,412056
202096,hold,283475,309585,406940
202156,hold,276076,290356,433568
202216,hold,288959,305257,405784
202276,hold,296954,309960,393086
202336,hold,293613,311413,394973
202396,hold,286305,304282,409413
202456,hold,282568,299684,417748
202516,hold,291173,299858,408969
202576,hold,287757,302455,409788
202636,hold,289765,306044,404191
202696,hold,283284,295710,421006
202756,hold,284001,313085,402914
202816,hold,280008,286751,433242
202876,hold,284094,320773,395133
202936,hold,290346,308345,401309
202996,hold,300891,302718,396391
203056,hold,282111,300565,417325
203116,hold,284164,302616,413220
203176,hold,287119,308839,404042
203236,hold,281893,307285,410822
203296,hold,284167,297510,418322
203356,hold,298970,308631,392399
203416,hold,291905,306958,401137
203476,hold,280274,296844,422881
203536,hold,293373,308426,398200
203596,hold,289534,304959,405507
203656,hold,279083,295594,425323
203716,hold,278655,292499,428846
203776,hold,292764,308921,398315
203836,hold,285568,302213,412219
203896,hold,285504,288007,426489
203956,hold,287018,315820,397163
204016,hold,288651,309443,401906
204076,hold,307265,305582,387153
204136,hold,303090,303705,393205
204196,hold,292845,308325,398829
204256,hold,279362,303171,417467
204316,hold,293802,303785,402412
204376,hold,287581,295318,417101
204436,hold,293044,307910,399046
204496,hold,290663,308779,400558
204556,hold,283622,305181,411197
204616,hold,285991,305932,408076
204676,hold,280871,294527,424602
204736,hold,286625,298781,414594
204796,hold,292573,314288,393139
204856,hold,287251,295142,417607
204916,hold,296345,313855,389800
204976,hold,280970,299482,419548
205036,hold,286059,299024,414916
205096,hold,285750,306334,407916
205156,hold,292560,304453,402986
205216,hold,287170,304361,408469
205276,hold,288894,309746,401359
205336,hold,284133,299048,416819
205396,hold,289813,309464,400723
205456,hold,278177,293477,428346
205516,hold,288987,302869,408144
205576,hold,278760,296719,424521
205636,hold,277349,294354,428297
205696,hold,288614,308278,403109
205756,hold,283514,315834,400652
205816,hold,295570,304292,400137
205876,hold,287508,311531,400961
205936,hold,291077,301697,407226
205996,hold,292909,309794,397297
206056,hold,298208,303970,397822
206116,hold,281049,310305,408646
206176,hold,277534,308407,414059
206236,hold,279349,318226,402425
206296,hold,287628,310238,402134
206356,hold,302621,315522,381857
206416,hold,285556,306621,407823
206476,hold,292262,311982,395756
206536,hold,278612,309116,412272
206596,hold,283834,299134,417032
206656,hold,284340,301412,414249
206716,hold,282473,300504,417023
206776,hold,298291,314093,387616
206836,hold,286358,310720,402922
206896,hold,280286,296280,423434
206956,hold,290189,310746,399065
207016,hold,289783,307284,402934
207076,hold,299764,306786,393450
207136,hold,301678,307575,390747
207196,hold,285908,299266,414825
207256,hold,280720,283969,435311
207316,hold,292273,307534,400194
207376,hold,284306,309132,406562
207436,hold,283771,304833,411396
207496,hold,289864,299592,410544
207556,hold,299357,307120,393523
207616,hold,283397,297754,418849
207676,hold,286198,300733,413068
207736,hold,291385,305644,402970
207796,hold,302686,312862,384453
207856,hold,291969,303540,404491
207916,hold,285567,306324,408109
207976,hold,293866,300776,405358
208036,hold,289076,309974,400950
208096,hold,304402,304788,390810
208156,hold,293415,313771,392813
208216,hold,285850,313927,400223
208276,hold,293392,318659,387949
208336,hold,285993,303532,410475
208396,hold,284935,302719,412346
208456,hold,288336,302087,409577
208516,hold,289942,322351,387707
208576,hold,286438,301824,411738
208636,hold,284240,304524,411237
208696,hold,298347,304654,397000
208756,hold,284484,300969,414546
208816,hold,299213,308794,391993
208876,hold,280569,293509,425922
208936,hold,280994,301014,417992
208996,hold,297276,297399,405326
209056,hold,284325,295111,420563
209116,hold,284028,306567,409405
209176,hold,296720,303783,399497
209236,hold,278862,294140,426998
209296,hold,290062,306795,403143
209356,hold,283964,299110,416926
209416,hold,285095,293688,421217
209476,hold,288598,303434,407969
209536,hold,288559,302785,408657
209596,hold,292008,319632,388360
209656,hold,288525,296694,414781
209716,hold,292280,315527,392193
209776,hold,286142,298889,414969
209836,hold,297596,307134,395270
209896,hold,287673,303629,408698
209956,hold,300384,308548,391068
210016,hold,288655,313043,398303
210076,hold,290095,312661,397244
210136,hold,292223,305850,401927
210196,hold,283643,293511,422846
210256,hold,290637,307757,401607
210316,hold,287174,305310,407516
210376,hold,304991,307176,387833
210436,hold,286064,297888,416048
210496,hold,291479,301829,406692
210556,hold,282988,303411,413601
210616,hold,300662,305634,393704
210676,hold,308837,306159,385005
210736,hold,281589,306790,411622
210796,hold,283761,300110,416128
210856,hold,303799,311872,384329
210916,hold,287805,309437,402758
210976,hold,292558,304319,403123
211036,hold,287884,312422,399693
211096,hold,283828,304384,411788
211156,hold,284410,296882,418708
211216,hold,301675,301668,396657
211276,hold,305093,304707,390200
211336,hold,292224,302571,405205
211396,hold,295917,308511,395572
211456,hold,293579,305794,400627
211516,hold,290743,315072,394185
211576,hold,290963,302357,406680
211636,hold,296895,312379,390725
211696,hold,290728,307383,401888
211756,hold,289133,303622,407245
211816,hold,294134,308762,397105
211876,hold,289030,310693,400277
211936,hold,303867,306397,389735
211996,hold,287612,309273,403115
212056,hold,295840,309414,394746
212116,hold,283075,301654,415272
212176,hold,290289,302130,407581
212236,hold,286219,302783,410997
212296,hold,293809,306095,400096
212356,hold,288857,311043,400100
212416,hold,300529,307464,392007
212476,hold,283936,295837,420227
212536,hold,293343,302191,404466
212596,hold,289915,307858,402227
212656,hold,294296,304412,401293
212716,hold,298942,311141,389917
212776,hold,295588,306535,397877
212836,hold,282948,304590,412463
212896,hold,302160,300480,397360
212956,hold,288578,306190,405232
213016,hold,297587,308327,394086
213076,hold,290629,314204,395166
213136,hold,290517,307934,401549
213196,hold,291778,314942,393280
213256,hold,288465,301570,409965
213316,hold,283175,300378,416447
213376,hold,292991,304997,402012
213436,hold,284958,305649,409393
213496,hold,292544,307151,400305
213556,hold,283470,316573,399957
213616,hold,292435,313018,394547
213676,hold,299128,308944,391928
213736,hold,296587,309755,393659
213796,hold,290934,309237,399829
213856,hold,292330,309258,398412
213916,hold,286622,305706,407672
213976,hold,290867,304624,404509
214036,hold,292100,312732,395168
214096,hold,288414,304356,407230
214156,hold,291813,303597,404590
214216,hold,286327,306560,407112
214276,hold,288645,307564,403791
214336,hold,296096,306920,396984
214396,hold,288960,309393,401647
214456,hold,278135,301749,420116
214516,hold,284746,307112,408142
214576,hold,295829,312145,392026
214636,hold,286379,303893,409728
214696,hold,292153,309416,398431
214756,hold,287036,300852,412112
214816,hold,295836,311216,392949
214876,hold,290567,304653,404780
214936,hold,285243,308749,406008
214996,hold,291292,303796,404912
215056,hold,285334,307436,407230
215116,hold,286129,296526,417345
215176,hold,285077,295976,418947
215236,hold,289237,304540,406222
215296,hold,296799,296159,407042
215356,hold,280534,297448,422018
215416,hold,311542,307767,380691
215476,hold,299097,322487,378416
215536,hold,280057,302404,417539
215596,hold,286986,305304,407709
215656,hold,285873,313805,400322
215716,hold,295707,301344,402949
215776,hold,304836,305950,389214
215836,hold,292126,305869,402006
215896,hold,284345,308614,407041
215956,hold,293746,310477,395777
216016,hold,280918,297238,421843
216076,hold,292495,303249,404256
216136,hold,294732,305080,400188
216196,hold,287597,305768,406635
216256,hold,289779,297925,412296
216316,hold,279609,299864,420527
216376,hold,286516,300789,412696
216436,hold,282708,302728,414564
216496,hold,286722,300899,412379
216556,hold,285000,303245,411754
216616,hold,298082,304912,397006
216676,hold,296443,311108,392449
216736,hold,295041,306735,398224
216796,hold,288718,307893,403389
216856,hold,290655,304977,404367
216916,hold,299304,302559,398137
216976,hold,289453,308187,402361
217036,hold,301028,298605,400367
217096,hold,281029,303733,415238
217156,hold,293107,302169,404725
217216,hold,290374,312142,397484
217276,hold,290287,301837,407876
217336,hold,282473,304174,413353
217396,hold,296246,309764,393990
217456,hold,283134,303143,413723
217516,hold,309315,307439,383245
217576,hold,291368,299794,408838
217636,hold,291972,299095,408933
217696,hold,304832,306385,388783
217756,hold,299303,311334,389363
217816,hold,291470,309543,398987
217876,hold,295267,317539,387195
217936,hold,295273,309559,395168
217996,hold,285317,303779,410904
218056,hold,274747,298863,426390
218116,hold,289533,298151,412316
218176,hold,293724,307050,399226
218236,hold,296750,311478,391772
218296,hold,287402,305743,406854
218356,hold,291528,308966,399506
218416,hold,275227,298779,425994
218476,hold,287270,304988,407742
218536,hold,287603,309857,402541
218596,hold,293754,305434,400812
218656,hold,296144,299357,404499
218716,hold,298980,313850,387169
218776,hold,286707,315337,397956
218836,hold,292010,309124,398866
218896,hold,283009,301230,415761
218956,hold,296383,306515,397102
219016,hold,300770,308718,390511
219076,hold,284873,304021,411106
219136,hold,300487,306094,393418
219196,hold,276562,286066,437372
219256,hold,277450,289425,433125
219316,hold,289566,305857,404577
219376,hold,282028,294241,423731
219436,hold,280092,303784,416124
219496,hold,289623,307194,403184
219556,hold,285808,305234,408957
219616,hold,280743,294804,424453
219676,hold,291702,301031,407267
219736,hold,297286,303991,398723
219796,hold,294858,305021,400122
219856,hold,287655,320840,391505
219916,hold,295713,311443,392845
219976,hold,298642,308621,392737
220036,hold,279165,292168,428667
220096,hold,298748,308392,392860
220156,hold,281640,297961,420399
220216,hold,288875,313721,397404
220276,hold,286365,303181,410454
220336,hold,282106,297404,420490
220396,hold,285836,305348,408816
220456,hold,285972,307558,406470
220516,hold,281869,295714,422417
220576,hold,283473,299773,416754
220636,hold,290385,310132,399483
220696,hold,289973,315909,394119
220756,hold,284679,310393,404928
220816,hold,282686,301543,415771
220876,hold,293681,302956,403363
220936,hold,283138,301649,415213
220996,hold,288422,315580,395998
221056,hold,288897,306364,404739
221116,hold,299245,314442,386314
221176,hold,294577,304424,400999
221236,hold,286157,305127,408716
221296,hold,304419,310298,385283
221356,hold,286055,303425,410520
221416,hold,286689,312188,401123
221476,hold,302930,305166,391904
221536,hold,282627,300356,417017
221596,hold,286389,306122,407489
221656,hold,295424,298700,405875
221716,hold,291969,306634,401397
221776,hold,290100,304484,405417
221836,hold,287723,308437,403841
221896,hold,283199,304597,412204
221956,hold,290628,295538,413835
222016,hold,283471,292819,423710
222076,hold,296977,310091,392932
222136,hold,287147,299355,413498
222196,hold,279185,296167,424648
222256,hold,282836,302600,414565
222316,hold,300302,311006,388691
222376,hold,294970,310864,394166
222436,hold,290852,311697,397451
222496,hold,289752,310928,399319
222556,hold,288532,301788,409680
222616,hold,300682,299999,399319
222676,hold,300236,308294,391470
222736,hold,292936,300582,406482
222796,hold,293241,311276,395482
222856,hold,285854,308361,405786
222916,hold,280724,318208,401068
222976,hold,287895,302399,409706
223036,hold,290708,314453,394839
223096,hold,292218,304018,403764
223156,hold,288549,298853,412598
223216,hold,288711,307237,404052
223276,hold,290820,305016,404164
223336,hold,287110,306586,406304
223396,hold,280390,299580,420030
223456,hold,297428,316688,385883
223516,hold,287116,306975,405909
223576,hold,294865,310431,394703
223636,hold,299500,307549,392951
223696,hold,284665,301797,413538
223756,hold,290215,304885,404900
223816,hold,282093,301252,416655
223876,hold,281752,302896,415353
223936,hold,290516,309986,399499
223996,hold,281317,302577,416106
224056,hold,289038,309468,401493
224116,hold,276221,300408,423371
224176,hold,291487,315121,393392
224236,hold,292324,302197,405479
224296,hold,285390,300892,413718
224356,hold,287182,298233,414586
224416,hold,281326,300973,417701
224476,hold,288793,303471,407736
224536,hold,280292,294471,425237
224596,hold,291264,314198,394538
224656,hold,286482,301971,411548
224716,hold,279159,290163,430678
224776,hold,286500,307847,405653
224836,hold,305495,307403,387102
224896,hold,301430,308253,390316
224956,hold,290963,309260,399777
225016,hold,291452,301667,406880
225076,hold,293485,320458,386056
225136,hold,296546,304727,398727
225196,hold,294374,308218,397409
225256,hold,299443,309688,390868
225316,hold,291589,304405,404006
225376,hold,283911,305921,410167
225436,hold,286544,297162,416294
225496,hold,287831,312448,399721
225556,hold,290940,306887,402173
225616,hold,281704,304655,413641
225676,hold,292616,298735,408649
225736,hold,291600,310782,397618
225796,hold,293047,295858,411096
225856,hold,294109,310659,395233
225916,hold,287398,300926,411676
225976,hold,291515,302467,406019
226036,hold,283618,303210,413172
226096,hold,285918,314338,399744
226156,hold,285640,302360,412000
226216,hold,294014,302738,403248
226276,hold,294971,306082,398947
226336,hold,281559,297256,421186
226396,hold,286704,300487,412809
226456,hold,287615,305611,406774
226516,hold,289437,304356,406206
226576,hold,279098,292328,428574
226636,hold,296453,308086,395461
226696,hold,297112,304256,398632
226756,hold,289034,314573,396393
226816,hold,289102,298232,412666
226876,hold,294596,310671,394733
226936,hold,287274,304246,408479
226996,hold,287232,304801,407967
227056,hold,286981,311461,401558
227116,hold,292454,307727,399819
227176,hold,293566,300478,405956
227236,hold,280254,319386,400361
227296,hold,287793,309054,403153
227356,hold,291925,304615,403460
227416,hold,292675,307375,399949
227476,hold,285019,308938,406044
227536,hold,292441,304784,402775
227596,hold,282928,303873,413199
227656,hold,287312,318731,393957
227716,hold,256219,276456,467325
227776,hold,286715,306200,407085
227836,hold,291248,313341,395411
227896,hold,289252,309564,401184
227956,hold,301663,310680,387657
228016,hold,301049,306553,392398
228076,hold,289664,294490,415847
228136,hold,280714,299840,419447
228196,hold,289604,313622,396774
228256,hold,290289,313203,396508
228316,hold,283832,298934,417234
228376,hold,284212,312736,403052
228436,hold,290439,312980,396582
228496,hold,281049,313673,405277
228556,hold,296710,307275,396015
228616,hold,299185,302616,398198
228676,hold,290556,307904,401540
228736,hold,300308,320502,379190
228796,hold,281769,301830,416401
228856,hold,288785,289722,421494
228916,hold,296514,296138,407349
228976,hold,296479,298412,405109
229036,hold,280013,296757,423230
229096,hold,297851,312878,389271
229156,hold,271923,293742,434335
229216,hold,283191,303133,413676
229276,hold,289657,304113,406230
229336,hold,286038,296499,417464
229396,hold,286307,304437,409256
229456,hold,297199,305003,397798
229516,hold,300003,308388,391608
229576,hold,298999,307920,393081
229636,hold,297462,300491,402048
229696,hold,292338,302870,404792
229756,hold,283159,301699,415143
229816,hold,287979,304590,407431
229876,hold,288022,311540,400438
229936,hold,289494,305829,404677
229996,hold,299262,301877,398861
230056,hold,289348,306885,403767
230116,hold,285300,296663,418037
230176,hold,287976,309997,402027
230236,hold,294900,310304,394796
230296,hold,280721,295958,423321
230356,hold,280134,310119,409747
230416,hold,292441,312147,395412
230476,hold,297130,305358,397512
230536,hold,284274,304356,411369
230596,hold,290231,304547,405222
230656,hold,282875,295832,421294
230716,hold,289840,308670,401490
230776,hold,290133,306440,403428
230836,hold,297049,321261,381691
230896,hold,286654,307774,405573
230956,hold,295362,308210,396427
231016,hold,286992,309605,403403
231076,hold,286977,311248,401775
231136,hold,293440,304500,402060
231196,hold,296043,308359,395599
231256,hold,285272,303336,411392
231316,hold,276889,294089,429022
231376,hold,295304,305592,399104
231436,hold,292433,309583,397984
231496,hold,292933,297521,409546
231556,hold,284811,305279,409910
231616,hold,288111,305356,406533
231676,hold,289738,310479,399783
231736,hold,290495,315704,393801
231796,hold,299349,306503,394149
231856,hold,286054,302925,411021
231916,hold,303027,315524,381449
231976,hold,295307,310811,393881
232036,hold,293972,308725,397304
232096,hold,296727,299303,403971
232156,hold,283358,299224,417418
232216,hold,285401,296448,418151
232276,hold,297566,306497,395938
232336,hold,298482,300191,401327
232396,hold,298215,305953,395831
232456,hold,287920,303182,408897
232516,hold,291782,304905,403313
232576,hold,288745,315223,396032
232636,hold,288561,316025,395415
232696,hold,288705,301037,410258
232756,hold,287620,304766,407614
232816,hold,289512,303779,406709
232876,hold,289695,314413,395892
232936,hold,284358,296763,418879
232996,hold,293150,304377,402474
233056,hold,289727,304150,406123
233116,hold,299290,311674,389036
233176,hold,292063,295658,412279
233236,hold,291228,307243,401529
233296,hold,291262,310275,398463
233356,hold,296223,308549,395228
233416,hold,288887,300097,411016
233476,hold,295076,302672,402252
233536,hold,291181,295028,413791
233596,hold,292787,322159,385053
233656,hold,281568,298581,419851
233716,hold,289399,311666,398934
233776,hold,275562,293048,431390
233836,hold,282781,298515,418704
233896,hold,284044,303367,412590
233956,hold,287749,298206,414045
234016,hold,295703,308591,395706
234076,hold,286507,312077,401416
234136,hold,281653,307176,411172
234196,hold,291470,307923,400607
234256,hold,292800,301671,405529
234316,hold,290824,309144,400031
234376,hold,287258,304380,408362
234436,hold,296575,307854,395572
234496,hold,292938,299031,408030
234556,hold,296737,306318,396945
234616,hold,290837,300937,408226
234676,hold,290623,307751,401626
234736,hold,281962,309950,408088
234796,hold,295165,302512,402323
234856,hold,288875,301812,409314
234916,hold,284495,303676,411829
234976,hold,288121,310070,401809
235036,hold,283679,302038,414284
235096,hold,299410,295410,405180
235156,hold,293225,305361,401414
235216,hold,286804,302915,410281
235276,hold,306096,304933,388971
235336,hold,288524,300993,410482
235396,hold,281728,300944,417328
235456,hold,293708,306654,399638
235516,hold,285271,289903,424826
235576,hold,287425,286276,426299
235636,hold,281086,305163,413750
235696,hold,291219,299471,409310
235756,hold,286198,302814,410988
235816,hold,284456,297855,417690
235876,hold,290871,310152,398978
235936,hold,287054,309084,403861
235996,hold,292302,305152,402546
236056,hold,286806,313443,399752
236116,hold,294229,311567,394204
236176,hold,286394,304955,408651
236236,hold,285624,307355,407021
236296,hold,281359,308641,410000
236356,hold,288971,313480,397549
236416,hold,295004,297732,407264
236476,hold,287602,311865,400533
236536,hold,288314,312229,399458
236596,hold,290175,305772,404053
236656,hold,299561,305141,395298
236716,hold,285741,298309,415950
236776,hold,285653,313632,400715
236836,hold,286229,316102,397669
236896,hold,286985,292659,420355
236956,hold,287919,310383,401698
237016,hold,288574,312354,399072
237076,hold,285829,300748,413423
237136,hold,292104,303455,404441
237196,hold,294005,306960,399035
237256,hold,287965,306751,405284
237316,hold,290012,302488,407500
237376,hold,293191,306487,400321
237436,hold,286428,303607,409965
237496,hold,293602,318357,388041
237556,hold,282795,307203,410002
237616,hold,294874,309304,395822
237676,hold,283517,302507,413976
237736,hold,288699,302773,408528
237796,hold,290424,304629,404947
237856,hold,289549,311098,399353
237916,hold,287846,285753,426401
237976,hold,295996,307321,396683
238036,hold,300442,311207,388350
238096,hold,294322,308933,396745
238156,hold,270429,304004,425567
238216,hold,290794,307611,401596
238276,hold,293999,309946,396055
238336,hold,296155,317378,386467
238396,hold,286400,300785,412814
238456,hold,288937,301470,409592
238516,hold,280255,297593,422151
238576,hold,281137,297569,421293
238636,hold,292777,307463,399761
238696,hold,276649,289010,434342
238756,hold,290257,307135,402608
238816,hold,289210,300918,409872
238876,hold,294969,308154,396877
238936,hold,303148,306486,390366
238996,hold,295826,313840,390334
239056,hold,303642,301627,394731
239116,hold,286495,307097,406408
239176,hold,293328,305353,401319
239236,hold,306422,302152,391426
239296,hold,298835,309227,391938
239356,hold,287900,299945,412155
239416,hold,294877,305904,399219
239476,hold,281723,299495,418782
239536,hold,286125,302848,411026
239596,hold,285760,318684,395556
239656,hold,291195,302778,406028
239716,hold,288019,312494,399486
239776,hold,292571,303360,404069
239836,hold,286590,300545,412866
239896,hold,283557,295734,420709
239956,hold,282978,311268,405754
240016,hold,287202,304010,408789
240076,hold,295794,312661,391545
240136,hold,280326,306454,413220
240196,hold,292100,310257,397644
240256,hold,282849,295492,421659
240316,hold,292891,302162,404947
240376,hold,287672,308708,403621
240436,hold,284430,302511,413059
240496,hold,285025,302870,412105
240556,hold,284337,304087,411576
240616,hold,285990,305117,408893
240676,hold,290660,305840,403500
240736,hold,292455,307118,400426
240796,hold,289122,306059,404819
240856,hold,280007,296920,423073
240916,hold,289917,306050,404032
240976,hold,283485,300116,416399
241036,hold,271986,295261,432754
241096,hold,289854,307246,402900
241156,hold,304284,304833,390883
241216,hold,292611,307588,399801
241276,hold,295165,301684,403150
241336,hold,297481,312042,390477
241396,hold,285370,299931,414699
241456,hold,289160,305562,405278
241516,hold,285199,304757,410044
241576,hold,291782,312320,395898
241636,hold,294379,305007,400614
241696,hold,282882,305342,411776
241756,hold,288129,298008,413863
241816,hold,284971,303609,411420
241876,hold,298360,302687,398952
241936,hold,287898,308347,403755
241996,hold,294734,304801,400465
242056,hold,295171,304559,400270
242116,hold,294992,307206,397802
242176,hold,291765,304101,404135
242236,hold,288521,319148,392331
242296,hold,284603,304015,411382
242356,hold,294224,323729,382047
242416,hold,286289,303997,409714
242476,hold,291480,310284,398236
242536,hold,288451,306024,405525
242596,hold,293496,303424,403080
242656,hold,288784,301700,409516
242716,hold,280897,300288,418815
242776,hold,294160,315177,390663
242836,hold,282679,298729,418592
242896,hold,276279,299325,424396
242956,hold,290776,306239,402985
243016,hold,291296,307841,400863
243076,hold,289533,292591,417876
243136,hold,288391,297358,414251
243196,hold,292691,316031,391278
243256,hold,287421,303859,408719
243316,hold,297277,319894,382829
243376,hold,289997,308014,401989
243436,hold,291403,301901,406696
243496,hold,284908,303628,411463
243556,hold,292434,308601,398965
243616,hold,288391,304611,406998
243676,hold,288666,298262,413071
243736,hold,295234,304550,400216
243796,hold,286749,307200,406050
243856,hold,286290,304434,409276
243916,hold,288672,299962,411366
243976,hold,299209,300109,400682
244036,hold,293189,306881,399929
244096,hold,288992,305472,405536
244156,hold,287333,305126,407541
244216,hold,291332,300950,407718
244276,hold,298454,304429,397117
244336,hold,284103,289032,426865
244396,hold,297111,312829,390060
244456,hold,289866,310274,399860
244516,hold,284870,302804,412325
244576,hold,302601,306456,390943
244636,hold,292225,296907,410869
244696,hold,279444,300078,420477
244756,hold,293349,314473,392178
244816,hold,269985,286108,443907
244876,hold,282983,295019,421998
244936,hold,287252,308822,403926
244996,hold,297383,305539,397078
245056,hold,285328,311687,402985
245116,hold,297136,304151,398713
245176,hold,290253,300461,409286
245236,hold,292294,306568,401138
245296,hold,296403,306829,396768
245356,hold,279646,304601,415753
245416,hold,286661,299746,413593
245476,hold,285442,298559,415999
245536,hold,280568,299526,419906
245596,hold,281089,292214,426697
245656,hold,283817,288653,427529
245716,hold,291090,300177,408733
245776,hold,276781,292638,430581
245836,hold,286396,306666,406938
245896,hold,284622,294336,421041
245956,hold,280127,304320,415553
246016,hold,294487,304715,400797
246076,hold,292767,298185,409049
246136,hold,283446,297872,418682
246196,hold,292182,305169,402649
246256,hold,296736,308276,394988
246316,hold,284344,305142,410513
246376,hold,281917,303872,414212
246436,hold,298464,314363,387173
246496,hold,277010,293603,429387
246556,hold,295136,314219,390645
246616,hold,292826,306409,400764
246676,hold,286625,309646,403728
246736,hold,286261,307235,406504
246796,hold,291480,322469,386051
246856,hold,283191,304698,412111
246916,hold,302446,292223,405331
246976,hold,280081,309913,410006
247036,hold,284299,304200,411501
247096,hold,279932,283794,436274
247156,hold,286532,308656,404811
247216,hold,296649,318172,385179
247276,hold,280906,299993,419101
247336,hold,293522,298972,407506
247396,hold,281125,307361,411515
247456,hold,276920,294874,428206
247516,hold,281379,299662,418959
247576,hold,280967,299898,419135
247636,hold,288239,302277,409483
247696,hold,294004,306999,398997
247756,hold,297382,314736,387882
247816,hold,286099,304552,409349
247876,hold,288614,309131,402255
247936,hold,293540,309452,397008
247996,hold,295925,308902,395173
248056,hold,285945,306724,407331
248116,hold,296914,307277,395809
248176,hold,286154,298355,415491
248236,hold,291816,297662,410521
248296,hold,282957,295188,421855
248356,hold,300160,307444,392396
248416,hold,284649,297752,417599
248476,hold,281658,295953,422389
248536,hold,285375,296641,417985
248596,hold,289683,305688,404629
248656,hold,290125,312093,397782
248716,hold,282394,300206,417400
248776,hold,292709,303313,403978
248836,hold,286131,308042,405827
248896,hold,290693,305314,403993
248956,hold,290852,299650,409498
249016,hold,294790,305697,399513
249076,hold,296866,303304,399831
249136,hold,290349,299173,410478
249196,hold,291952,311673,396375
249256,hold,285125,308645,406230
249316,hold,309614,294509,395878
249376,hold,292607,309040,398353
249436,hold,284172,336734,379094
249496,hold,299001,306628,394372
249556,hold,287044,303652,409304
249616,hold,300159,311001,388840
249676,hold,293863,306018,400119
249736,hold,291201,305993,402806
249796,hold,288242,296807,414951
249856,hold,291827,305064,403108
249916,hold,298150,307207,394643
249976,hold,298940,302881,398179
250036,hold,290023,309538,400438
250096,hold,286396,305966,407638
250156,hold,289387,304093,406520
250216,hold,299326,305604,395070
250276,hold,290498,311651,397851
250336,hold,293756,300571,405674
250396,hold,296867,307814,395319
250456,hold,283636,301583,414782
250516,hold,277345,302661,419994
250576,hold,283948,306019,410033
250636,hold,283322,301550,415128
250696,hold,291768,304095,404138
250756,hold,289577,307690,402733
250816,hold,294800,306933,398268
250876,hold,295072,306810,398119
250936,hold,290015,308394,401591
250996,hold,287285,306454,406262
251056,hold,290528,304692,404779
251116,hold,295144,307816,397040
251176,hold,278891,295112,425996
251236,hold,301217,303866,394918
251296,hold,292248,308720,399032
251356,hold,297512,305466,397021
251416,hold,301305,304477,394218
251476,hold,290718,305953,403330
251536,hold,298392,307807,393801
251596,hold,283800,302154,414046
251656,hold,291206,302590,406204
251716,hold,292134,311910,395956
251776,hold,302911,306892,390197
251836,hold,281845,303683,414472
251896,hold,286981,301009,412010
251956,hold,284680,302513,412807
252016,hold,289301,307662,403038
252076,hold,296386,312665,390949
252136,hold,288520,304753,406727
252196,hold,287108,303915,408977
252256,hold,292653,312123,395224
252316,hold,279742,305726,414532
252376,hold,294502,317778,387721
252436,hold,293170,304742,402087
252496,hold,276572,296639,426789
252556,hold,285794,313724,400482
252616,hold,297732,306342,395926
252676,hold,281327,302013,416660
252736,hold,295520,298790,405691
252796,hold,292027,311983,395990
252856,hold,284012,304232,411756
252916,hold,284718,306099,409184
252976,hold,289016,306280,404703
253036,hold,296741,307430,395829
253096,hold,303114,309929,386957
253156,hold,285400,304227,410373
253216,hold,294855,304861,400284
253276,hold,288987,307225,403788
253336,hold,287328,304424,408249
253396,hold,294658,303501,401841
253456,hold,296464,313957,389579
253516,hold,274943,295792,429265
253576,hold,285112,308485,406403
253636,hold,285875,297462,416663
253696,hold,291437,314230,394333
253756,hold,283556,299751,416694
253816,hold,289854,305396,404750
253876,hold,286981,302023,410997
253936,hold,292115,306131,401754
253996,hold,292054,307924,400022
254056,hold,290410,308440,401151
254116,hold,284051,299468,416481
254176,hold,285261,300678,414061
254236,hold,279099,327991,392911
254296,hold,306105,315224,378671
254356,hold,280627,299453,419921
254416,hold,298610,314438,386952
254476,hold,293029,310894,396077
254536,hold,293717,309371,396912
254596,hold,298090,302738,399172
254656,hold,289556,301159,409285
254716,hold,287877,302876,409248
254776,hold,294973,303479,401548
254836,hold,290401,302405,407194
254896,hold,287207,304220,408573
254956,hold,297909,310965,391126
255016,hold,293166,301335,405500
255076,hold,291664,305351,402985
255136,hold,289609,306674,403717
255196,hold,297231,312145,390624
255256,hold,291838,305947,402216
255316,hold,287462,301073,411465
255376,hold,289193,302866,407941
255436,hold,308843,313909,377248
255496,hold,289820,307746,402434
255556,hold,290788,311628,397584
255616,hold,276894,291579,431527
255676,hold,296021,311375,392604
255736,hold,290528,302187,407285
255796,hold,288931,306126,404943
255856,hold,277250,312710,410040
255916,hold,284892,299112,415996
255976,hold,301834,309396,388769
256036,hold,296279,304386,399335
256096,hold,303387,306456,390157
256156,hold,286525,308433,405042
256216,hold,291959,313920,394121
256276,hold,286446,304131,409423
256336,hold,290606,298595,410799
256396,hold,283391,299995,416615
256456,hold,297545,305776,396679
256516,hold,289085,324622,386293
256576,hold,285537,301981,412482
256636,hold,296880,310171,392949
256696,hold,292921,301980,405099
256756,hold,283037,302651,414312
256816,hold,281029,296832,422139
256876,hold,285262,304376,410362
256936,hold,272980,278846,448174
256996,hold,277965,295894,426142
257056,hold,290054,315163,394783
257116,hold,283221,303652,413126
257176,hold,275469,294704,429828
257236,hold,286378,313363,400259
257296,hold,284691,297496,417812
257356,hold,295969,303635,400396
257416,hold,294417,314397,391186
257476,hold,282867,295566,421567
257536,hold,283116,302042,414841
257596,hold,301983,300941,397076
257656,hold,279379,303153,417468
257716,hold,281486,319613,398901
257776,hold,288192,310862,400946
257836,hold,288409,327083,384508
257896,hold,284359,298035,417606
257956,hold,290568,294394,415038
258016,hold,286007,314825,399168
258076,hold,292350,316248,391403
258136,hold,293882,316885,389233
258196,hold,270090,320405,409505
258256,hold,291756,308613,399632
258316,hold,290186,324016,385798
258376,hold,286788,312269,400944
258436,hold,278758,303183,418059
258496,hold,292341,318400,389260
258556,hold,279153,292982,427865
258616,hold,290510,303325,406165
258676,hold,293279,304867,401854
258736,hold,285364,293600,421036
258796,hold,295708,308573,395719
258856,hold,283124,302652,414224
258916,hold,280757,300051,419192
258976,hold,295198,299346,405456
259036,hold,296534,307146,396321
259096,hold,294770,309187,396043
259156,hold,287977,301838,410185
259216,hold,297947,307882,394171
259276,hold,293518,302974,403509
259336,hold,290828,307874,401298
259396,hold,279974,294325,425701
259456,hold,291940,308305,399754
259516,hold,300915,308167,390918
259576,hold,289530,304491,405979
259636,hold,292826,310118,397056
259696,hold,286568,296438,416994
259756,hold,291729,307508,400763
259816,hold,283985,303732,412283
259876,hold,281805,303740,414455
259936,hold,298344,302296,399360
259996,hold,291855,314971,393174
260056,hold,296895,302148,400958
260116,hold,290518,306698,402784
260176,hold,282992,321533,395475
260236,hold,289338,307593,403069
260296,hold,291090,301129,407781
260356,hold,296660,301543,401797
260416,hold,287960,307584,404456
260476,hold,286754,300916,412330
260536,hold,293099,310050,396850
260596,hold,282837,299215,417947
