sequence,action,long_probability_ppm,short_probability_ppm,hold_probability_ppm
16,hold,352188,249743,398069
76,hold,352948,265895,381157
136,hold,274022,307237,418740
196,hold,246287,265515,488198
256,hold,217410,273788,508801
316,hold,240267,228475,531258
376,hold,225624,191809,582567
436,hold,187540,192599,619861
496,hold,206125,212634,581241
556,hold,338604,315469,345927
616,hold,281290,251562,467149
676,hold,287380,232986,479635
736,hold,228185,207325,564490
796,hold,233575,216605,549820
856,hold,332337,277952,389711
916,hold,322062,385511,292427
976,hold,209947,267591,522462
1036,hold,272413,316508,411079
1096,hold,238134,221236,540629
1156,hold,291392,338737,369871
1216,hold,374518,282036,343445
1276,hold,260271,240950,498778
1336,hold,265529,276173,458299
1396,hold,244528,270455,485017
1456,hold,296698,240638,462664
1516,hold,528556,265197,206247
1576,hold,287324,276092,436584
1636,hold,333943,284298,381759
1696,hold,259556,262480,477965
1756,hold,280854,330207,388940
1816,hold,229649,256078,514273
1876,hold,287329,275471,437201
1936,hold,313584,334499,351916
1996,hold,322430,303190,374380
2056,hold,273535,328058,398407
2116,hold,281838,313818,404344
2176,hold,280571,252506,466923
2236,hold,396827,329034,274139
2296,hold,292028,357199,350773
2356,hold,436248,520166,43586
2416,hold,551985,340673,107342
2476,hold,483601,336553,179846
2536,hold,388246,333325,278429
2596,hold,401506,305759,292735
2656,hold,402536,392658,204806
2716,hold,308581,301420,389998
2776,hold,268380,340947,390673
2836,hold,254601,284334,461066
2896,hold,178533,194768,626699
2956,hold,246201,307821,445979
3016,hold,392663,285758,321579
3076,hold,199491,266069,534440
3136,hold,218230,206015,575755
3196,hold,253044,307760,439196
3256,hold,212679,220454,566866
3316,hold,221365,318287,460349
3376,hold,301146,263580,435273
3436,hold,311288,232825,455887
3496,hold,273234,219114,507652
3556,hold,185776,192161,622063
3616,hold,279949,277785,442266
3676,hold,317690,345390,336920
3736,hold,316729,313205,370067
3796,hold,421163,494038,84799
3856,hold,363481,329289,307230
3916,hold,417064,305133,277803
3976,hold,391812,307218,300970
4036,hold,378038,329554,292408
4096,hold,259673,333966,406360
4156,hold,256447,321890,421662
4216,hold,212947,229481,557572
4276,hold,230791,232313,536896
4336,hold,220788,225353,553859
4396,hold,259306,302195,438499
4456,hold,219410,216413,564177
4516,hold,247769,279544,472687
4576,hold,219844,300681,479475
4636,hold,193899,183001,623100
4696,hold,166169,181293,652539
4756,hold,255226,282021,462753
4816,hold,179334,191469,629196
4876,hold,292550,355978,351473
4936,hold,276727,239732,483541
4996,hold,197545,208437,594017
5056,hold,199932,211083,588985
5116,hold,233259,233499,533242
5176,hold,215103,235049,549848
5236,hold,265073,288819,446108
5296,hold,337427,300154,362418
5356,hold,225708,210193,564098
5416,hold,263210,278102,458688
5476,hold,311753,206797,481450
5536,hold,212921,222495,564584
5596,hold,209484,243316,547201
5656,hold,233046,275032,491922
5716,hold,219800,282550,497650
5776,hold,289041,279151,431808
5836,hold,248237,238832,512931
5896,hold,185265,186518,628216
5956,hold,158720,167679,673601
6016,hold,194913,212971,592116
6076,hold,161388,178862,659750
6136,hold,188225,170910,640865
6196,hold,157477,162729,679794
6256,hold,325981,289270,384749
6316,hold,247317,218815,533868
6376,hold,245097,275683,479220
6436,hold,182681,185280,632038
6496,hold,246051,223329,530620
6556,hold,204836,200062,595102
6616,hold,263489,308583,427928
6676,hold,298069,348057,353874
6736,hold,313421,283338,403242
6796,hold,179374,258592,562035
6856,hold,278715,333059,388226
6916,hold,293031,277116,429852
6976,hold,232682,203812,563505
7036,hold,292967,317948,389085
7096,hold,184554,193746,621700
7156,hold,201848,287168,510984
7216,hold,258707,272067,469227
7276,hold,282773,332008,385219
7336,hold,294713,298759,406528
7396,hold,275500,261247,463253
7456,hold,286052,295807,418141
7516,hold,268924,224090,506985
7576,hold,367810,279168,353022
7636,hold,300503,314011,385486
7696,hold,214756,224346,560898
7756,hold,237670,254970,507360
7816,hold,259331,318529,422139
7876,hold,270970,231815,497215
7936,hold,334005,320531,345464
7996,hold,382901,344498,272601
8056,hold,385549,511681,102770
8116,hold,353953,488507,157541
8176,hold,303788,365626,330586
8236,hold,389211,408062,202727
8296,hold,378529,352150,269320
8356,hold,422956,287189,289855
8416,hold,272079,263704,464217
8476,hold,356088,290366,353546
8536,hold,270617,293811,435572
8596,hold,276300,291636,432064
8656,hold,279534,301231,419235
8716,hold,324526,334269,341205
8776,hold,225793,210613,563593
8836,hold,229479,259482,511038
8896,hold,240273,232499,527228
8956,hold,215865,198757,585377
9016,hold,274786,200741,524473
9076,hold,212749,229453,557798
9136,hold,200461,305397,494142
9196,hold,165969,190868,643163
9256,hold,299043,288455,412503
9316,hold,260043,239148,500809
9376,hold,308867,294175,396959
9436,hold,259697,238993,501310
9496,hold,299495,279299,421206
9556,long,881803,115735,2461
9616,hold,487712,500008,12280
9676,hold,398715,410571,190714
9736,hold,371864,430981,197155
9796,hold,449172,375276,175552
9856,hold,299425,374192,326383
9916,hold,337226,345513,317261
9976,hold,391820,385001,223179
10036,hold,300326,340103,359571
10096,hold,269387,243155,487459
10156,hold,299894,303193,396912
10216,hold,280728,281519,437753
10276,hold,431212,349166,219622
10336,hold,388483,459173,152343
10396,hold,466696,327894,205410
10456,hold,235848,248319,515833
10516,hold,382641,289104,328255
10576,hold,310563,330591,358845
10636,hold,316664,293158,390178
10696,hold,283487,317760,398753
10756,hold,259492,302552,437957
10816,hold,342969,337910,319121
10876,long,616408,275147,108446
10936,hold,490113,324016,185871
10996,hold,447295,547070,5636
11056,hold,395431,517362,87208
11116,long,652525,263429,84046
11176,hold,436344,519803,43853
11236,hold,545110,387898,66992
11296,hold,428145,392773,179082
11356,hold,355632,419366,225001
11416,hold,302251,303549,394200
11476,hold,270028,270225,459747
11536,hold,275416,243998,480586
11596,hold,326483,255217,418300
11656,short,313566,650764,35670
11716,hold,324087,357741,318172
11776,hold,297955,296618,405427
11836,hold,344603,269000,386397
11896,hold,383584,310846,305570
11956,hold,247091,279701,473208
12016,hold,509801,297215,192984
12076,hold,517350,284131,198519
12136,hold,257301,284552,458147
12196,hold,300829,293456,405715
12256,hold,363254,370870,265876
12316,hold,334266,366994,298740
12376,long,701673,285238,13088
12436,hold,569031,297997,132973
12496,hold,432330,278954,288716
12556,hold,366495,333065,300440
12616,hold,423725,287044,289231
12676,hold,577500,253143,169356
12736,hold,448458,415414,136128
12796,hold,421893,488863,89244
12856,hold,490212,381286,128502
12916,hold,440228,276262,283510
12976,hold,353431,313943,332626
13036,hold,394314,288108,317578
13096,hold,256926,289216,453858
13156,hold,281261,348093,370646
13216,hold,288062,368809,343129
13276,hold,219193,242335,538473
13336,hold,243813,244417,511771
13396,hold,288438,293646,417917
13456,hold,453021,289545,257434
13516,hold,298633,290269,411098
13576,hold,276959,244619,478422
13636,hold,258975,275252,465774
13696,hold,306238,272492,421271
13756,hold,300433,327734,371833
13816,long,719726,279384,890
13876,long,799352,184525,16124
13936,hold,563288,319831,116881
13996,hold,503708,426605,69687
14056,hold,254989,388979,356032
14116,hold,496878,418825,84297
14176,hold,357603,428504,213893
14236,hold,466275,313581,220145
14296,hold,296023,238282,465695
14356,hold,248795,255587,495618
14416,hold,220424,232039,547538
14476,hold,302301,269664,428035
14536,hold,225999,273178,500823
14596,hold,239937,232653,527410
14656,hold,217656,217267,565077
14716,hold,265942,245854,488204
14776,hold,193338,212443,594219
14836,hold,215697,209689,574614
14896,hold,230528,214083,555389
14956,hold,220042,258498,521460
15016,hold,257497,275693,466810
15076,hold,215226,217230,567544
15136,hold,222137,187343,590521
15196,hold,248609,266064,485327
15256,hold,269821,220799,509380
15316,hold,191403,205049,603548
15376,hold,267671,221811,510518
15436,hold,374844,345991,279165
15496,hold,298386,283320,418294
15556,hold,212835,193773,593392
15616,hold,194029,204394,601577
15676,hold,277378,275782,446839
15736,hold,214727,252222,533051
15796,hold,254437,265648,479914
15856,hold,223647,225118,551236
15916,hold,240638,233133,526229
15976,hold,195818,205897,598285
16036,hold,167309,181963,650728
16096,hold,172179,176520,651301
16156,hold,163282,166598,670120
16216,hold,209061,184063,606876
16276,hold,222851,273663,503486
16336,hold,175726,177545,646729
16396,hold,250301,248028,501671
16456,hold,253510,285105,461385
16516,hold,208712,217646,573642
16576,hold,352197,311972,335831
16636,hold,301672,254842,443486
16696,hold,359109,310146,330746
16756,hold,265409,249096,485495
16816,hold,305943,299339,394718
16876,hold,315691,309825,374485
16936,hold,244290,229371,526339
16996,hold,219666,256266,524068
17056,hold,280380,260518,459102
17116,hold,252537,285626,461837
17176,hold,381159,314507,304334
17236,hold,331971,331928,336101
17296,hold,264460,286924,448616
17356,hold,324777,501629,173595
17416,hold,329458,350046,320496
17476,hold,331712,314535,353753
17536,hold,367387,333407,299206
17596,hold,297433,273595,428972
17656,hold,313206,317792,369002
17716,hold,347956,314388,337656
17776,hold,380850,313975,305175
17836,hold,319029,378370,302601
17896,hold,410847,395812,193341
17956,hold,441206,260422,298372
18016,hold,488199,493257,18544
18076,hold,576379,335697,87924
18136,hold,529207,440137,30656
18196,long,800372,180716,18911
18256,hold,529615,457421,12964
18316,hold,587046,367896,45058
18376,hold,423250,451489,125261
18436,hold,424461,499020,76519
18496,hold,390734,423571,185695
18556,hold,434915,346702,218383
18616,hold,550759,260858,188383
18676,hold,342263,356775,300963
18736,hold,289159,238597,472243
18796,hold,418629,325485,255886
18856,hold,326002,345201,328797
18916,hold,334852,382443,282706
18976,hold,245257,255105,499638
19036,hold,357370,290685,351945
19096,hold,274644,256681,468675
19156,hold,265098,283598,451304
19216,hold,309396,425676,264929
19276,hold,393170,373615,233215
19336,hold,196752,343241,460007
19396,hold,328736,330320,340945
19456,hold,300072,340557,359371
19516,hold,375787,323299,300913
19576,hold,421980,518363,59657
19636,hold,477903,400386,121710
19696,hold,537801,373036,89163
19756,hold,452405,418950,128645
19816,hold,358026,363929,278045
19876,hold,485580,294584,219836
19936,hold,562927,295334,141739
19996,hold,354684,339806,305510
20056,hold,265803,288529,445668
20116,hold,192039,215130,592832
20176,hold,410963,310498,278539
20236,hold,363730,422737,213532
20296,hold,341341,433402,225257
20356,hold,335051,300452,364497
20416,hold,293714,385464,320822
20476,hold,365166,378607,256227
20536,hold,212104,205273,582623
20596,hold,313014,280543,406443
20656,hold,290030,337158,372812
20716,hold,276993,260768,462239
20776,hold,273391,289059,437551
20836,hold,275714,282632,441654
20896,hold,265003,282332,452665
20956,hold,268298,273228,458473
21016,hold,296729,433316,269955
21076,hold,383708,535781,80512
21136,hold,394285,371076,234638
21196,hold,383598,358420,257982
21256,hold,489846,254851,255303
21316,hold,247474,295279,457247
21376,hold,304440,416960,278600
21436,hold,275816,316583,407601
21496,hold,263324,227800,508875
21556,hold,284536,221912,493553
21616,hold,331106,525940,142954
21676,hold,473642,337169,189188
21736,hold,296044,341223,362733
21796,hold,278158,319001,402841
21856,hold,275679,303065,421256
21916,hold,225285,275392,499324
21976,hold,210219,206508,583273
22036,hold,304418,277174,418409
22096,hold,230960,220937,548103
22156,hold,370669,281996,347334
22216,hold,329846,286960,383195
22276,hold,397597,451394,151008
22336,hold,349170,305831,345000
22396,hold,441049,353113,205839
22456,hold,454483,335438,210079
22516,hold,407862,431269,160869
22576,hold,292499,381564,325938
22636,hold,423492,459174,117334
22696,hold,305899,429096,265005
22756,hold,332107,309810,358083
22816,hold,382697,329982,287321
22876,hold,393027,431979,174993
22936,hold,298854,288302,412844
22996,hold,300268,298091,401641
23056,hold,291212,293125,415663
23116,hold,259769,269642,470588
23176,hold,502154,347487,150359
23236,hold,452537,250602,296862
23296,hold,249613,261128,489259
23356,hold,340601,323070,336329
23416,hold,277804,250672,471524
23476,hold,326943,258018,415039
23536,hold,305277,320991,373732
23596,hold,339249,302710,358041
23656,hold,362419,341207,296374
23716,hold,260952,247284,491763
23776,hold,339795,314951,345253
23836,hold,285162,278987,435851
23896,hold,430622,299945,269433
23956,hold,265538,571354,163108
24016,hold,553630,414691,31679
24076,hold,352951,377890,269160
24136,hold,424617,371798,203585
24196,hold,352843,333546,313611
24256,hold,381902,400168,217930
24316,hold,306834,336377,356789
24376,hold,313687,341344,344969
24436,hold,284436,272292,443272
24496,hold,280578,241869,477553
24556,hold,298076,345774,356150
24616,hold,292992,240020,466988
24676,hold,238632,235747,525620
24736,hold,469786,305049,225165
24796,hold,327732,400580,271687
24856,hold,382642,375693,241664
24916,hold,351764,419722,228513
24976,hold,507525,361063,131412
25036,hold,406074,273685,320241
25096,hold,470893,338825,190281
25156,hold,271930,288811,439259
25216,hold,341164,290794,368042
25276,hold,343698,368683,287619
25336,hold,344251,296247,359502
25396,hold,368594,322263,309143
25456,hold,345972,410303,243725
25516,hold,582518,349086,68396
25576,hold,314458,326324,359219
25636,hold,340946,254943,404110
25696,hold,283203,363924,352874
25756,hold,325442,272984,401574
25816,hold,326873,251176,421951
25876,hold,326268,287724,386008
25936,hold,278218,291286,430495
25996,hold,311921,322669,365410
26056,hold,357707,287136,355157
26116,hold,370735,409510,219755
26176,hold,428946,307272,263782
26236,hold,502072,297902,200026
26296,hold,331939,284310,383750
26356,hold,285914,302767,411318
26416,hold,368486,306705,324809
26476,hold,596174,299011,104815
26536,hold,457409,301529,241062
26596,hold,367430,312584,319986
26656,hold,467452,400409,132139
26716,hold,401519,308320,290162
26776,hold,464974,354772,180254
26836,hold,365396,431651,202953
26896,hold,304274,329207,366519
26956,hold,303659,303588,392752
27016,hold,270950,304034,425017
27076,hold,297054,233959,468988
27136,hold,342325,248378,409297
27196,hold,346512,446373,207115
27256,hold,384432,553208,62360
27316,long,669498,320720,9781
27376,hold,559727,438839,1434
27436,long,746390,253165,445
27496,hold,527053,438148,34799
27556,hold,415070,469994,114936
27616,hold,469445,390453,140103
27676,hold,408404,325216,266380
27736,hold,496570,311364,192066
27796,hold,512228,475293,12479
27856,hold,568945,424221,6834
27916,hold,376324,434831,188845
27976,hold,349767,372811,277421
28036,hold,421653,410768,167579
28096,hold,515165,483406,1429
28156,hold,599585,391316,9099
28216,hold,422537,485508,91954
28276,hold,498435,408597,92968
28336,long,602475,390611,6914
28396,long,733720,266280,0
28456,short,367391,632605,5
28516,hold,525289,427413,47298
28576,hold,591486,362946,45568
28636,hold,410949,447979,141071
28696,long,752338,234861,12801
28756,short,331435,650827,17738
28816,hold,477657,495310,27033
28876,hold,490705,498681,10615
28936,hold,442735,555027,2238
28996,hold,368197,554555,77248
29056,hold,414554,468698,116748
29116,hold,436674,506974,56352
29176,long,606232,289780,103988
29236,hold,400693,378681,220626
29296,hold,440123,435422,124456
29356,hold,358759,353742,287499
29416,hold,378455,308668,312877
29476,hold,366904,360855,272241
29536,long,600082,291976,107942
29596,long,684257,262799,52944
29656,hold,594796,279681,125523
29716,hold,570346,343724,85930
29776,short,132117,831834,36050
29836,hold,498544,463068,38388
29896,hold,326156,345091,328753
29956,hold,400095,529386,70518
30016,hold,362420,469281,168298
30076,hold,357790,306072,336138
30136,hold,428416,292533,279051
30196,hold,327105,404804,268090
30256,hold,364266,382274,253460
30316,hold,416769,383778,199453
30376,hold,365403,303009,331588
30436,hold,358231,259999,381770
30496,hold,261104,266999,471897
30556,hold,398183,252754,349063
30616,hold,257541,256369,486090
30676,hold,304899,371329,323772
30736,hold,280615,319144,400241
30796,hold,279974,282480,437546
30856,hold,320654,295430,383916
30916,hold,293737,289682,416581
30976,hold,374849,317099,308052
31036,hold,325058,282046,392896
31096,hold,364173,345233,290594
31156,hold,476814,447678,75508
31216,hold,500307,304972,194721
31276,hold,428829,395735,175436
31336,hold,337287,354077,308636
31396,hold,471448,333728,194824
31456,hold,374621,389700,235679
31516,hold,372524,326077,301399
31576,hold,223839,248696,527464
31636,hold,470433,337423,192145
31696,hold,288506,334947,376547
31756,hold,312866,369289,317845
31816,hold,544894,357637,97468
31876,hold,423556,297620,278824
31936,hold,442985,371162,185853
31996,hold,329894,315420,354686
32056,hold,332988,319491,347521
32116,hold,211327,356551,432121
32176,hold,332790,269561,397648
32236,hold,328489,318323,353188
32296,hold,254824,324828,420348
32356,hold,455517,305899,238585
32416,hold,334832,333362,331806
32476,hold,368079,373945,257976
32536,hold,411637,284113,304250
32596,short,327492,672507,1
32656,short,81296,882160,36544
32716,long,601884,262485,135631
32776,hold,480500,425125,94375
32836,hold,471886,449747,78367
32896,long,745248,254752,0
32956,long,789027,199920,11053
33016,long,705703,238938,55359
33076,hold,440464,354152,205384
33136,hold,249883,319806,430311
33196,hold,338649,341433,319918
33256,hold,370722,312481,316797
33316,hold,321489,348067,330444
33376,long,641754,218579,139667
33436,hold,328457,383883,287660
33496,hold,305585,329247,365169
33556,hold,302278,353743,343980
33616,hold,369741,309541,320718
33676,hold,340245,292149,367607
33736,hold,326689,292137,381175
33796,hold,233659,222403,543938
33856,hold,254154,282381,463466
33916,hold,378086,282129,339785
33976,hold,396833,314137,289031
34036,hold,365648,587889,46464
34096,hold,492522,304909,202569
34156,hold,439633,345421,214946
34216,hold,292393,365809,341798
34276,hold,326540,404064,269396
34336,hold,320551,311957,367493
34396,hold,370298,348993,280709
34456,hold,294810,331431,373758
34516,hold,411361,329871,258768
34576,hold,266763,297873,435364
34636,hold,301737,300811,397452
34696,hold,377316,285231,337453
34756,hold,257126,282333,460542
34816,hold,311880,281063,407056
34876,hold,328627,305813,365560
34936,hold,311704,267364,420931
34996,hold,287858,244170,467972
35056,hold,215526,214399,570075
35116,hold,218780,208976,572244
35176,hold,327358,341018,331624
35236,hold,188859,224188,586953
35296,hold,276990,279884,443125
35356,hold,222276,248370,529355
35416,hold,247166,236415,516418
35476,hold,321157,326438,352404
35536,hold,214020,216586,569394
35596,hold,226687,288757,484556
35656,hold,238178,274572,487250
35716,hold,265677,257326,476996
35776,hold,194423,184570,621007
35836,hold,208157,291675,500168
35896,hold,176791,210831,612378
35956,hold,242462,231115,526424
36016,hold,189742,249670,560587
36076,hold,234815,226153,539032
36136,hold,240803,207218,551979
36196,hold,171789,178433,649778
36256,hold,298728,277623,423649
36316,hold,249822,213683,536495
36376,hold,191817,187233,620951
36436,hold,211929,261421,526650
36496,hold,312180,281052,406768
36556,hold,206118,279621,514261
36616,hold,243489,278592,477919
36676,hold,183787,178182,638030
36736,hold,184160,268286,547553
36796,hold,271387,290747,437867
36856,hold,221247,209160,569593
36916,hold,193932,184210,621859
36976,hold,172604,177738,649658
37036,hold,178063,177324,644613
37096,hold,264617,292102,443281
37156,hold,177878,184217,637905
37216,hold,193864,183194,622942
37276,hold,220729,292784,486488
37336,hold,295569,302557,401874
37396,long,674112,280130,45758
37456,hold,484020,476910,39070
37516,hold,592736,307118,100147
37576,hold,534491,330278,135231
37636,hold,476439,383261,140300
37696,hold,291350,363532,345118
37756,hold,542151,331773,126076
37816,hold,439632,462721,97647
37876,hold,562891,317287,119822
37936,hold,413706,566401,19893
37996,hold,507050,280699,212251
38056,hold,369325,424394,206281
38116,hold,452377,458179,89444
38176,hold,471593,284524,243883
38236,hold,455697,420906,123397
38296,long,732601,252897,14502
38356,hold,377393,397706,224902
38416,hold,534622,399583,65795
38476,hold,599647,289427,110927
38536,hold,578262,339628,82110
38596,hold,484818,400239,114942
38656,hold,303665,381016,315319
38716,hold,460994,350334,188672
38776,hold,355104,353304,291592
38836,hold,330831,399800,269369
38896,hold,370382,349488,280131
38956,hold,288143,372250,339606
39016,hold,438358,330814,230828
39076,hold,416515,293501,289984
39136,hold,368295,298505,333200
39196,hold,271650,304906,423444
39256,hold,237109,253605,509286
39316,hold,306657,250460,442884
39376,hold,327671,308129,364200
39436,hold,331250,288825,379926
39496,hold,317058,260164,422779
39556,hold,297183,246582,456235
39616,hold,276370,261680,461949
39676,hold,289764,264423,445813
39736,hold,407517,322671,269813
39796,hold,410124,513460,76417
39856,hold,476380,458302,65318
39916,hold,551792,312956,135252
39976,hold,514446,406893,78661
40036,hold,322675,373583,303743
40096,hold,266427,317225,416347
40156,hold,354673,400619,244708
40216,long,625853,322908,51239
40276,hold,365460,385123,249417
40336,hold,310426,335364,354210
40396,hold,239058,244277,516664
40456,hold,306977,336863,356160
40516,hold,267756,282266,449978
40576,hold,245294,247031,507675
40636,hold,219927,210500,569573
40696,hold,243116,257834,499050
40756,hold,230327,271339,498334
40816,hold,248194,294733,457073
40876,hold,270544,298322,431134
40936,hold,249452,253808,496740
40996,hold,262207,237120,500673
41056,hold,294340,276957,428703
41116,hold,338704,316783,344513
41176,hold,373435,406023,220542
41236,hold,440522,404256,155222
41296,hold,288482,340838,370680
41356,hold,382344,314934,302723
41416,hold,413443,363953,222604
41476,hold,412888,572178,14934
41536,long,677740,263164,59096
41596,hold,398707,529989,71304
41656,hold,351179,364852,283969
41716,hold,530330,266350,203320
41776,hold,289759,362954,347287
41836,hold,438430,297172,264398
41896,hold,353989,333253,312759
41956,hold,353042,290247,356712
42016,hold,252487,293559,453953
42076,hold,318888,301355,379757
42136,hold,230238,232435,537327
42196,hold,290224,292435,417342
42256,hold,234556,291575,473869
42316,hold,321510,297275,381215
42376,hold,279445,239835,480720
42436,hold,272489,236126,491385
42496,hold,218718,239187,542095
42556,hold,452099,250620,297281
42616,hold,306417,343821,349761
42676,hold,275796,441871,282333
42736,hold,517904,351224,130872
42796,hold,304756,333623,361621
42856,hold,286897,294384,418719
42916,hold,300054,358061,341885
42976,hold,323085,293108,383807
43036,hold,313511,292190,394299
43096,hold,189184,192327,618489
43156,hold,244041,231594,524365
43216,hold,414256,351455,234288
43276,hold,220502,228729,550769
43336,hold,240139,257202,502660
43396,hold,283038,322022,394940
43456,hold,259151,293571,447278
43516,hold,306299,243516,450185
43576,hold,223186,212351,564464
43636,hold,231989,212716,555295
43696,hold,268589,285862,445549
43756,hold,309501,262352,428147
43816,hold,235529,211532,552939
43876,hold,315881,315276,368843
43936,hold,239517,240246,520237
43996,hold,310121,307895,381984
44056,hold,387303,322247,290450
44116,hold,422055,437866,140079
44176,hold,335545,470488,193967
44236,hold,424554,346764,228682
44296,hold,312257,262010,425733
44356,hold,565922,259266,174811
44416,hold,400054,332308,267638
44476,hold,384823,401628,213550
44536,hold,237089,271802,491110
44596,hold,272518,262914,464568
44656,hold,324106,325908,349986
44716,hold,259979,266097,473924
44776,hold,244896,213135,541970
44836,hold,258092,286221,455687
44896,hold,243370,304746,451884
44956,hold,287250,277201,435549
45016,hold,160262,174403,665335
45076,hold,203213,209936,586851
45136,hold,249496,272494,478009
45196,hold,256093,292649,451258
45256,hold,299570,316720,383710
45316,hold,273626,221784,504590
45376,hold,315008,278026,406965
45436,hold,158997,166492,674511
45496,hold,237753,282386,479860
45556,hold,284598,238973,476429
45616,hold,235416,271003,493581
45676,hold,305712,261776,432512
45736,hold,197921,218692,583387
45796,hold,271031,293541,435428
45856,hold,345935,349900,304164
45916,hold,301646,311241,387112
45976,hold,343557,343235,313207
46036,hold,352535,313706,333759
46096,hold,414392,288637,296971
46156,hold,367166,282321,350513
46216,hold,289656,287356,422988
46276,long,606947,312033,81020
46336,hold,482927,453448,63625
46396,hold,286384,322143,391474
46456,hold,330711,278829,390460
46516,hold,312285,316967,370748
46576,hold,353253,242958,403789
46636,hold,282148,313713,404140
46696,hold,344567,343968,311465
46756,hold,238723,237572,523706
46816,hold,385834,359807,254359
46876,hold,371381,351109,277509
46936,hold,412644,331449,255907
46996,hold,399367,437731,162902
47056,hold,353514,435759,210727
47116,hold,445736,281534,272729
47176,hold,370456,371230,258314
47236,hold,428808,552758,18434
47296,hold,579058,256293,164648
47356,hold,335228,276160,388612
47416,long,644817,284208,70976
47476,long,672027,320602,7371
47536,hold,422858,560659,16483
47596,long,766979,228620,4401
47656,hold,579653,420347,0
47716,hold,531086,457831,11083
47776,hold,467804,410893,121303
47836,hold,295184,514489,190327
47896,hold,462673,256388,280939
47956,hold,500402,311365,188233
48016,hold,445648,352115,202237
48076,hold,448792,476883,74325
48136,hold,421593,387731,190676
48196,hold,349222,387321,263457
48256,hold,454242,387968,157790
48316,hold,544206,351079,104715
48376,long,737959,245274,16768
48436,long,606213,326570,67216
48496,hold,444620,418924,136457
48556,hold,421007,491992,87002
48616,hold,490634,445282,64084
48676,hold,405363,324133,270504
48736,hold,266644,389540,343816
48796,hold,470971,377033,151996
48856,hold,362925,590812,46264
48916,hold,365620,388593,245787
48976,hold,316886,323695,359420
49036,hold,378232,296140,325628
49096,hold,285852,382712,331436
49156,hold,288509,284781,426711
49216,hold,333272,297753,368975
49276,long,627864,286988,85148
49336,hold,454043,433982,111975
49396,hold,324651,334175,341174
49456,hold,312120,302298,385582
49516,hold,398515,396877,204608
49576,hold,303179,291549,405272
49636,hold,539236,274293,186472
49696,hold,337608,280673,381719
49756,hold,362855,422010,215135
49816,hold,332635,408282,259083
49876,hold,408644,582163,9193
49936,hold,517206,462925,19869
49996,hold,562956,316554,120490
50056,hold,469704,350622,179675
50116,hold,595073,272862,132066
50176,hold,561296,401335,37369
50236,hold,456961,513344,29694
50296,hold,358783,400239,240978
50356,hold,599043,229088,171869
50416,hold,374768,395497,229734
50476,hold,342759,314516,342725
50536,hold,420346,255218,324435
50596,hold,351043,374493,274464
50656,hold,253573,255303,491123
50716,hold,276628,300903,422469
50776,hold,295247,351131,353622
50836,hold,331210,351516,317274
50896,hold,313392,278090,408518
50956,hold,348908,266815,384277
51016,hold,249836,280365,469799
51076,hold,420724,277140,302136
51136,hold,417612,300751,281637
51196,hold,392367,435579,172054
51256,hold,313165,288417,398418
51316,hold,443645,502147,54208
51376,hold,404877,375889,219233
51436,hold,333290,513421,153289
51496,long,618716,269028,112256
51556,hold,438766,338385,222849
51616,hold,398007,288304,313690
51676,hold,470680,350151,179169
51736,hold,454908,408977,136115
51796,hold,422078,448682,129240
51856,hold,429051,408562,162386
51916,hold,598580,234512,166907
51976,hold,423650,361864,214486
52036,hold,270165,306174,423661
52096,hold,323635,281810,394555
52156,hold,330807,298873,370320
52216,hold,318592,298292,383116
52276,hold,253230,255447,491323
52336,hold,240852,230227,528921
52396,hold,295438,424095,280468
52456,hold,299530,324804,375666
52516,hold,299215,355342,345442
52576,hold,286962,372474,340563
52636,hold,342403,312026,345571
52696,hold,354453,461407,184140
52756,hold,454926,483331,61744
52816,hold,480695,443362,75943
52876,hold,402685,280943,316372
52936,hold,435956,427538,136506
52996,hold,454666,316861,228473
53056,hold,470030,404024,125946
53116,hold,294937,337199,367864
53176,hold,531701,357463,110836
53236,hold,327430,396127,276443
53296,hold,321274,265976,412750
53356,hold,285595,274633,439772
53416,hold,350957,431255,217788
53476,hold,329221,288311,382468
53536,hold,274295,252849,472856
53596,hold,250143,307563,442294
53656,hold,267249,264338,468413
53716,hold,379792,326231,293977
53776,hold,338310,278278,383412
53836,hold,376159,284014,339827
53896,hold,238150,219257,542593
53956,hold,330215,309457,360328
54016,hold,260767,249510,489723
54076,hold,283990,295830,420180
54136,hold,544783,365437,89780
54196,long,747605,224817,27578
54256,hold,520558,452743,26699
54316,hold,468480,462766,68754
54376,hold,488552,337216,174232
54436,hold,422872,351757,225371
54496,hold,428264,309549,262187
54556,hold,491448,346905,161647
54616,hold,428769,380561,190670
54676,hold,429006,279154,291840
54736,hold,278953,329956,391091
54796,hold,231677,217646,550677
54856,hold,269453,265206,465340
54916,hold,300077,274973,424950
54976,hold,220938,291025,488037
55036,hold,264258,287862,447880
55096,hold,249324,231669,519007
55156,hold,227129,306514,466357
55216,hold,226667,279632,493701
55276,hold,249489,237757,512754
55336,hold,269437,270366,460197
55396,hold,251101,221703,527196
55456,hold,214221,213530,572249
55516,hold,212334,210831,576835
55576,hold,354362,410712,234926
55636,hold,291534,236202,472264
55696,hold,351954,343218,304828
55756,hold,263110,279518,457372
55816,hold,182325,182611,635063
55876,hold,195087,209680,595233
55936,hold,224395,224372,551233
55996,hold,215936,224770,559294
56056,hold,306187,275073,418739
56116,hold,192759,182965,624277
56176,hold,220408,201384,578208
56236,hold,301061,301774,397165
56296,hold,242298,230264,527439
56356,hold,210562,211999,577439
56416,hold,243083,268121,488796
56476,hold,189671,193397,616932
56536,hold,218067,306851,475082
56596,hold,202628,198120,599252
56656,hold,279594,267964,452443
56716,hold,282508,310126,407365
56776,hold,313263,314816,371921
56836,hold,215487,226149,558364
56896,hold,247850,297136,455013
56956,hold,300821,354327,344851
57016,hold,355456,297315,347229
57076,hold,308122,329387,362491
57136,hold,281671,320651,397678
57196,hold,217845,252045,530110
57256,hold,244349,282438,473213
57316,hold,213058,226009,560933
57376,hold,260943,211855,527203
57436,hold,274415,278317,447267
57496,hold,374178,362675,263147
57556,hold,511497,270386,218117
57616,hold,466564,277681,255755
57676,hold,330093,361279,308628
57736,hold,401184,327799,271017
57796,hold,461510,281010,257480
57856,hold,413619,284186,302195
57916,hold,371659,315683,312658
57976,hold,374717,344811,280473
58036,hold,313351,257932,428717
58096,hold,370359,328359,301282
58156,hold,320391,274003,405606
58216,hold,314342,259799,425860
58276,hold,288875,301235,409890
58336,hold,250715,243017,506268
58396,hold,371750,277314,350936
58456,hold,291182,419597,289220
58516,hold,421019,422391,156590
58576,hold,400949,482945,116106
58636,hold,338756,392276,268967
58696,hold,225542,286133,488324
58756,hold,307708,288442,403850
58816,hold,281947,235349,482705
58876,hold,274657,305172,420171
58936,hold,247538,211070,541392
58996,hold,275351,210418,514231
59056,hold,333074,311265,355661
59116,hold,278375,284022,437603
59176,hold,231896,230198,537906
59236,hold,288264,320341,391395
59296,hold,224336,208395,567269
59356,hold,296900,287879,415220
59416,hold,257914,298292,443794
59476,hold,241463,271290,487247
59536,hold,254953,301660,443387
59596,hold,180663,180981,638356
59656,hold,252462,249926,497613
59716,hold,283125,231783,485092
59776,hold,349130,364851,286020
59836,hold,276407,252420,471173
59896,hold,359766,267300,372934
59956,hold,473372,304743,221884
60016,hold,317809,294740,387450
60076,hold,378252,283033,338715
60136,hold,387342,410394,202264
60196,hold,291770,306619,401611
60256,hold,406772,449894,143334
60316,hold,341259,291398,367343
60376,hold,337638,277662,384701
60436,hold,263996,365291,370713
60496,hold,276502,270458,453040
60556,hold,288064,314467,397469
60616,hold,213709,243271,543020
60676,hold,312530,382273,305196
60736,hold,338313,266974,394713
60796,hold,275044,277094,447862
60856,hold,244580,238990,516431
60916,hold,238201,230227,531572
60976,hold,272254,301206,426540
61036,hold,312810,258603,428588
61096,hold,238221,297682,464096
61156,hold,247375,216761,535864
61216,hold,238261,222493,539246
61276,hold,470973,269969,259058
61336,hold,471501,432107,96392
61396,hold,497104,449064,53832
61456,hold,346469,487459,166073
61516,hold,372238,333273,294488
61576,hold,381094,445257,173649
61636,hold,362752,349753,287495
61696,hold,430798,293161,276041
61756,hold,451871,250394,297736
61816,hold,226628,246782,526589
61876,hold,278712,350833,370455
61936,hold,240609,360384,399008
61996,hold,277899,297748,424353
62056,hold,312141,274514,413345
62116,hold,232147,283347,484506
62176,hold,225434,244523,530043
62236,hold,389411,302907,307682
62296,hold,329539,321600,348861
62356,hold,385039,373824,241137
62416,hold,321685,363776,314539
62476,hold,262745,259589,477667
62536,hold,306100,282045,411854
62596,hold,232168,210268,557564
62656,hold,345155,324270,330575
62716,hold,325704,322646,351651
62776,hold,357738,416892,225369
62836,hold,599827,290908,109265
62896,hold,394466,416625,188909
62956,hold,423384,355742,220874
63016,hold,347431,328619,323950
63076,hold,417621,293237,289142
63136,hold,357755,297290,344955
63196,hold,352283,267596,380121
63256,hold,251096,224931,523973
63316,hold,275303,237360,487337
63376,hold,182704,201382,615914
63436,hold,212665,257094,530241
63496,hold,253653,252751,493596
63556,hold,240606,253350,506044
63616,hold,280390,287876,431735
63676,hold,232377,208274,559349
63736,hold,265119,229890,504991
63796,hold,208072,206649,585278
63856,hold,221768,223974,554258
63916,hold,279696,289318,430987
63976,hold,198500,185321,616179
64036,hold,229731,208316,561953
64096,hold,255551,290891,453557
64156,hold,260275,242396,497329
64216,hold,240843,229315,529842
64276,hold,396731,588608,14661
64336,hold,338660,431193,230147
64396,hold,265608,340148,394245
64456,hold,310675,309562,379763
64516,hold,314443,327323,358234
64576,hold,458392,296029,245579
64636,hold,556553,252638,190810
64696,hold,250271,264919,484810
64756,hold,307388,278300,414312
64816,hold,280252,280361,439387
64876,hold,298006,275702,426292
64936,hold,278119,271016,450865
64996,hold,164700,172655,662645
65056,hold,216786,272993,510221
65116,hold,198135,258581,543285
65176,hold,169272,165415,665314
65236,hold,255751,306036,438212
65296,hold,233308,214961,551731
65356,hold,241197,259525,499278
65416,hold,168443,183278,648280
65476,hold,160208,175171,664621
65536,hold,189093,203269,607637
65596,hold,230495,267106,502400
65656,hold,278009,250959,471032
65716,hold,270389,276669,452942
65776,hold,203600,185266,611133
65836,hold,238804,238382,522814
65896,hold,214083,215139,570778
65956,hold,230880,261440,507680
66016,hold,213652,220630,565718
66076,hold,194958,195782,609260
66136,hold,202142,204902,592955
66196,hold,269577,327104,403319
66256,hold,265357,267063,467579
66316,hold,186694,193286,620019
66376,hold,199557,204049,596394
66436,hold,212658,211838,575504
66496,hold,176287,171191,652522
66556,hold,169709,168955,661336
66616,hold,193644,194215,612140
66676,hold,235336,280293,484371
66736,hold,163850,252353,583796
66796,hold,245174,278651,476175
66856,hold,224579,251570,523851
66916,hold,165999,159993,674008
66976,hold,161705,168215,670081
67036,hold,274939,224644,500416
67096,hold,318639,302734,378627
67156,hold,161895,181682,656423
67216,hold,218238,208609,573154
67276,hold,241686,216768,541546
67336,hold,253488,308607,437904
67396,hold,255608,233992,510400
67456,hold,199809,215341,584850
67516,hold,195204,253484,551312
67576,hold,224388,264431,511181
67636,hold,396124,285759,318117
67696,hold,395303,291231,313466
67756,hold,274631,251886,473483
67816,hold,218189,237314,544498
67876,hold,236059,276203,487738
67936,hold,206644,208096,585259
67996,hold,353186,309089,337725
68056,hold,228339,213676,557985
68116,hold,234354,248267,517379
68176,hold,277871,283265,438865
68236,hold,211165,220353,568481
68296,hold,209915,198835,591249
68356,hold,265090,228316,506593
68416,hold,210348,191710,597942
68476,hold,216919,225715,557366
68536,hold,314280,372225,313496
68596,hold,224427,251523,524051
68656,hold,386660,319755,293585
68716,hold,397954,303727,298319
68776,hold,337172,299702,363127
68836,hold,253970,350370,395660
68896,hold,275352,272684,451964
68956,hold,338532,272252,389216
69016,hold,209846,236648,553506
69076,hold,205148,276862,517990
69136,hold,241110,242651,516239
69196,hold,290912,278897,430191
69256,hold,249602,280158,470239
69316,hold,245170,225446,529384
69376,hold,171053,182730,646217
69436,hold,219654,260894,519452
69496,hold,305162,355032,339806
69556,hold,380403,260866,358731
69616,hold,273614,267644,458742
69676,hold,309333,247657,443010
69736,hold,230345,276782,492873
69796,hold,237356,212940,549704
69856,hold,234787,205929,559284
69916,hold,369633,305653,324714
69976,hold,304742,292022,403236
70036,hold,377176,380445,242379
70096,hold,345456,400934,253609
70156,hold,347376,311400,341224
70216,hold,454199,339060,206741
70276,hold,422289,362839,214872
70336,hold,534771,267159,198070
70396,hold,492962,362660,144378
70456,hold,322528,328313,349159
70516,hold,320720,291077,388203
70576,hold,258498,276243,465258
70636,hold,362061,337922,300017
70696,hold,284876,285228,429896
70756,hold,211313,241180,547506
70816,hold,215148,212562,572290
70876,hold,322808,274823,402369
70936,hold,201265,202128,596606
70996,hold,235188,284152,480660
71056,hold,224673,179940,595387
71116,hold,198628,189329,612044
71176,hold,353374,309353,337273
71236,hold,230108,220618,549274
71296,hold,192456,198253,609292
71356,hold,186575,266544,546882
71416,hold,232818,233433,533749
71476,hold,514163,375499,110337
71536,hold,290177,291411,418412
71596,hold,276295,241737,481968
71656,hold,344589,360265,295146
71716,hold,476510,448319,75170
71776,hold,440205,299326,260469
71836,hold,332465,253746,413789
71896,hold,218197,231919,549885
71956,hold,351379,293392,355229
72016,hold,266836,259626,473538
72076,hold,270796,285154,444050
72136,hold,258426,277123,464451
72196,hold,238749,277284,483967
72256,hold,191831,186307,621862
72316,hold,188341,204795,606865
72376,hold,237320,293480,469200
72436,hold,218131,187195,594675
72496,hold,223210,213868,562922
72556,hold,233355,260562,506083
72616,hold,216297,195137,588567
72676,hold,196688,264153,539159
72736,hold,229770,231600,538631
72796,hold,202506,205295,592199
72856,hold,324817,301995,373188
72916,hold,304019,368898,327083
72976,hold,411269,403259,185472
73036,hold,431663,294358,273980
73096,hold,366504,314696,318800
73156,hold,271025,280199,448777
73216,hold,254614,237978,507407
73276,hold,255744,269042,475215
73336,hold,257356,251896,490749
73396,hold,230816,230891,538293
73456,hold,291268,283536,425196
73516,hold,238406,283771,477823
73576,hold,180242,183892,635866
73636,hold,192908,259052,548040
73696,hold,207877,191014,601110
73756,hold,222361,192547,585093
73816,hold,171120,176555,652325
73876,hold,233472,273914,492615
73936,hold,277168,308500,414332
73996,hold,271182,290242,438576
74056,hold,299603,274583,425814
74116,hold,191352,223008,585640
74176,hold,292613,219789,487598
74236,hold,314495,334915,350590
74296,hold,303131,334915,361955
74356,hold,456275,428620,115105
74416,hold,545764,447043,7193
74476,hold,415322,344344,240334
74536,hold,413464,338848,247688
74596,hold,334030,346949,319021
74656,hold,400952,353486,245562
74716,hold,417413,368991,213596
74776,hold,336733,358470,304797
74836,hold,359385,288459,352156
74896,hold,254782,246328,498889
74956,hold,303596,277882,418522
75016,hold,191305,183782,624913
75076,hold,232009,189112,578879
75136,hold,259190,256829,483981
75196,hold,194930,186989,618082
75256,hold,154496,158135,687368
75316,hold,168782,176912,654306
75376,hold,208797,279617,511586
75436,hold,252605,252133,495262
75496,hold,241987,290032,467981
75556,hold,212391,198650,588958
75616,hold,236581,270467,492952
75676,hold,278731,288501,432767
75736,hold,195361,267643,536996
75796,hold,189123,181487,629390
75856,hold,226339,220319,553342
75916,hold,224708,282046,493246
75976,hold,166421,167446,666133
76036,hold,286210,233059,480731
76096,hold,230599,260666,508735
76156,hold,236387,234419,529194
76216,hold,219901,261398,518701
76276,hold,204322,190952,604726
76336,hold,179896,244854,575251
76396,hold,180154,186262,633585
76456,hold,201165,196723,602112
76516,hold,196812,187708,615480
76576,hold,211433,204924,583642
76636,hold,180421,276594,542985
76696,hold,264375,212061,523564
76756,hold,197758,191552,610689
76816,hold,173251,183520,643229
76876,hold,165205,261165,573630
76936,hold,168654,169409,661937
76996,hold,168903,167094,664003
77056,hold,191621,251400,556979
77116,hold,234542,225861,539597
77176,hold,211082,212610,576309
77236,hold,250260,249826,499914
77296,hold,247616,252667,499718
77356,hold,212648,273551,513801
77416,hold,281677,280718,437605
77476,hold,181854,187404,630742
77536,hold,153758,155194,691048
77596,hold,167591,164053,668356
77656,hold,141156,148323,710522
77716,hold,340091,333378,326531
77776,hold,313774,300628,385598
77836,hold,248208,337320,414472
77896,hold,335676,303532,360792
77956,hold,235195,281046,483758
78016,hold,313975,322772,363254
78076,hold,304372,272395,423233
78136,hold,176396,176019,647585
78196,hold,197129,237245,565626
78256,hold,248005,271103,480893
78316,hold,241051,237444,521505
78376,hold,251627,256454,491919
78436,hold,270505,261043,468452
78496,hold,268993,274411,456596
78556,hold,598006,239376,162618
78616,hold,321824,321825,356350
78676,long,643016,345370,11613
78736,hold,573714,369084,57201
78796,hold,552071,290176,157753
78856,hold,345624,335150,319227
78916,hold,455171,315848,228981
78976,hold,505070,331140,163791
79036,hold,466297,355841,177863
79096,hold,431711,408687,159602
79156,hold,490216,378118,131666
79216,hold,539781,375276,84943
79276,hold,558939,411517,29544
79336,hold,389449,478200,132351
79396,hold,277303,401517,321180
79456,hold,458102,320959,220940
79516,hold,462669,310863,226468
79576,hold,330911,339703,329386
79636,long,601281,355189,43530
79696,long,634833,360817,4351
79756,hold,316423,390634,292944
79816,long,690596,249444,59961
79876,hold,409390,556529,34082
79936,hold,417738,328309,253953
79996,hold,403477,497463,99060
80056,long,696995,222244,80761
80116,long,659407,287963,52631
80176,hold,437797,556088,6116
80236,hold,431725,508837,59438
80296,hold,461653,492207,46140
80356,hold,582612,327985,89403
80416,hold,393887,367367,238746
80476,hold,444273,395551,160176
80536,hold,450108,313805,236088
80596,hold,438557,350935,210509
80656,hold,238757,346288,414955
80716,hold,378610,298952,322438
80776,hold,421869,291397,286734
80836,hold,344331,303223,352446
80896,hold,299361,377326,323313
80956,hold,330233,267874,401893
81016,hold,325872,289481,384648
81076,hold,346885,332148,320967
81136,hold,427069,337248,235683
81196,hold,366451,292533,341016
81256,hold,269234,319771,410995
81316,hold,281640,323260,395101
81376,hold,397515,287545,314940
81436,hold,444089,291291,264620
81496,hold,487534,345654,166812
81556,hold,336347,579363,84290
81616,long,677341,237414,85246
81676,hold,426494,427564,145942
81736,hold,585605,349792,64604
81796,short,300764,641596,57640
81856,long,824198,164042,11760
81916,long,861129,124639,14231
81976,hold,535104,450264,14632
82036,hold,393863,363160,242978
82096,hold,456180,417090,126731
82156,hold,453183,351840,194978
82216,hold,466812,333094,200094
82276,hold,579736,281726,138538
82336,hold,460137,314847,225016
82396,hold,536478,310229,153293
82456,hold,305764,337457,356779
82516,hold,348589,319023,332388
82576,hold,317882,359651,322468
82636,hold,376141,423078,200781
82696,hold,389266,282721,328013
82756,hold,279029,370379,350592
82816,hold,427627,408197,164175
82876,hold,291983,252919,455098
82936,hold,460401,480464,59135
82996,long,715473,282752,1775
83056,hold,413024,430734,156242
83116,hold,424191,296677,279133
83176,hold,396558,412746,190696
83236,hold,413741,353757,232502
83296,long,703972,262213,33816
83356,long,720437,215316,64246
83416,hold,374254,407922,217824
83476,hold,446458,285072,268470
83536,hold,289056,353203,357741
83596,hold,268494,317526,413980
83656,long,689048,252912,58040
83716,hold,444194,488676,67130
83776,hold,453466,495094,51440
83836,hold,591020,402808,6171
83896,hold,486964,500265,12771
83956,hold,540189,391723,68087
84016,long,742303,215844,41853
84076,hold,562327,399271,38402
84136,hold,340172,584655,75173
84196,hold,428949,373938,197113
84256,hold,429165,448377,122458
84316,hold,240457,384318,375225
84376,hold,493681,351996,154324
84436,hold,576650,401906,21444
84496,hold,471944,468099,59957
84556,hold,388903,516932,94165
84616,long,613063,288594,98344
84676,hold,598678,362508,38815
84736,hold,394859,483515,121625
84796,hold,483475,360674,155850
84856,hold,387434,382094,230472
84916,hold,337932,365409,296658
84976,hold,450988,288338,260674
85036,hold,240704,287068,472228
85096,hold,492666,317972,189361
85156,hold,389298,368575,242128
85216,hold,434357,368228,197415
85276,hold,293392,380791,325817
85336,hold,326862,282754,390384
85396,hold,269857,299583,430561
85456,hold,330202,242926,426871
85516,hold,298629,288914,412457
85576,hold,324036,339669,336296
85636,hold,452938,330133,216928
85696,hold,243642,245332,511026
85756,hold,293996,391226,314778
85816,hold,349590,364263,286147
85876,hold,365226,382957,251817
85936,hold,446657,306551,246792
85996,hold,306573,330397,363029
86056,hold,238213,283438,478349
86116,hold,338169,295468,366363
86176,hold,331515,278444,390041
86236,hold,207852,234455,557693
86296,hold,331040,272538,396422
86356,hold,341685,444172,214143
86416,hold,338529,296012,365459
86476,hold,279047,280930,440023
86536,hold,328204,329945,341851
86596,hold,357697,297171,345132
86656,hold,250337,295770,453893
86716,hold,277144,259007,463849
86776,hold,220018,228530,551451
86836,hold,246032,272905,481063
86896,hold,402737,310110,287154
86956,hold,277144,227917,494940
87016,hold,233126,244472,522402
87076,hold,250841,278813,470346
87136,hold,290693,328558,380748
87196,hold,270481,301535,427984
87256,hold,391959,409961,198080
87316,hold,363397,347911,288692
87376,long,734485,256981,8534
87436,long,692600,286792,20608
87496,hold,403809,426206,169985
87556,long,621752,338905,39342
87616,hold,555268,265289,179443
87676,hold,375404,454799,169797
87736,hold,458078,359258,182664
87796,hold,374799,516786,108415
87856,hold,518137,367114,114749
87916,hold,447057,285677,267266
87976,hold,439562,382734,177704
88036,hold,410319,398957,190725
88096,hold,362982,412433,224585
88156,hold,393925,258738,347337
88216,hold,254916,311072,434013
88276,hold,309225,403779,286995
88336,hold,339230,398535,262235
88396,long,774819,206184,18997
88456,hold,489519,373662,136819
88516,hold,493109,263578,243313
88576,hold,489944,306003,204053
88636,hold,407350,376122,216528
88696,hold,451374,281709,266917
88756,long,917019,78727,4254
88816,hold,457972,536659,5369
88876,hold,411276,545514,43210
88936,hold,576523,416561,6916
88996,long,900344,98878,777
89056,long,800713,199153,134
89116,long,660224,301813,37963
89176,long,623053,359593,17354
89236,hold,493134,479445,27421
89296,long,626243,308407,65350
89356,long,608328,375208,16464
89416,long,716944,271683,11373
89476,hold,386817,549758,63426
89536,hold,423099,477036,99866
89596,hold,462896,518975,18129
89656,hold,317399,372430,310171
89716,hold,368528,449416,182056
89776,hold,449237,464526,86237
89836,hold,480545,275646,243809
89896,hold,382013,392821,225166
89956,hold,377888,486458,135654
90016,hold,373839,426791,199370
90076,hold,571840,373916,54244
90136,long,600215,380426,19360
90196,hold,483336,516630,33
90256,long,647648,348194,4159
90316,long,716783,238138,45079
90376,long,670850,251207,77943
90436,hold,435688,514407,49905
90496,hold,461839,485746,52415
90556,hold,338497,469768,191735
90616,hold,413566,441169,145265
90676,hold,339012,363379,297610
90736,hold,426217,355504,218279
90796,hold,533991,307112,158897
90856,hold,358317,514804,126879
90916,hold,595540,275428,129031
90976,hold,258967,377061,363972
91036,hold,399747,406832,193421
91096,hold,313260,267313,419427
91156,hold,330581,260728,408691
91216,hold,328968,301712,369320
91276,hold,447877,364220,187902
91336,hold,375687,332657,291656
91396,long,658464,240150,101386
91456,hold,504748,410259,84994
91516,hold,448028,532185,19786
91576,hold,514050,424820,61130
91636,long,686711,296277,17013
91696,hold,530704,457511,11785
91756,hold,431974,402109,165917
91816,hold,590333,396323,13345
91876,hold,415856,395328,188816
91936,hold,407691,436684,155625
91996,hold,401350,467225,131426
92056,hold,399410,330358,270232
92116,hold,317059,269437,413504
92176,hold,451815,330761,217425
92236,hold,457143,282151,260706
92296,long,630220,280802,88978
92356,hold,590286,347299,62415
92416,hold,326776,304186,369038
92476,hold,401207,305284,293509
92536,hold,315118,379668,305215
92596,hold,353372,327909,318719
92656,hold,455783,302659,241559
92716,hold,334645,377691,287663
92776,hold,534657,292201,173143
92836,hold,433001,344802,222198
92896,hold,374368,386158,239475
92956,hold,550037,361949,88014
93016,hold,433256,310751,255993
93076,hold,562058,388122,49820
93136,hold,397350,551434,51216
93196,long,670513,241496,87991
93256,long,607796,346613,45590
93316,hold,506936,392110,100955
93376,long,672121,254426,73454
93436,hold,568533,346599,84867
93496,short,370779,611183,18038
93556,hold,468399,356155,175446
93616,short,245970,754030,0
93676,hold,555322,363845,80834
93736,long,741642,189425,68933
93796,hold,491581,454946,53474
93856,hold,455488,385706,158806
93916,hold,407801,302406,289794
93976,hold,289748,323535,386717
94036,hold,397392,331567,271041
94096,hold,405208,392844,201948
94156,hold,488044,269919,242037
94216,hold,353413,476715,169872
94276,hold,307875,328763,363362
94336,hold,373026,326058,300916
94396,hold,481362,508041,10597
94456,hold,538992,427135,33873
94516,short,319054,680081,865
94576,hold,517021,442837,40142
94636,long,646339,281493,72169
94696,long,625162,304821,70017
94756,hold,429320,506386,64293
94816,long,631474,324809,43716
94876,long,740826,259136,37
94936,hold,456213,533567,10220
94996,hold,501252,412864,85884
95056,hold,406625,281068,312306
95116,hold,463903,354813,181285
95176,hold,421238,465236,113526
95236,hold,335908,364098,299993
95296,hold,324157,308411,367432
95356,hold,184711,226749,588540
95416,hold,306509,338017,355474
95476,hold,228827,240854,530318
95536,hold,280155,323451,396394
95596,hold,280742,233892,485366
95656,hold,376214,282963,340823
95716,hold,303903,311703,384394
95776,hold,283952,270990,445058
95836,hold,250207,264584,485210
95896,hold,238342,240762,520896
95956,hold,362985,251934,385082
96016,hold,324958,341140,333902
96076,hold,330330,371072,298598
96136,hold,304446,302435,393119
96196,hold,280023,283701,436276
96256,hold,367472,275280,357247
96316,hold,177432,178303,644265
96376,hold,269634,286911,443455
96436,hold,439960,260913,299127
96496,hold,245244,233817,520939
96556,hold,240443,240622,518935
96616,hold,272509,298648,428842
96676,hold,295115,235870,469015
96736,hold,244518,248978,506504
96796,hold,199435,204720,595845
96856,hold,291888,313992,394121
96916,hold,316487,278683,404830
96976,hold,230019,218774,551208
97036,hold,300468,230133,469399
97096,hold,231134,347089,421778
97156,hold,467683,286173,246144
97216,hold,477915,382462,139623
97276,hold,417695,311334,270971
97336,hold,574562,291931,133507
97396,hold,518442,250872,230685
97456,long,640760,319465,39775
97516,hold,238108,416508,345384
97576,hold,499706,465196,35098
97636,hold,448847,477187,73966
97696,hold,541201,326087,132712
97756,hold,426906,306376,266717
97816,hold,541513,344425,114062
97876,hold,468000,332605,199394
97936,short,376030,613235,10734
97996,short,372344,613914,13742
98056,hold,477924,336254,185822
98116,hold,415957,430985,153058
98176,hold,422545,286360,291095
98236,hold,241376,253231,505394
98296,hold,265589,356747,377664
98356,hold,304429,345663,349908
98416,hold,374002,352417,273581
98476,long,702872,262295,34833
98536,hold,492983,458480,48537
98596,hold,461527,401217,137255
98656,hold,335646,418683,245671
98716,hold,529888,416839,53273
98776,long,947165,49524,3311
98836,long,642029,355263,2708
98896,hold,441344,547683,10973
98956,hold,440744,456594,102662
99016,long,615362,382160,2478
99076,long,866387,132651,962
99136,hold,406592,525212,68196
99196,hold,433586,503805,62608
99256,hold,418869,443418,137713
99316,hold,382191,547221,70588
99376,hold,455514,520050,24436
99436,long,727019,261807,11174
99496,long,656743,222358,120899
99556,hold,493921,402160,103918
99616,hold,491423,279873,228704
99676,hold,539086,375582,85331
99736,hold,416144,378381,205475
99796,hold,351513,337882,310605
99856,hold,476809,343659,179532
99916,hold,529534,315231,155235
99976,hold,343033,333703,323264
100036,hold,369168,292260,338571
100096,long,658901,286233,54867
100156,hold,339057,506366,154578
100216,hold,567574,432158,268
100276,long,833419,166156,425
100336,hold,494619,388768,116614
100396,hold,561175,270061,168765
100456,long,614517,330080,55403
100516,hold,436639,317385,245977
100576,hold,427534,400372,172094
100636,hold,295971,303480,400549
100696,hold,276515,289871,433613
100756,hold,400048,372767,227185
100816,hold,428383,343052,228565
100876,hold,385165,416130,198705
100936,hold,378316,489746,131938
100996,hold,422963,355520,221517
101056,hold,359719,356649,283633
101116,hold,386450,392720,220830
101176,hold,403233,477716,119051
101236,hold,420792,365931,213277
101296,hold,452212,355132,192656
101356,hold,420121,516860,63020
101416,hold,275077,303504,421419
101476,hold,317666,340239,342096
101536,hold,293572,368527,337901
101596,long,644815,230555,124630
101656,long,725863,236158,37979
101716,long,627892,292485,79624
101776,hold,470385,372549,157066
101836,hold,589546,332941,77513
101896,long,657217,300940,41844
101956,hold,568676,266170,165154
102016,hold,352784,395562,251654
102076,hold,334416,297245,368339
102136,hold,370174,356754,273072
102196,hold,271206,327162,401633
102256,hold,248725,262667,488607
102316,hold,421202,305140,273658
102376,hold,323497,380276,296228
102436,hold,393981,294216,311803
102496,hold,241542,337619,420839
102556,hold,285755,302261,411984
102616,hold,252887,349127,397986
102676,hold,270419,249175,480405
102736,hold,353097,373372,273531
102796,hold,363398,318308,318294
102856,hold,320123,350274,329604
102916,hold,305410,305386,389204
102976,hold,384464,270145,345391
103036,hold,439467,477200,83333
103096,long,648297,336926,14776
103156,hold,519648,417787,62565
103216,hold,414761,396041,189198
103276,hold,425341,536157,38502
103336,hold,480441,464773,54787
103396,hold,371909,417686,210405
103456,hold,461262,350221,188518
103516,hold,406725,260665,332610
103576,hold,444439,260622,294939
103636,hold,232242,276160,491598
103696,hold,315844,352036,332120
103756,hold,413445,260618,325937
103816,hold,390963,289207,319830
103876,hold,392505,299080,308415
103936,hold,292396,276888,430716
103996,hold,342366,264597,393037
104056,hold,199113,227189,573698
104116,hold,281761,233868,484370
104176,hold,416798,287115,296087
104236,hold,357202,297832,344966
104296,hold,276678,262076,461246
104356,hold,299535,289378,411088
104416,hold,367591,358243,274166
104476,hold,349774,259130,391095
104536,hold,450033,538966,11001
104596,hold,412037,460847,127116
104656,hold,446582,426058,127360
104716,hold,363518,417787,218695
104776,hold,356921,350066,293012
104836,hold,414677,278794,306529
104896,hold,302268,265224,432508
104956,hold,329788,308651,361561
105016,hold,253655,226799,519547
105076,hold,202030,216588,581382
105136,hold,314933,307457,377610
105196,hold,319085,285854,395061
105256,hold,297062,290943,411995
105316,hold,313531,285561,400908
105376,hold,220558,283487,495956
105436,hold,180830,190786,628384
105496,hold,215885,307270,476845
105556,hold,301790,329128,369082
105616,hold,372136,352576,275288
105676,hold,300826,251347,447827
105736,hold,220188,247696,532117
105796,hold,227177,221190,551633
105856,hold,303254,285806,410940
105916,hold,312096,285037,402866
105976,hold,284181,324848,390971
106036,hold,251454,216819,531727
106096,hold,228509,222395,549097
106156,hold,243439,208100,548461
106216,hold,217129,235067,547804
106276,hold,225896,277429,496675
106336,hold,285617,260674,453709
106396,hold,211333,202825,585842
106456,hold,289625,275214,435162
106516,hold,191231,195109,613659
106576,hold,228036,224830,547134
106636,hold,232610,193988,573402
106696,hold,286587,286441,426971
106756,hold,350177,268583,381240
106816,hold,290906,277737,431357
106876,hold,175459,177386,647155
106936,hold,181512,180794,637694
106996,hold,284701,289916,425383
107056,hold,301370,258142,440489
107116,hold,195464,206582,597954
107176,hold,312095,321063,366842
107236,hold,584131,306041,109828
107296,hold,302370,359906,337724
107356,hold,330718,355984,313298
107416,hold,385830,333021,281149
107476,hold,392678,279722,327599
107536,short,314170,614310,71520
107596,hold,490618,400491,108890
107656,hold,339979,397653,262368
107716,hold,587085,316745,96170
107776,hold,496494,313043,190464
107836,hold,379640,325028,295332
107896,hold,376500,393903,229597
107956,hold,490079,354447,155474
108016,hold,405033,295152,299815
108076,hold,252401,286626,460973
108136,hold,235086,292670,472244
108196,hold,396291,288006,315703
108256,hold,310757,312020,377223
108316,hold,361970,306220,331810
108376,hold,295245,277313,427443
108436,hold,297906,318601,383493
108496,hold,279211,348274,372515
108556,hold,339837,298929,361234
108616,hold,309023,282869,408108
108676,hold,331771,256546,411683
108736,hold,361949,468441,169610
108796,hold,490490,337062,172448
108856,hold,481999,506906,11095
108916,hold,559328,297129,143544
108976,hold,407098,306826,286076
109036,hold,365281,322013,312706
109096,hold,340432,381455,278112
109156,hold,350294,297038,352668
109216,hold,323259,275114,401627
109276,hold,349566,269947,380487
109336,hold,317567,254189,428244
109396,hold,202142,267004,530854
109456,hold,237699,242996,519305
109516,hold,445345,380631,174024
109576,hold,377969,362131,259900
109636,hold,361561,306262,332177
109696,hold,256431,263644,479926
109756,hold,257737,258033,484229
109816,hold,359985,274224,365791
109876,hold,522923,403378,73698
109936,hold,267233,255761,477006
109996,hold,217259,247555,535186
110056,hold,417226,344311,238463
110116,hold,272797,291208,435995
110176,hold,300059,349123,350818
110236,hold,311169,320477,368354
110296,hold,466935,302163,230902
110356,hold,367241,421694,211066
110416,hold,447138,398151,154710
110476,hold,359675,404662,235663
110536,hold,433958,357353,208689
110596,hold,401765,291944,306291
110656,hold,267716,267227,465058
110716,hold,255796,239780,504424
110776,hold,383032,293620,323348
110836,hold,386170,314622,299208
110896,hold,289597,256589,453814
110956,hold,312943,297377,389680
111016,hold,358044,299321,342634
111076,hold,254954,260920,484126
111136,hold,237816,264728,497456
111196,hold,234272,200326,565402
111256,hold,378151,273202,348647
111316,hold,276571,247279,476150
111376,hold,289561,295322,415118
111436,hold,199042,199312,601646
111496,hold,224651,215063,560286
111556,hold,395194,350347,254459
111616,hold,255378,264683,479939
111676,hold,394778,292379,312843
111736,hold,405677,444541,149782
111796,hold,337945,320169,341886
111856,hold,313444,392091,294465
111916,hold,302472,275205,422323
111976,long,688575,305613,5812
112036,hold,474332,385588,140080
112096,hold,492208,309538,198254
112156,hold,557095,232693,210212
112216,hold,324921,286685,388394
112276,hold,414582,273141,312278
112336,hold,457044,304778,238178
112396,hold,400129,263456,336414
112456,hold,347764,305543,346693
112516,hold,212792,260939,526269
112576,hold,239932,247401,512667
112636,hold,225161,306071,468768
112696,hold,332192,289125,378683
112756,hold,277194,265640,457166
112816,hold,273111,236566,490323
112876,hold,214215,275498,510287
112936,hold,558438,306089,135473
112996,hold,399493,328339,272168
113056,hold,235473,246597,517931
113116,hold,266292,265567,468141
113176,hold,496461,306066,197473
113236,hold,476379,482749,40872
113296,long,619544,224305,156151
113356,hold,492115,401244,106642
113416,hold,371083,292196,336721
113476,hold,398195,307811,293994
113536,hold,233815,236532,529653
113596,hold,215798,261944,522258
113656,hold,245749,254987,499264
113716,hold,341940,335185,322875
113776,hold,353144,264927,381928
113836,hold,226217,226986,546798
113896,hold,219482,245861,534657
113956,hold,297830,282924,419246
114016,hold,325676,288686,385638
114076,hold,241539,268404,490058
114136,hold,259942,314869,425189
114196,hold,300301,334952,364747
114256,hold,331092,333388,335520
114316,hold,336943,296914,366143
114376,hold,309546,290464,399990
114436,hold,252299,245987,501714
114496,hold,330287,306820,362893
114556,hold,253499,316850,429651
114616,hold,491088,445288,63624
114676,hold,294154,415998,289848
114736,hold,418863,393192,187945
114796,hold,232032,274677,493291
114856,hold,258263,270243,471494
114916,hold,302852,252106,445042
114976,hold,256589,317038,426373
115036,hold,305118,279576,415306
115096,hold,254108,240910,504982
115156,hold,249490,237404,513106
115216,hold,242517,199654,557829
115276,hold,289743,267743,442514
115336,hold,221358,210717,567926
115396,hold,234959,198563,566478
115456,hold,270945,275056,453998
115516,hold,163847,164806,671348
115576,hold,181626,173235,645139
115636,hold,192261,200988,606751
115696,hold,199781,184371,615848
115756,hold,195351,180828,623821
115816,hold,210843,191270,597887
115876,hold,184223,196337,619441
115936,hold,198195,190169,611636
115996,hold,169627,168949,661425
116056,hold,258221,213735,528044
116116,hold,177718,247927,574354
116176,hold,191705,194200,614095
116236,hold,217927,203607,578466
116296,hold,245219,267829,486952
116356,hold,195068,202557,602376
116416,hold,211411,212670,575919
116476,hold,167472,253953,578575
116536,hold,182068,180202,637729
116596,hold,203077,322407,474516
116656,hold,261874,230662,507465
116716,hold,295289,277140,427572
116776,hold,160166,166887,672947
116836,hold,222540,273248,504212
116896,hold,230089,216653,553258
116956,hold,182167,173045,644788
117016,hold,225465,259427,515108
117076,hold,135934,139480,724586
117136,hold,219118,262652,518230
117196,hold,139914,144916,715170
117256,hold,156416,145177,698407
117316,hold,276878,290035,433087
117376,hold,248222,242178,509600
117436,hold,335266,281336,383398
117496,hold,283339,289266,427395
117556,hold,271532,264362,464106
117616,hold,335294,298945,365761
117676,hold,243483,208592,547925
117736,hold,239418,297831,462750
117796,hold,186058,188766,625176
117856,hold,158104,167205,674690
117916,hold,219822,291096,489082
117976,hold,313447,325908,360644
118036,hold,255639,246491,497870
118096,hold,348372,298850,352778
118156,hold,474779,326961,198260
118216,hold,317056,277550,405394
118276,hold,430084,267144,302772
118336,hold,362137,305034,332829
118396,hold,315967,322897,361137
118456,hold,328781,320027,351192
118516,hold,385135,349176,265689
118576,hold,309083,268271,422646
118636,hold,206440,243618,549943
118696,hold,244917,234745,520338
118756,hold,228620,274089,497291
118816,hold,272292,289225,438483
118876,hold,289882,275443,434675
118936,hold,390724,387476,221801
118996,hold,505368,360362,134271
119056,hold,295058,381774,323168
119116,hold,394466,378302,227232
119176,hold,383758,304622,311620
119236,hold,307178,307265,385557
119296,hold,324659,308645,366695
119356,hold,297368,286366,416266
119416,hold,303180,385969,310850
119476,hold,349237,284615,366147
119536,hold,262164,303772,434064
119596,hold,204914,244082,551004
119656,hold,297968,319162,382870
119716,hold,265893,315256,418851
119776,hold,389891,391420,218689
119836,hold,249570,273537,476893
119896,hold,347858,275235,376907
119956,hold,322970,345334,331696
120016,hold,309427,280595,409977
120076,hold,315623,279351,405026
120136,hold,330101,293366,376532
120196,hold,237730,214302,547968
120256,hold,255760,285521,458719
120316,hold,525273,290014,184714
120376,hold,532903,331911,135185
120436,hold,335563,408016,256421
120496,hold,327048,380564,292387
120556,hold,355901,304830,339269
120616,hold,337913,370718,291369
120676,hold,296089,238455,465457
120736,hold,347097,362989,289914
120796,hold,203222,292414,504364
120856,hold,335457,300446,364097
120916,hold,283283,366008,350709
120976,hold,248212,249538,502250
121036,hold,359167,268120,372713
121096,hold,279302,319086,401612
121156,hold,283573,297607,418820
121216,hold,249710,259441,490849
121276,hold,199837,215797,584366
121336,hold,291045,275039,433916
121396,hold,283824,289735,426440
121456,hold,338857,292076,369067
121516,hold,230053,294994,474953
121576,hold,307187,285260,407553
121636,hold,220126,214224,565650
121696,hold,289510,319436,391054
121756,hold,309197,330754,360049
121816,hold,372875,348917,278208
121876,hold,434650,402439,162910
121936,hold,351290,380933,267778
121996,hold,344082,362919,292999
122056,hold,431940,307838,260222
122116,hold,479864,254733,265402
122176,hold,437846,280697,281457
122236,hold,365740,285792,348468
122296,hold,366533,306709,326758
122356,hold,259245,337375,403380
122416,hold,238377,279206,482417
122476,hold,267669,293401,438929
122536,hold,364501,312904,322595
122596,hold,249095,267599,483305
122656,hold,260919,211134,527948
122716,hold,219007,204386,576608
122776,hold,289994,230202,479804
122836,hold,241140,215688,543172
122896,hold,229654,241253,529093
122956,hold,205243,206040,588716
123016,hold,214179,226955,558866
123076,hold,219446,264986,515568
123136,hold,381043,293246,325711
123196,hold,264491,308434,427074
123256,hold,463078,430575,106346
123316,hold,375072,348539,276389
123376,hold,423436,299219,277345
123436,hold,376614,314828,308558
123496,hold,315879,275235,408885
123556,hold,274378,269946,455676
123616,hold,311607,273684,414708
123676,hold,349017,277707,373277
123736,hold,237966,276446,485588
123796,hold,223187,297990,478823
123856,hold,269252,254955,475793
123916,hold,199813,236987,563200
123976,hold,229979,240947,529074
124036,hold,300106,338258,361636
124096,hold,259339,258926,481734
124156,hold,376863,272702,350435
124216,hold,315212,325961,358827
124276,hold,302822,288760,408418
124336,hold,240275,353124,406601
124396,hold,207434,321438,471127
124456,hold,263226,305520,431254
124516,hold,234639,312715,452645
124576,hold,253537,287282,459181
124636,hold,399679,369754,230568
124696,hold,537677,329359,132964
124756,hold,459975,458825,81200
124816,hold,371895,342487,285618
124876,hold,396554,429366,174080
124936,hold,357260,306645,336095
124996,hold,289079,339728,371193
125056,hold,328452,292395,379154
125116,hold,244658,239995,515347
125176,hold,322696,289910,387394
125236,hold,206397,243154,550449
125296,hold,197684,216418,585899
125356,hold,271749,282355,445896
125416,hold,263454,269482,467064
125476,hold,285742,339663,374594
125536,hold,280116,274458,445426
125596,hold,224680,234123,541197
125656,hold,249098,306245,444657
125716,hold,267682,242554,489764
125776,hold,285773,234375,479852
125836,hold,193738,205120,601142
125896,hold,263208,339796,396996
125956,hold,339971,305913,354116
126016,hold,314184,312692,373124
126076,hold,246763,251016,502221
126136,hold,271638,276940,451422
126196,hold,227397,288213,484390
126256,hold,282162,293675,424162
126316,hold,563939,325195,110866
126376,hold,542796,255085,202120
126436,hold,322193,368953,308855
126496,hold,248221,292705,459074
126556,hold,215053,215366,569581
126616,hold,257744,252482,489774
126676,hold,249551,192560,557890
126736,hold,356274,276621,367105
126796,hold,377083,284368,338549
126856,hold,266473,252414,481113
126916,hold,307336,272125,420540
126976,hold,226754,295902,477344
127036,hold,253491,246248,500261
127096,hold,211298,214770,573933
127156,hold,335032,278192,386777
127216,hold,246371,215224,538405
127276,hold,187861,208626,603514
127336,hold,228263,265361,506376
127396,hold,381499,258771,359730
127456,hold,248691,323619,427691
127516,hold,266090,242166,491744
127576,hold,276652,316154,407194
127636,hold,373132,280816,346052
127696,hold,230788,291505,477707
127756,hold,258138,308868,432994
127816,hold,272284,276637,451080
127876,hold,236375,266681,496944
127936,hold,291218,228493,480289
127996,hold,260372,271838,467790
128056,hold,345644,394411,259944
128116,hold,294591,398167,307242
128176,hold,346786,408079,245135
128236,hold,505397,355887,138716
128296,hold,481653,335180,183167
128356,hold,345932,355286,298782
128416,hold,295891,294976,409132
128476,hold,462727,269796,267476
128536,hold,246137,264269,489594
128596,hold,320526,317781,361693
128656,hold,287037,281661,431302
128716,hold,275807,377456,346737
128776,hold,415997,345675,238328
128836,hold,277412,288030,434558
128896,hold,266645,303322,430033
128956,hold,458863,309760,231377
129016,long,617110,344748,38142
129076,hold,487106,419966,92928
129136,hold,419937,402446,177617
129196,hold,350729,385434,263837
129256,hold,468366,402938,128697
129316,hold,280723,340091,379186
129376,hold,339179,280630,380192
129436,hold,285659,291997,422344
129496,hold,351294,419470,229236
129556,hold,425055,292916,282029
129616,hold,336498,351074,312428
129676,hold,317808,244995,437197
129736,hold,372752,304250,322998
129796,hold,395201,293856,310944
129856,hold,249929,292784,457287
129916,hold,368093,280085,351822
129976,hold,249890,317276,432834
130036,hold,290889,293787,415323
130096,hold,404418,311299,284283
130156,hold,332637,316188,351175
130216,hold,344612,259716,395672
130276,hold,397602,287234,315165
130336,hold,362689,270785,366526
130396,hold,316656,337510,345834
130456,hold,571353,340394,88252
130516,hold,361998,500474,137528
130576,hold,381955,399718,218327
130636,hold,366752,337651,295597
130696,hold,354876,363647,281477
130756,hold,286530,284343,429127
130816,hold,473317,282164,244520
130876,hold,192889,215366,591745
130936,hold,286105,305954,407941
130996,hold,397443,264896,337661
131056,hold,410493,240807,348700
131116,hold,236130,367405,396464
131176,hold,373522,413091,213387
131236,hold,297588,305246,397165
131296,hold,315053,294935,390011
131356,hold,282786,308043,409171
131416,hold,240286,308685,451029
131476,hold,245599,262916,491485
131536,hold,355476,263776,380748
131596,hold,333623,442659,223718
131656,hold,330829,257453,411718
131716,hold,228395,330981,440623
131776,hold,441649,325075,233276
131836,hold,261126,313079,425794
131896,hold,450037,517922,32041
131956,hold,427666,396624,175710
132016,hold,384646,405534,209821
132076,hold,437095,457933,104971
132136,hold,333179,366864,299957
132196,hold,356166,307022,336812
132256,short,3088,989978,6934
132316,long,862983,124100,12917
132376,long,679168,299540,21292
132436,hold,503235,345738,151027
132496,hold,458498,445110,96392
132556,hold,519996,291707,188297
132616,hold,277011,343981,379008
132676,hold,321891,355500,322608
132736,hold,267180,262734,470086
132796,hold,249025,248621,502354
132856,hold,225043,272004,502953
132916,hold,394696,300895,304409
132976,hold,432725,288544,278731
133036,hold,318557,267923,413520
133096,hold,411551,315676,272773
133156,hold,283518,308831,407651
133216,hold,425166,390318,184515
133276,hold,453378,287453,259170
133336,long,675541,313404,11055
133396,long,621313,358556,20131
133456,hold,374747,454746,170507
133516,hold,414537,398255,187207
133576,hold,387046,331701,281253
133636,hold,322270,405743,271987
133696,hold,334570,336902,328528
133756,hold,403588,263794,332619
133816,hold,427504,297032,275464
133876,hold,367916,294078,338007
133936,hold,271533,314296,414171
133996,hold,333664,334989,331347
134056,hold,461003,307516,231481
134116,hold,255074,352016,392909
134176,hold,296816,315900,387284
134236,hold,265267,236596,498137
134296,hold,254339,284336,461324
134356,hold,330808,381900,287293
134416,hold,388363,335028,276609
134476,hold,347221,300278,352501
134536,hold,447730,411374,140895
134596,long,759187,161392,79422
134656,hold,511765,397800,90435
134716,hold,418184,434335,147481
134776,short,390353,600777,8870
134836,hold,465783,492744,41473
134896,hold,523433,464348,12219
134956,hold,417013,478147,104840
135016,hold,268137,329686,402177
135076,hold,426400,432010,141589
135136,hold,392687,373397,233916
135196,hold,434964,277068,287967
135256,hold,295009,352020,352971
135316,hold,293366,305218,401416
135376,hold,281786,244807,473407
135436,hold,452805,289663,257533
135496,hold,305260,307581,387159
135556,hold,320370,239163,440467
135616,hold,253964,243325,502711
135676,hold,217704,195649,586647
135736,hold,261520,199417,539063
135796,hold,240068,265385,494547
135856,hold,185127,213584,601289
135916,hold,349433,299341,351226
135976,hold,228892,256654,514455
136036,hold,193064,300756,506181
136096,hold,261045,242669,496286
136156,hold,328651,318354,352995
136216,hold,314882,323933,361185
136276,hold,270847,261743,467410
136336,hold,305624,264077,430299
136396,hold,300792,224944,474264
136456,hold,321203,280598,398199
136516,hold,227900,231056,541044
136576,hold,240363,220766,538871
136636,hold,275636,302390,421974
136696,hold,266737,277110,456154
136756,hold,268043,292322,439635
136816,hold,324266,288301,387434
136876,hold,205686,207288,587026
136936,hold,280554,230929,488516
136996,hold,222396,213919,563685
137056,hold,219440,227637,552923
137116,hold,224484,262383,513132
137176,hold,163101,168697,668202
137236,hold,217001,275538,507461
137296,hold,250280,281908,467812
137356,hold,198594,196250,605156
137416,hold,271124,248281,480595
137476,hold,210951,306402,482646
137536,hold,221164,223790,555047
137596,hold,302322,305462,392216
137656,hold,426955,402031,171014
137716,hold,369170,307621,323210
137776,hold,266496,273828,459677
137836,hold,406378,271308,322314
137896,long,760988,186442,52569
137956,long,712436,285605,1959
138016,hold,433596,488044,78360
138076,long,722595,271497,5908
138136,long,682784,312799,4417
138196,hold,543868,355839,100294
138256,long,753250,244667,2083
138316,hold,554098,324450,121451
138376,hold,375863,397893,226244
138436,hold,368698,391795,239507
138496,hold,529798,389765,80437
138556,hold,579819,391724,28456
138616,hold,457040,475385,67574
138676,long,635462,256690,107849
138736,hold,594086,361345,44569
138796,hold,374504,536832,88665
138856,hold,525345,420205,54450
138916,hold,447335,465245,87420
138976,hold,469763,459244,70993
139036,hold,424370,541287,34343
139096,short,508,998478,1014
139156,long,830835,168964,201
139216,hold,438759,547211,14030
139276,long,606520,386691,6789
139336,hold,570074,381157,48768
139396,hold,543153,382857,73990
139456,hold,547889,358115,93996
139516,hold,560202,269954,169844
139576,hold,471651,319995,208354
139636,hold,349128,446877,203995
139696,hold,426429,344184,229387
139756,hold,509438,431022,59540
139816,hold,402518,338288,259194
139876,hold,422802,263137,314060
139936,hold,314069,341055,344875
139996,hold,367408,361700,270893
140056,hold,312506,337281,350213
140116,hold,372718,283155,344128
140176,hold,365250,357426,277324
140236,hold,317557,372208,310236
140296,hold,338424,320096,341480
140356,hold,408072,421955,169973
140416,hold,280918,306936,412147
140476,hold,433195,521733,45072
140536,hold,506404,452010,41586
140596,long,760234,145731,94035
140656,hold,391418,497203,111379
140716,hold,522184,373843,103972
140776,hold,474218,449876,75906
140836,hold,440428,520961,38611
140896,hold,480331,386287,133381
140956,hold,309615,335124,355262
141016,hold,487337,365258,147406
141076,hold,509715,387958,102327
141136,hold,504542,470782,24676
141196,long,748715,225186,26099
141256,long,604529,279742,115728
141316,hold,371855,432711,195434
141376,long,868376,127964,3660
141436,hold,503982,388748,107270
141496,hold,463862,368191,167948
141556,hold,529162,451055,19783
141616,hold,373353,430683,195964
141676,hold,329028,335002,335970
141736,hold,349696,378569,271736
141796,hold,331604,586053,82343
141856,hold,485622,476139,38239
141916,hold,497654,305865,196482
141976,hold,420136,568300,11565
142036,long,741518,222049,36432
142096,hold,548653,343432,107914
142156,hold,562165,312338,125497
142216,long,659561,320092,20348
142276,hold,468578,518369,13054
142336,hold,346877,335968,317155
142396,hold,432749,325032,242219
142456,hold,506117,401505,92378
142516,hold,322809,330852,346340
142576,hold,223478,417286,359236
142636,hold,406602,415832,177566
142696,hold,309443,304801,385757
142756,hold,558928,265799,175273
142816,hold,281113,296638,422249
142876,hold,309981,299372,390647
142936,hold,294978,283120,421901
142996,hold,302106,315072,382822
143056,hold,489874,313799,196328
143116,hold,240544,331900,427555
143176,hold,312427,313302,374270
143236,hold,341722,300742,357536
143296,hold,334668,374997,290335
143356,hold,375554,478503,145943
143416,hold,576785,417407,5808
143476,long,609338,329116,61547
143536,long,723413,196417,80170
143596,hold,423409,554468,22123
143656,hold,323638,352392,323970
143716,hold,410734,459424,129842
143776,hold,350226,427780,221994
143836,hold,304042,341374,354584
143896,hold,354769,293893,351338
143956,hold,303135,322676,374189
144016,hold,349182,384324,266494
144076,hold,498038,294985,206977
144136,hold,417362,315564,267074
144196,hold,351135,311332,337533
144256,hold,390930,304646,304424
144316,hold,228986,328307,442707
144376,hold,277794,322171,400035
144436,hold,329066,263043,407891
144496,hold,408881,451977,139142
144556,hold,394902,279824,325274
144616,hold,380606,314657,304736
144676,hold,294686,368344,336970
144736,hold,315192,355937,328870
144796,hold,403581,348586,247833
144856,hold,516853,442063,41084
144916,hold,419354,378498,202148
144976,hold,276853,404871,318276
145036,hold,534269,277308,188423
145096,hold,517162,302683,180155
145156,hold,418290,392635,189075
145216,hold,310360,326676,362964
145276,hold,311460,287556,400984
145336,hold,321664,322872,355463
145396,hold,210562,292289,497148
145456,hold,314156,287017,398826
145516,hold,250615,270770,478616
145576,hold,256477,270613,472910
145636,hold,266611,327575,405814
145696,hold,273737,266076,460187
145756,hold,470090,270143,259767
145816,hold,285367,282631,432002
145876,hold,373187,280262,346551
145936,hold,379290,304378,316332
145996,hold,288325,248616,463059
146056,hold,213894,220566,565540
146116,hold,217782,206892,575325
146176,hold,229205,225716,545079
146236,hold,374579,306576,318845
146296,hold,347841,497375,154784
146356,hold,456676,369093,174231
146416,hold,335231,413662,251108
146476,hold,267404,325998,406598
146536,hold,338880,285434,375686
146596,hold,226995,257594,515410
146656,hold,338104,305412,356483
146716,hold,289704,359643,350653
146776,hold,317466,249997,432537
146836,hold,250219,281345,468436
146896,hold,348195,290767,361038
146956,hold,372865,305343,321792
147016,hold,313613,308061,378327
147076,hold,309855,319473,370672
147136,hold,402891,383960,213149
147196,hold,380076,297752,322171
147256,hold,352996,276524,370479
147316,hold,268390,256323,475287
147376,hold,227756,338160,434084
147436,hold,203322,234517,562161
147496,hold,283768,268009,448223
147556,hold,257534,286326,456139
147616,hold,355989,347718,296293
147676,hold,371899,322495,305605
147736,hold,336587,320349,343064
147796,hold,381407,281855,336738
147856,hold,410721,334622,254657
147916,hold,386190,312179,301631
147976,hold,299736,370373,329890
148036,hold,339921,344509,315570
148096,long,611000,350213,38787
148156,hold,448226,336779,214995
148216,hold,429500,396467,174033
148276,hold,403437,326162,270401
148336,hold,519918,313698,166384
148396,hold,384886,386960,228154
148456,hold,404614,362297,233089
148516,hold,380813,469823,149363
148576,hold,339341,327080,333579
148636,hold,235569,277770,486662
148696,hold,389628,312613,297758
148756,hold,418390,476611,105000
148816,hold,235293,291870,472837
148876,hold,369597,297677,332725
148936,hold,298519,263223,438258
148996,hold,421907,311297,266796
149056,hold,280827,295255,423918
149116,hold,376361,304574,319065
149176,hold,403165,401123,195712
149236,hold,429361,530946,39693
149296,hold,528432,416596,54972
149356,hold,315609,396329,288062
149416,hold,405066,271360,323574
149476,hold,293567,299312,407121
149536,hold,318484,292835,388681
149596,hold,318825,265525,415650
149656,hold,323345,297453,379202
149716,hold,295965,262428,441606
149776,hold,335592,370948,293460
149836,hold,287242,309360,403398
149896,hold,394453,284581,320966
149956,hold,250518,272389,477093
150016,hold,247480,219695,532824
150076,hold,351011,298940,350049
150136,hold,281687,291988,426325
150196,hold,328532,242315,429153
150256,hold,237990,327919,434090
150316,hold,386060,263057,350882
150376,hold,318565,360745,320689
150436,hold,300663,338095,361242
150496,hold,378705,289552,331743
150556,hold,287002,315444,397553
150616,hold,496953,426805,76242
150676,hold,476111,416143,107746
150736,hold,418041,336119,245840
150796,hold,336928,299839,363233
150856,hold,529081,311627,159293
150916,hold,328315,356332,315353
150976,hold,329890,301911,368199
151036,hold,336363,358412,305225
151096,hold,354055,362693,283252
151156,hold,348609,295524,355867
151216,hold,332293,318414,349293
151276,hold,367964,339244,292792
151336,hold,388172,288879,322948
151396,hold,240002,253127,506871
151456,hold,286942,311043,402015
151516,hold,262547,259802,477651
151576,hold,411027,323441,265532
151636,hold,232293,275674,492034
151696,hold,357410,288525,354065
151756,hold,504189,261863,233948
151816,hold,337373,269680,392947
151876,hold,318547,292982,388471
151936,hold,275598,244435,479966
151996,hold,253964,280943,465093
152056,hold,370411,337034,292555
152116,hold,379821,343427,276752
152176,hold,424636,298985,276379
152236,hold,357901,287023,355076
152296,hold,454425,364647,180929
152356,hold,415459,365452,219089
152416,hold,318937,284345,396718
152476,hold,295695,306537,397767
152536,hold,261874,275465,462661
152596,hold,232509,261233,506258
152656,hold,255060,297000,447940
152716,hold,346391,299856,353753
152776,hold,296596,328487,374918
152836,hold,217896,236063,546041
152896,hold,228745,282701,488553
152956,hold,264809,281480,453711
153016,hold,295375,284883,419742
153076,hold,268871,281194,449936
153136,hold,248372,275261,476367
153196,hold,299092,314265,386642
153256,hold,299640,311379,388980
153316,hold,211028,212360,576612
153376,hold,327172,288255,384573
153436,hold,257112,270934,471953
153496,hold,341909,321448,336643
153556,hold,392664,432514,174822
153616,hold,399034,378406,222559
153676,hold,383940,300311,315750
153736,hold,364076,309679,326245
153796,hold,241821,327419,430760
153856,hold,292686,250369,456944
153916,hold,230786,242760,526454
153976,hold,214969,199387,585644
154036,hold,248557,288814,462630
154096,hold,193394,192991,613616
154156,hold,293557,239369,467074
154216,hold,227426,268539,504035
154276,hold,193547,201598,604855
154336,hold,258692,308360,432949
154396,hold,212990,214304,572706
154456,hold,271395,271741,456864
154516,hold,252726,229040,518234
154576,hold,220756,214029,565216
154636,hold,221088,269347,509565
154696,hold,208722,201849,589429
154756,hold,205658,197070,597272
154816,hold,153445,168396,678159
154876,hold,179200,189745,631054
154936,hold,210925,220916,568159
154996,hold,234355,210572,555073
155056,hold,235870,201158,562972
155116,hold,226888,194749,578363
155176,hold,201183,190122,608695
155236,hold,170778,173351,655871
155296,hold,220189,209848,569962
155356,hold,220849,218601,560550
155416,hold,186946,197943,615111
155476,hold,279388,307826,412786
155536,hold,181132,178548,640320
155596,hold,270006,271681,458312
155656,hold,313101,281774,405124
155716,hold,238114,296601,465286
155776,hold,194848,185522,619631
155836,hold,179795,192483,627722
155896,hold,212427,191847,595726
155956,hold,204583,190186,605231
156016,hold,222507,272074,505419
156076,hold,249613,286624,463763
156136,hold,211975,279783,508242
156196,hold,183143,189860,626997
156256,hold,179737,175885,644378
156316,hold,223631,220773,555596
156376,hold,188810,192879,618311
156436,hold,227913,233526,538561
156496,hold,262997,247470,489532
156556,hold,242591,282910,474500
156616,hold,314891,285869,399240
156676,hold,203794,277793,518413
156736,hold,175819,179394,644787
156796,hold,286874,279144,433982
156856,hold,156667,161220,682112
156916,hold,181914,261568,556518
156976,hold,236174,198306,565519
157036,hold,228576,206124,565300
157096,hold,171102,174739,654159
157156,hold,159035,161141,679825
157216,hold,173016,175902,651082
157276,hold,169049,171022,659930
157336,hold,175569,176739,647692
157396,hold,248016,302510,449474
157456,hold,270046,239838,490116
157516,hold,192081,243724,564195
157576,hold,233617,285473,480911
157636,hold,297521,335057,367422
157696,hold,254178,255587,490235
157756,hold,232902,270798,496300
157816,hold,288836,349568,361596
157876,hold,226753,215296,557951
157936,hold,258629,237403,503968
157996,hold,185566,190312,624122
158056,hold,255499,270920,473581
158116,hold,195678,175764,628558
158176,hold,379162,282570,338267
158236,hold,256613,272200,471187
158296,hold,284235,259204,456561
158356,hold,370329,298202,331469
158416,hold,334211,308050,357739
158476,hold,517349,326237,156414
158536,hold,379970,306445,313585
158596,hold,257700,286347,455954
158656,hold,256168,284181,459651
158716,hold,280364,291149,428487
158776,hold,256569,245506,497924
158836,hold,220812,234063,545126
158896,hold,204643,204273,591084
158956,hold,241821,257287,500893
159016,hold,210498,210986,578516
159076,hold,362305,313450,324244
159136,hold,361610,357489,280901
159196,hold,285783,347397,366820
159256,hold,523597,345802,130601
159316,hold,453488,375344,171168
159376,hold,340713,336913,322374
159436,hold,563263,243150,193587
159496,hold,376181,369975,253844
159556,hold,328881,270928,400191
159616,hold,209393,251764,538843
159676,hold,208375,216382,575242
159736,hold,277891,277611,444499
159796,hold,221700,209593,568707
159856,hold,315232,295429,389339
159916,hold,574161,302234,123605
159976,hold,274365,396747,328888
160036,hold,310596,353626,335777
160096,hold,219701,277007,503291
160156,hold,262126,249340,488534
160216,hold,234347,262199,503454
160276,hold,192382,204009,603609
160336,hold,249519,306232,444249
160396,hold,244856,290478,464666
160456,hold,309499,270016,420485
160516,hold,248830,228473,522697
160576,hold,219648,225877,554475
160636,hold,402091,473960,123948
160696,hold,473270,358337,168393
160756,hold,285646,467364,246990
160816,hold,404349,360306,235345
160876,hold,309414,384122,306464
160936,hold,290089,317514,392398
160996,hold,253936,295221,450843
161056,hold,385356,339317,275327
161116,hold,336031,231862,432107
161176,long,872596,114086,13318
161236,hold,400509,345615,253876
161296,hold,495387,356569,148045
161356,hold,495356,380343,124301
161416,hold,279461,324953,395586
161476,hold,259159,280484,460356
161536,hold,252580,287521,459899
161596,hold,257738,325742,416520
161656,hold,329019,309634,361347
161716,hold,259316,277088,463595
161776,hold,314983,381202,303816
161836,hold,266027,282809,451165
161896,hold,427870,288683,283446
161956,hold,211003,220698,568299
162016,hold,366966,391559,241475
162076,hold,307722,344830,347448
162136,hold,469251,522458,8292
162196,hold,548529,370309,81162
162256,hold,455064,290863,254073
162316,hold,404681,295324,299995
162376,hold,312801,333852,353347
162436,hold,392680,245083,362237
162496,hold,427013,286021,286967
162556,hold,309571,263120,427309
162616,hold,301016,357815,341169
162676,hold,304212,252399,443389
162736,hold,300558,335966,363477
162796,hold,300530,335354,364116
162856,hold,389732,299082,311187
162916,hold,250205,285693,464102
162976,hold,394850,373309,231841
163036,hold,310499,292238,397264
163096,hold,327290,305466,367244
163156,hold,334847,308897,356256
163216,hold,265263,303992,430745
163276,hold,337463,320930,341607
163336,hold,264433,234448,501119
163396,hold,238890,259836,501274
163456,hold,350833,294134,355033
163516,hold,272825,264122,463053
163576,hold,497276,369635,133090
163636,hold,387197,336066,276737
163696,hold,287178,262114,450708
163756,hold,344371,346612,309017
163816,hold,446926,315971,237103
163876,hold,254693,273944,471363
163936,hold,223664,261339,514997
163996,hold,289369,282231,428399
164056,hold,293199,270143,436659
164116,hold,207778,200512,591710
164176,hold,278217,326160,395622
164236,hold,256777,361234,381989
164296,hold,352340,291323,356336
164356,hold,242817,326050,431132
164416,hold,337346,280201,382453
164476,hold,350160,245152,404688
164536,hold,323343,301911,374746
164596,hold,213872,286048,500080
164656,hold,225835,256233,517931
164716,hold,224084,239236,536680
164776,hold,210315,234762,554923
164836,hold,409118,342029,248853
164896,hold,98294,555046,346661
164956,hold,257979,362794,379227
165016,short,179210,647471,173318
165076,hold,390432,518930,90638
165136,hold,326526,320411,353063
165196,hold,346898,299599,353503
165256,hold,347621,271408,380971
165316,hold,255571,295130,449299
165376,hold,231771,257875,510355
165436,hold,256013,241952,502035
165496,hold,317461,310455,372084
165556,hold,185059,220386,594555
165616,hold,282207,285612,432181
165676,hold,205434,223303,571263
165736,hold,211165,231850,556985
165796,hold,194728,219629,585643
165856,hold,187850,265263,546887
165916,hold,196781,302779,500440
165976,hold,214631,216695,568673
166036,hold,256344,213977,529679
166096,hold,289706,248605,461689
166156,hold,263200,299313,437487
166216,hold,237698,226264,536038
166276,hold,258101,207710,534189
166336,hold,304832,256086,439082
166396,hold,230824,237771,531404
166456,hold,330850,364450,304700
166516,hold,307362,286107,406531
166576,hold,232892,219178,547930
166636,hold,224572,231404,544023
166696,hold,164021,178660,657319
166756,hold,237415,197877,564709
166816,hold,156812,176965,666223
166876,hold,202392,194105,603502
166936,hold,360996,263976,375028
166996,hold,184445,216010,599545
167056,hold,239459,208626,551914
167116,hold,270297,419652,310051
167176,hold,307556,273743,418701
167236,hold,186937,199376,613687
167296,hold,271955,237078,490967
167356,hold,201333,299513,499155
167416,hold,257118,254599,488283
167476,hold,257346,221565,521088
167536,hold,240182,246720,513098
167596,hold,197099,192843,610057
167656,hold,187782,189628,622590
167716,hold,224532,290889,484579
167776,hold,224498,274556,500945
167836,hold,317714,268156,414130
167896,hold,238918,232390,528692
167956,hold,257490,248856,493654
168016,hold,248186,259594,492220
168076,hold,368271,333593,298136
168136,hold,279916,207351,512733
168196,hold,204984,180821,614195
168256,hold,230208,197531,572261
168316,hold,167622,311247,521131
168376,hold,308674,306684,384641
168436,hold,295693,340521,363786
168496,hold,417656,366874,215470
168556,hold,373293,418021,208687
168616,hold,430010,292256,277734
168676,hold,377965,292025,330010
168736,hold,309192,271959,418849
168796,hold,296844,291563,411594
168856,hold,315834,273090,411076
168916,hold,195001,199201,605798
168976,hold,309808,300141,390051
169036,hold,282968,233892,483139
169096,hold,232084,236325,531591
169156,hold,404998,303579,291422
169216,hold,337397,307279,355324
169276,hold,297461,311291,391248
169336,hold,296815,252691,450494
169396,hold,430752,357736,211512
169456,hold,280120,374814,345067
169516,hold,272560,235305,492135
169576,hold,220310,228928,550762
169636,hold,453618,267112,279270
169696,hold,188946,224455,586599
169756,hold,211762,210629,577609
169816,hold,264448,275806,459746
169876,hold,361432,292342,346226
169936,hold,245592,307813,446595
169996,hold,379989,537053,82958
170056,hold,321264,338999,339737
170116,hold,379708,316491,303801
170176,hold,325233,282401,392366
170236,hold,303289,255411,441300
170296,hold,312784,284741,402475
170356,hold,299297,279315,421388
170416,hold,247280,287541,465179
170476,hold,232884,253090,514026
170536,hold,218288,222841,558872
170596,hold,313228,351018,335754
170656,hold,234246,255191,510563
170716,hold,332170,343769,324061
170776,hold,363492,416198,220310
170836,hold,236297,255979,507724
170896,hold,282932,282598,434470
170956,hold,350120,345891,303989
171016,hold,295767,292597,411636
171076,hold,246764,268194,485042
171136,hold,262973,322440,414588
171196,hold,394130,327456,278415
171256,hold,416696,376505,206799
171316,hold,291650,387916,320434
171376,hold,296374,315872,387754
171436,hold,219442,246753,533804
171496,hold,251734,230157,518110
171556,hold,272510,248985,478504
171616,hold,305330,285620,409050
171676,hold,273867,265574,460559
171736,hold,237131,207685,555185
171796,hold,276820,228997,494183
171856,hold,307853,235557,456590
171916,hold,199267,217079,583654
171976,hold,255292,274166,470543
172036,hold,201564,215756,582680
172096,hold,282916,290765,426319
172156,hold,376895,326209,296896
172216,hold,356591,328210,315199
172276,hold,510453,280489,209058
172336,hold,352669,341311,306021
172396,hold,269949,250442,479608
172456,hold,384586,324457,290957
172516,hold,243335,306937,449727
172576,hold,357071,337967,304962
172636,hold,253553,234022,512424
172696,hold,289711,314854,395435
172756,hold,388659,278069,333273
172816,hold,269178,222433,508389
172876,hold,277667,285372,436961
172936,hold,226968,219724,553308
172996,hold,323648,318371,357981
173056,hold,231837,226166,541996
173116,hold,290791,285874,423335
173176,hold,192703,190499,616798
173236,hold,236378,208492,555130
173296,hold,202808,187861,609331
173356,hold,229926,274235,495839
173416,hold,350682,307342,341976
173476,hold,340099,274362,385539
173536,hold,271746,271541,456713
173596,hold,283199,285205,431597
173656,hold,566715,333046,100240
173716,hold,213193,493833,292973
173776,hold,375435,407355,217211
173836,hold,270016,226897,503087
173896,hold,342361,271699,385940
173956,hold,401081,318260,280659
174016,hold,342806,264606,392588
174076,hold,305851,274291,419858
174136,hold,288289,276215,435496
174196,hold,265923,302972,431105
174256,hold,293009,288779,418213
174316,hold,313867,279546,406587
174376,hold,285341,272772,441887
174436,hold,315712,268215,416073
174496,hold,196589,197510,605901
174556,hold,219660,272525,507815
174616,hold,220624,279400,499976
174676,hold,304904,298617,396479
174736,hold,260728,262741,476531
174796,hold,357487,282853,359660
174856,hold,255109,216336,528554
174916,hold,276308,286202,437490
174976,hold,202935,277871,519194
175036,hold,332760,344707,322533
175096,hold,356942,404450,238608
175156,hold,264864,327063,408073
175216,hold,402529,367231,230240
175276,hold,269157,320630,410213
175336,hold,283031,292691,424277
175396,hold,296167,265852,437981
175456,hold,265095,276806,458100
175516,hold,183629,185045,631326
175576,hold,302566,276700,420733
175636,hold,238003,240837,521160
175696,hold,195197,259773,545030
175756,hold,222222,275283,502496
175816,hold,206101,207015,586884
175876,hold,214144,261551,524305
175936,hold,230289,219272,550439
175996,hold,211072,180967,607961
176056,hold,193438,267223,539339
176116,hold,225697,202196,572107
176176,hold,215422,208568,576010
176236,hold,208350,182786,608864
176296,hold,216700,196356,586944
176356,hold,243372,267953,488675
176416,hold,243256,199510,557234
176476,hold,251025,275864,473111
176536,hold,159291,177685,663023
176596,hold,246670,272420,480910
176656,hold,185241,256499,558260
176716,hold,263599,300558,435843
176776,hold,282455,273711,443833
176836,hold,222697,190347,586957
176896,hold,157297,171655,671049
176956,hold,157846,162272,679881
177016,hold,223360,217796,558844
177076,hold,181718,163495,654787
177136,hold,353122,250994,395884
177196,hold,268726,266888,464386
177256,hold,271917,295815,432268
177316,hold,262856,279845,457299
177376,hold,298110,222737,479153
177436,hold,237187,211972,550841
177496,hold,254100,218272,527628
177556,hold,265639,228686,505675
177616,hold,270333,313779,415888
177676,hold,280946,283335,435719
177736,hold,225881,297374,476744
177796,hold,287178,235397,477425
177856,hold,291416,206035,502549
177916,hold,205667,209628,584705
177976,hold,237129,229345,533525
178036,hold,195081,206740,598179
178096,hold,227130,280218,492652
178156,hold,201130,201044,597827
178216,hold,221805,193825,584370
178276,hold,184944,185786,629270
178336,hold,242587,248598,508816
178396,hold,136843,151271,711886
178456,hold,326856,357168,315976
178516,hold,353134,345479,301388
178576,hold,403701,308269,288030
178636,hold,318271,281064,400664
178696,hold,534353,331733,133914
178756,hold,297615,248110,454275
178816,hold,295367,236532,468102
178876,hold,197906,228143,573951
178936,hold,232197,271353,496450
178996,hold,238785,239403,521812
179056,hold,186864,192529,620607
179116,hold,196350,295036,508614
179176,hold,183739,192747,623514
179236,hold,205028,269962,525010
179296,hold,317775,266198,416028
179356,hold,227516,246133,526351
179416,hold,395333,467416,137250
179476,hold,374080,400678,225241
179536,hold,393906,294504,311590
179596,hold,241742,276953,481304
179656,hold,351085,291966,356948
179716,hold,359668,286336,353996
179776,hold,303753,233588,462659
179836,hold,396425,290282,313293
179896,hold,341933,293834,364233
179956,hold,203547,216779,579674
180016,hold,295187,291022,413791
180076,hold,303466,238059,458476
180136,hold,300456,276575,422968
180196,hold,219407,220982,559611
180256,hold,174710,183695,641595
180316,hold,181097,171072,647830
180376,hold,193936,197174,608890
180436,hold,198741,219889,581370
180496,hold,243572,281414,475014
180556,hold,176247,181881,641872
180616,hold,202957,203496,593548
180676,hold,245435,249646,504919
180736,hold,292432,233647,473922
180796,hold,281029,261931,457040
180856,hold,390528,333542,275930
180916,hold,308042,307746,384212
180976,hold,373049,339463,287487
181036,hold,334962,274330,390708
181096,hold,301671,217918,480411
181156,hold,291348,284950,423702
181216,hold,240823,227753,531424
181276,hold,220004,268647,511350
181336,hold,397620,327057,275323
181396,hold,370480,304578,324942
181456,hold,353364,319760,326876
181516,hold,379864,304723,315413
181576,hold,316004,310813,373182
181636,hold,258638,262238,479124
181696,hold,340117,301255,358629
181756,hold,305624,308984,385392
181816,hold,346980,280369,372651
181876,hold,220955,215748,563297
181936,hold,207059,276704,516237
181996,hold,188532,185059,626409
182056,hold,227606,231463,540931
182116,hold,245154,275925,478921
182176,hold,203620,190853,605527
182236,hold,191376,277298,531326
182296,hold,333181,302069,364750
182356,hold,314064,328213,357723
182416,hold,312898,344841,342261
182476,hold,255637,254002,490361
182536,hold,350185,387606,262209
182596,hold,341027,366201,292772
182656,hold,349877,348207,301916
182716,hold,303228,295995,400777
182776,hold,376257,284811,338932
182836,hold,243455,263399,493146
182896,hold,232050,288165,479786
182956,hold,341182,290110,368708
183016,hold,447442,302136,250422
183076,hold,308781,285006,406213
183136,hold,317933,330165,351902
183196,hold,279714,275401,444885
183256,hold,231529,221985,546485
183316,hold,254304,286093,459603
183376,hold,392382,302485,305133
183436,hold,198142,206110,595748
183496,hold,209368,211555,579076
183556,hold,243569,239207,517224
183616,hold,218212,275656,506132
183676,hold,243880,244356,511764
183736,hold,382795,340382,276823
183796,hold,418708,310540,270752
183856,long,601240,276777,121983
183916,hold,280025,269261,450714
183976,hold,346070,316516,337414
184036,hold,283760,309494,406746
184096,hold,350500,392995,256505
184156,hold,557390,282581,160029
184216,hold,509588,411738,78674
184276,hold,261626,297899,440475
184336,hold,286453,289472,424075
184396,hold,474111,293884,232006
184456,hold,269551,308733,421717
184516,hold,318618,283214,398168
184576,hold,281628,268265,450108
184636,hold,229219,243178,527602
184696,hold,230240,279856,489903
184756,hold,308480,302133,389387
184816,hold,397307,383133,219560
184876,hold,532994,302403,164603
184936,hold,381999,323609,294393
184996,hold,228684,246201,525115
185056,hold,362502,367687,269811
185116,hold,251247,229875,518879
185176,hold,322596,392503,284901
185236,hold,435283,427130,137587
185296,hold,397914,360749,241337
185356,hold,385348,274342,340309
185416,hold,254579,246862,498559
185476,hold,277137,337408,385455
185536,hold,262272,284104,453623
185596,hold,225456,309199,465345
185656,hold,229310,237094,533596
185716,hold,259272,284937,455791
185776,hold,255117,275678,469205
185836,hold,258791,216528,524681
185896,hold,217373,202655,579972
185956,hold,170956,180898,648146
186016,hold,205473,222298,572229
186076,hold,187914,188478,623608
186136,hold,272377,282790,444833
186196,hold,261410,286429,452161
186256,hold,281275,247983,470742
186316,hold,249325,327287,423388
186376,hold,284870,286900,428230
186436,hold,235266,303613,461121
186496,hold,258480,227144,514376
186556,hold,189640,200691,609669
186616,hold,213087,218897,568017
186676,hold,238006,238635,523358
186736,hold,230584,275322,494093
186796,hold,201053,222423,576524
186856,hold,269718,264669,465613
186916,hold,187877,199856,612267
186976,hold,280087,274856,445056
187036,hold,249687,246407,503906
187096,hold,260222,279079,460699
187156,hold,434757,460061,105182
187216,hold,378794,480983,140223
187276,hold,381438,362746,255816
187336,hold,250567,339786,409647
187396,hold,329878,316084,354037
187456,hold,349181,307964,342855
187516,hold,231295,303287,465418
187576,hold,237045,294254,468701
187636,hold,272664,288559,438777
187696,hold,430551,225130,344319
187756,hold,434593,302263,263143
187816,hold,212947,242103,544949
187876,hold,220580,260307,519113
187936,hold,307939,275726,416335
187996,hold,273383,288917,437701
188056,hold,436797,340028,223174
188116,hold,337724,338352,323924
188176,hold,380426,371327,248247
188236,hold,316701,307687,375611
188296,hold,297110,311747,391142
188356,hold,379173,285611,335216
188416,hold,247004,300220,452776
188476,hold,244592,325680,429729
188536,hold,336160,377544,286296
188596,hold,329915,294084,376001
188656,hold,426137,300173,273689
188716,hold,373073,436103,190824
188776,hold,369584,295989,334427
188836,hold,299610,278438,421952
188896,hold,320297,288699,391004
188956,hold,255280,248355,496366
189016,hold,208820,222668,568512
189076,hold,547732,321697,130570
189136,hold,463765,247034,289201
189196,hold,234656,219999,545345
189256,hold,331018,279366,389616
189316,hold,252652,268814,478533
189376,hold,313256,292795,393949
189436,hold,351763,375001,273236
189496,hold,467226,420609,112164
189556,hold,514370,337754,147876
189616,hold,457470,343920,198610
189676,hold,241033,256967,502000
189736,hold,352509,470572,176919
189796,hold,589833,316794,93372
189856,hold,442194,261191,296615
189916,hold,302426,281038,416536
189976,hold,323204,265188,411608
190036,hold,259265,284669,456066
190096,hold,301302,333743,364955
190156,hold,478668,289945,231388
190216,hold,333566,327701,338733
190276,hold,340421,345218,314361
190336,hold,340895,326758,332346
190396,hold,286212,261905,451883
190456,hold,261499,264982,473519
190516,hold,241246,214815,543939
190576,hold,265163,229173,505664
190636,hold,243074,228587,528339
190696,hold,269471,282307,448222
190756,hold,208895,221180,569925
190816,hold,276790,277918,445292
190876,hold,421161,295228,283611
190936,hold,584201,343444,72355
190996,hold,399462,369168,231370
191056,hold,313103,495900,190997
191116,hold,203698,315031,481270
191176,hold,392586,267797,339617
191236,hold,251120,259125,489756
191296,hold,237724,276471,485805
191356,hold,388111,248226,363662
191416,hold,306129,327341,366530
191476,hold,299176,263870,436954
191536,hold,253056,256403,490541
191596,hold,345892,310398,343709
191656,hold,244048,307311,448641
191716,hold,239297,240906,519798
191776,hold,250090,246612,503299
191836,hold,275419,277746,446835
191896,hold,189408,199381,611211
191956,hold,248170,291368,460462
192016,hold,290007,321905,388088
192076,hold,296724,326933,376343
192136,hold,318455,300262,381282
192196,hold,257781,268161,474058
192256,hold,252289,218488,529223
192316,hold,333717,246706,419577
192376,hold,526223,343922,129854
192436,hold,386585,336554,276861
192496,hold,252316,273158,474526
192556,hold,319375,331600,349025
192616,hold,289436,315225,395339
192676,hold,369508,279738,350755
192736,hold,216025,283499,500476
192796,hold,260778,227656,511566
192856,hold,168915,174150,656934
192916,hold,225753,224193,550055
192976,hold,360252,303202,336546
193036,hold,215867,295339,488794
193096,hold,361114,276323,362563
193156,hold,240679,266679,492642
193216,hold,303891,258478,437630
193276,hold,225124,239613,535263
193336,hold,317295,298842,383863
193396,hold,263336,264006,472658
193456,hold,334698,270502,394800
193516,hold,265609,252055,482336
193576,hold,338806,305177,356017
193636,hold,406375,293921,299704
193696,hold,240821,251388,507791
193756,hold,394802,303655,301543
193816,hold,373256,423119,203625
193876,hold,466997,315471,217532
193936,hold,266968,317930,415102
193996,hold,303436,315228,381336
194056,hold,283519,318391,398090
194116,hold,268929,291348,439723
194176,hold,387984,356120,255897
194236,hold,272794,319672,407535
194296,hold,495388,306680,197932
194356,hold,266274,313355,420371
194416,hold,418009,279108,302884
194476,hold,300574,328115,371311
194536,hold,319467,289965,390568
194596,hold,309453,280089,410458
194656,hold,245305,254897,499797
194716,hold,267598,248297,484105
194776,hold,291717,223041,485241
194836,hold,252297,240810,506893
194896,hold,426194,319334,254471
194956,hold,255302,268064,476633
195016,hold,283086,317801,399113
195076,hold,225688,234513,539799
195136,hold,260687,281457,457856
195196,hold,212145,212691,575164
195256,hold,429397,308591,262012
195316,hold,346555,353948,299497
195376,hold,335554,269421,395026
195436,hold,337468,279159,383373
195496,hold,322965,248354,428682
195556,hold,260775,292106,447119
195616,hold,180705,199205,620090
195676,hold,331605,365894,302502
195736,hold,242696,327006,430299
195796,hold,296611,264522,438867
195856,hold,267245,368302,364453
195916,hold,301786,303742,394473
195976,hold,332468,327081,340451
196036,hold,290714,274480,434806
196096,hold,283670,284161,432169
196156,hold,172647,177452,649901
196216,hold,224240,211415,564344
196276,hold,188456,184127,627418
196336,hold,172730,262644,564626
196396,hold,269298,308144,422557
196456,hold,279286,276423,444291
196516,hold,239187,299937,460876
196576,hold,244161,236156,519683
196636,hold,231728,224043,544229
196696,hold,303200,252833,443967
196756,hold,224309,229962,545729
196816,hold,224286,211017,564697
196876,hold,189214,194596,616190
196936,hold,379577,424498,195925
196996,hold,225615,217861,556524
197056,hold,227561,208396,564043
197116,hold,298429,274244,427326
197176,hold,312842,295856,391302
197236,hold,222525,239401,538074
197296,hold,212136,188468,599395
197356,hold,200138,214072,585789
197416,hold,200682,198745,600573
197476,hold,191484,290674,517842
197536,hold,245281,269473,485246
197596,hold,227872,267477,504651
197656,hold,219589,279713,500698
197716,hold,235035,211910,553055
197776,hold,178937,302958,518105
197836,hold,205934,221472,572594
197896,hold,251309,246496,502195
197956,hold,188808,178178,633013
198016,hold,222890,204960,572150
198076,hold,206062,255300,538638
198136,hold,222434,309378,468188
198196,hold,325744,300693,373562
198256,hold,301410,337779,360811
198316,hold,348572,320049,331379
198376,hold,589341,250753,159906
198436,hold,348498,405046,246456
198496,hold,314249,322602,363149
198556,hold,362093,283158,354749
198616,hold,362117,376915,260968
198676,hold,344953,270967,384080
198736,hold,195971,377461,426568
198796,hold,537432,267872,194696
198856,hold,387484,336777,275740
198916,hold,296153,404098,299749
198976,hold,326557,369692,303751
199036,hold,471622,340444,187933
199096,hold,365094,456064,178842
199156,hold,436505,370140,193355
199216,hold,299967,328040,371993
199276,hold,350281,257189,392530
199336,hold,249368,320617,430014
199396,hold,292641,277995,429363
199456,hold,324327,332958,342715
199516,hold,331723,335145,333132
199576,hold,401594,322615,275791
199636,hold,338802,352326,308872
199696,hold,310968,333127,355904
199756,hold,133028,384134,482838
199816,hold,281242,350863,367895
199876,hold,447118,325812,227070
199936,hold,253668,319562,426770
199996,hold,231003,249801,519196
200056,hold,282461,326824,390715
200116,hold,262786,293736,443478
200176,hold,412324,352804,234872
200236,hold,430446,413879,155674
200296,hold,410888,318672,270440
200356,hold,302029,256379,441592
200416,hold,268785,308074,423141
200476,hold,286132,316040,397829
200536,hold,322506,284490,393004
200596,hold,349850,339600,310550
200656,hold,320105,266552,413343
200716,hold,268791,290951,440258
200776,hold,219158,220586,560256
200836,hold,261806,321756,416438
200896,hold,215834,213223,570943
200956,hold,273395,259192,467413
201016,hold,449199,339731,211070
201076,hold,352082,283668,364250
201136,hold,256466,296304,447230
201196,hold,228941,513306,257752
201256,hold,299061,275984,424955
201316,hold,490544,349446,160010
201376,hold,234475,304009,461516
201436,hold,432281,433532,134186
201496,hold,328505,407909,263585
201556,hold,389519,298502,311979
201616,hold,429601,274293,296106
201676,hold,382815,375880,241305
201736,hold,238345,360898,400757
201796,hold,283953,298258,417789
201856,hold,256808,239731,503461
201916,hold,379677,336490,283834
201976,hold,293350,308112,398538
202036,hold,365768,471692,162539
202096,hold,347450,320441,332110
202156,hold,252625,283827,463548
202216,hold,356096,363234,280670
202276,hold,279162,279955,440883
202336,hold,308257,247171,444572
202396,hold,267495,282635,449870
202456,hold,332202,359567,308231
202516,short,168634,633607,197759
202576,hold,423003,447071,129925
202636,hold,428214,550172,21614
202696,hold,496686,323925,179389
202756,hold,472086,438213,89701
202816,hold,248962,361349,389689
202876,hold,309189,339481,351330
202936,hold,280345,279052,440603
202996,hold,281908,485952,232140
203056,hold,430654,495142,74204
203116,hold,429720,450233,120047
203176,hold,398986,446203,154811
203236,hold,302532,355014,342454
203296,hold,293185,328716,378099
203356,hold,413640,291240,295120
203416,hold,295198,353527,351275
203476,hold,445740,320979,233281
203536,hold,272252,275545,452203
203596,hold,392577,342482,264941
203656,hold,276020,291164,432816
203716,hold,311182,312672,376146
203776,hold,352451,325284,322265
203836,hold,227518,316844,455638
203896,hold,576523,391221,32257
203956,hold,340077,403239,256684
204016,hold,400947,350086,248967
204076,hold,203251,303536,493213
204136,hold,370884,287703,341413
204196,hold,336466,306229,357305
204256,hold,306026,301205,392770
204316,hold,366642,281773,351585
204376,hold,311687,284206,404107
204436,hold,225525,215725,558750
204496,hold,256136,327452,416413
204556,hold,350979,335840,313181
204616,hold,302907,305477,391617
204676,hold,254035,257890,488075
204736,hold,276623,346783,376594
204796,hold,275604,284570,439826
204856,hold,293863,323095,383042
204916,hold,337614,296027,366358
204976,hold,231025,250794,518182
205036,hold,300756,293131,406113
205096,hold,263600,317644,418755
205156,hold,214139,200668,585193
205216,long,948905,48571,2524
205276,hold,507516,353765,138719
205336,hold,404228,348205,247567
205396,hold,448118,360132,191750
205456,hold,512747,417261,69992
205516,hold,478660,337745,183595
205576,hold,354588,343534,301878
205636,hold,387709,375158,237134
205696,hold,255428,385824,358748
205756,hold,540364,239270,220366
205816,hold,433895,352687,213418
205876,hold,356879,299409,343712
205936,hold,472107,440434,87459
205996,hold,334546,309939,355515
206056,hold,459050,239869,301081
206116,hold,271450,276793,451757
206176,hold,236214,291798,471988
206236,hold,260283,296478,443239
206296,hold,228647,252873,518481
206356,hold,306060,260361,433579
206416,hold,243644,310277,446079
206476,hold,235410,290276,474313
206536,hold,236746,222715,540538
206596,hold,263658,388840,347502
206656,hold,305138,324276,370587
206716,hold,290119,340308,369574
206776,hold,346451,232205,421344
206836,hold,273328,293555,433117
206896,hold,267980,287868,444152
206956,hold,299495,292124,408381
207016,hold,219232,227417,553351
207076,hold,259836,218107,522057
207136,hold,261133,213729,525138
207196,hold,235481,294816,469702
207256,hold,245749,248796,505455
207316,hold,216974,464159,318867
207376,hold,355010,364064,280926
207436,hold,404247,368372,227381
207496,hold,352717,309015,338268
207556,hold,313911,291758,394331
207616,hold,166238,263980,569782
207676,hold,138652,150971,710376
207736,hold,265966,297128,436907
207796,hold,260897,303089,436013
207856,hold,344249,277888,377863
207916,hold,365116,347354,287530
207976,hold,297165,280037,422798
208036,hold,318266,310446,371288
208096,hold,319813,339280,340907
208156,hold,233066,251981,514952
208216,hold,232842,239086,528073
208276,hold,312032,307419,380549
208336,hold,362251,384550,253200
208396,hold,326845,255529,417626
208456,hold,281338,276122,442539
208516,hold,209337,180873,609790
208576,hold,200625,234866,564509
208636,hold,313425,276451,410124
208696,short,192344,638530,169127
208756,hold,249631,342114,408255
208816,hold,299665,260168,440167
208876,hold,271235,319995,408770
208936,hold,261184,299588,439228
208996,hold,256689,254716,488595
209056,hold,200780,245136,554084
209116,hold,209815,217439,572747
209176,hold,238455,292047,469498
209236,hold,318797,387434,293769
209296,hold,228251,246385,525364
209356,hold,239955,229536,530509
209416,hold,257209,267260,475531
209476,hold,198621,206139,595241
209536,hold,218350,231324,550326
209596,hold,277538,250256,472207
209656,hold,308540,300481,390979
209716,hold,298718,264519,436763
209776,hold,314958,377343,307699
209836,hold,283737,319352,396911
209896,hold,342279,333620,324101
209956,hold,306819,293397,399784
210016,hold,242537,237765,519698
210076,hold,207063,223179,569759
210136,hold,331642,390376,277983
210196,hold,217381,251438,531181
210256,hold,324702,307079,368219
210316,long,676284,281664,42052
210376,hold,425409,382549,192042
210436,hold,361620,454329,184051
210496,hold,221254,235625,543121
210556,hold,327053,352878,320069
210616,hold,320748,331803,347450
210676,hold,298628,258955,442417
210736,hold,240587,298620,460793
210796,hold,212942,231820,555238
210856,hold,246368,229268,524363
210916,hold,234564,264989,500447
210976,hold,226412,206697,566891
211036,short,81634,628363,290004
211096,hold,472843,402643,124515
211156,hold,571353,371362,57284
211216,hold,312785,357307,329908
211276,hold,380313,293589,326098
211336,hold,271818,278988,449194
211396,hold,295602,310005,394393
211456,hold,323890,231050,445060
211516,hold,264046,357985,377969
211576,hold,390521,293427,316052
211636,hold,307779,296723,395498
211696,hold,236697,303382,459921
211756,hold,273612,337566,388822
211816,hold,342975,361976,295049
211876,hold,275976,280715,443309
211936,hold,204371,186067,609561
211996,hold,192954,209107,597939
212056,hold,462960,260324,276716
212116,hold,220753,220359,558888
212176,hold,220847,240190,538963
212236,hold,254539,259899,485562
212296,hold,308884,310787,380329
212356,hold,284556,285866,429578
212416,hold,254808,196212,548980
212476,hold,236902,244771,518327
212536,hold,350212,365859,283929
212596,hold,352563,331688,315749
212656,hold,375258,307050,317693
212716,hold,363932,319987,316081
212776,hold,255703,239642,504656
212836,hold,324269,330663,345068
212896,hold,256638,282846,460516
212956,hold,233502,239369,527129
213016,hold,252939,278732,468329
213076,hold,311152,353468,335380
213136,hold,397599,296968,305433
213196,hold,282633,303185,414182
213256,hold,273611,279298,447091
213316,hold,217712,248882,533406
213376,hold,224459,276853,498689
213436,hold,397721,332040,270240
213496,hold,226262,205794,567944
213556,hold,291904,307973,400123
213616,hold,236987,209764,553249
213676,hold,234196,340169,425635
213736,hold,277636,261326,461038
213796,hold,295967,308944,395090
213856,hold,197276,275551,527173
213916,hold,273153,264050,462797
213976,hold,457317,324238,218444
214036,hold,424124,395015,180861
214096,hold,279533,417159,303308
214156,hold,435677,376530,187793
214216,hold,437960,412509,149531
214276,hold,353286,315234,331480
214336,hold,415480,282161,302359
214396,hold,328618,275820,395562
214456,hold,224519,252673,522808
214516,hold,223437,272088,504474
214576,hold,451532,351499,196968
214636,hold,545596,403121,51284
214696,hold,338294,311440,350266
214756,hold,271086,254355,474559
214816,hold,279228,248917,471854
214876,hold,177186,173144,649669
214936,hold,270568,288697,440735
214996,hold,278945,325223,395832
215056,hold,350567,310114,339319
215116,hold,268200,286895,444905
215176,hold,333524,360017,306459
215236,hold,242547,286844,470609
215296,hold,354737,418032,227230
215356,hold,303216,339090,357694
215416,hold,456688,367161,176151
215476,hold,402048,308536,289415
215536,hold,333338,338915,327747
215596,hold,388785,233063,378152
215656,hold,289908,345944,364148
215716,hold,292760,303587,403653
215776,hold,270011,322135,407855
215836,hold,400697,275092,324211
215896,hold,211523,284179,504298
215956,hold,302869,321943,375188
216016,hold,396995,465066,137939
216076,hold,438769,313600,247631
216136,hold,490946,341816,167238
216196,hold,251702,360575,387723
216256,hold,241547,264018,494435
216316,hold,222375,258404,519221
216376,hold,228900,221674,549426
216436,hold,201946,240265,557790
216496,hold,198783,228522,572694
216556,hold,221183,231596,547221
216616,hold,383095,282826,334079
216676,hold,223895,289821,486285
216736,hold,263280,342583,394137
216796,hold,256445,305115,438440
216856,hold,307154,337786,355060
216916,hold,211987,232731,555282
216976,hold,276946,266167,456886
217036,hold,257663,243099,499238
217096,hold,226894,206414,566692
217156,hold,305324,282166,412509
217216,hold,188270,189732,621998
217276,hold,208856,242497,548647
217336,hold,240735,277926,481340
217396,hold,299948,234381,465670
217456,hold,283871,300134,415995
217516,hold,224886,214347,560767
217576,hold,261470,326203,412327
217636,hold,198074,208469,593457
217696,hold,271741,281327,446933
217756,hold,282475,268807,448718
217816,hold,229887,256965,513148
217876,hold,279966,217832,502202
217936,hold,231024,206089,562888
217996,hold,253945,284091,461965
218056,hold,301355,293761,404884
218116,hold,253527,228008,518465
218176,hold,256431,282896,460673
218236,hold,266458,249117,484425
218296,hold,295222,322271,382507
218356,hold,192663,212911,594426
218416,hold,273788,334757,391455
218476,hold,217089,234703,548208
218536,hold,205738,217366,576896
218596,hold,279300,294148,426552
218656,hold,268187,269859,461953
218716,hold,215191,198491,586318
218776,hold,335660,270542,393798
218836,hold,256657,237654,505689
218896,hold,326219,315524,358257
218956,hold,252812,238337,508851
219016,hold,262157,285909,451934
219076,hold,288574,315165,396261
219136,hold,333122,241890,424988
219196,hold,236552,227564,535884
219256,hold,230765,257467,511769
219316,hold,242088,291112,466799
219376,hold,269358,295107,435535
219436,hold,476763,337863,185374
219496,hold,327100,333367,339533
219556,hold,294600,323165,382236
219616,hold,299209,315791,384999
219676,hold,267267,306763,425970
219736,hold,450174,413927,135899
219796,hold,369111,315876,315013
219856,hold,248998,247601,503400
219916,hold,297665,308563,393772
219976,hold,283009,291684,425307
220036,hold,243986,266613,489401
220096,hold,315233,336931,347836
220156,hold,233872,248439,517689
220216,hold,334299,304824,360877
220276,hold,319614,299047,381339
220336,hold,250691,403895,345414
220396,hold,289204,291220,419576
220456,hold,189470,217945,592585
220516,hold,278599,381744,339657
220576,hold,274227,312903,412870
220636,hold,209496,196442,594062
220696,hold,175254,185669,639077
220756,hold,183561,181474,634965
220816,hold,246164,268438,485397
220876,hold,251548,276208,472244
220936,hold,211890,211811,576299
220996,hold,176151,179553,644296
221056,hold,293172,231790,475037
221116,hold,253267,205523,541211
221176,hold,414600,337626,247774
221236,hold,294754,326370,378877
221296,hold,323972,278117,397911
221356,hold,274783,258532,466685
221416,hold,285302,314282,400416
221476,hold,294462,285458,420080
221536,hold,235924,252484,511592
221596,hold,298418,316397,385184
221656,hold,259602,247902,492496
221716,hold,243576,256129,500295
221776,hold,353083,256153,390765
221836,hold,243226,264321,492453
221896,hold,202313,209505,588182
221956,hold,332182,244335,423483
222016,hold,205285,259831,534884
222076,hold,237669,204980,557351
222136,hold,247694,287703,464603
222196,hold,180632,186367,633001
222256,hold,218653,225412,555935
222316,hold,203207,202466,594327
222376,hold,249515,301955,448530
222436,hold,274868,255391,469741
222496,hold,283740,268658,447602
222556,hold,215823,298626,485551
222616,hold,510711,357201,132088
222676,hold,299509,318693,381798
222736,hold,253819,240366,505815
222796,hold,205316,227501,567183
222856,hold,215985,277555,506461
222916,hold,238295,296897,464807
222976,hold,278246,305860,415894
223036,hold,266751,263042,470206
223096,hold,233469,221776,544755
223156,hold,205216,275600,519184
223216,hold,200074,187790,612135
223276,hold,311341,286398,402261
223336,hold,289888,249904,460208
223396,hold,232952,247509,519539
223456,hold,272742,284764,442494
223516,hold,157413,173217,669370
223576,hold,230445,247122,522433
223636,hold,314128,238386,447487
223696,hold,233781,210246,555973
223756,hold,238842,271312,489846
223816,hold,166100,172184,661716
223876,hold,196381,261604,542016
223936,hold,225329,373663,401008
223996,hold,265977,330547,403476
224056,long,621676,237425,140899
224116,hold,287645,379651,332703
224176,hold,319354,390814,289831
224236,hold,297257,306125,396619
224296,hold,481232,311640,207129
224356,hold,397952,544166,57882
224416,hold,555716,327948,116337
224476,hold,552076,435752,12172
224536,hold,413404,318137,268459
224596,hold,329422,293341,377237
224656,hold,357054,339447,303499
224716,hold,310379,283706,405916
224776,hold,283684,320193,396123
224836,hold,254209,303110,442681
224896,hold,262702,294526,442772
224956,hold,277706,295399,426895
225016,hold,227894,375573,396533
225076,hold,217332,218516,564151
225136,hold,244182,235922,519896
225196,hold,268715,286203,445082
225256,hold,241286,241190,517524
225316,hold,215928,205942,578130
225376,hold,250436,277992,471572
225436,hold,324602,325270,350128
225496,hold,320368,330382,349250
225556,hold,240424,523555,236022
225616,hold,313277,319713,367010
225676,hold,258749,333343,407907
225736,hold,228145,250130,521725
225796,hold,281596,250341,468063
225856,hold,298521,254453,447026
225916,hold,278971,235266,485763
225976,hold,203203,202555,594242
226036,hold,214469,233196,552335
226096,hold,264182,305684,430134
226156,hold,288551,278319,433130
226216,hold,231819,213693,554488
226276,hold,290036,307937,402027
226336,hold,157299,177593,665107
226396,hold,191379,201712,606909
226456,hold,217671,190394,591935
226516,hold,244509,263387,492104
226576,hold,167459,177975,654566
226636,hold,205755,186612,607633
226696,hold,191454,186082,622465
226756,hold,286973,286315,426712
226816,hold,203989,210614,585397
226876,hold,294794,302557,402649
226936,hold,211518,223541,564941
226996,hold,281397,306792,411810
227056,hold,237266,281985,480749
227116,hold,173318,244908,581773
227176,hold,332982,299552,367467
227236,hold,198189,203972,597839
227296,hold,287585,275502,436913
227356,hold,167866,161113,671021
227416,hold,167858,176013,656129
227476,hold,159944,162296,677760
227536,hold,219606,286618,493776
227596,hold,174918,185499,639584
227656,hold,182362,185152,632487
227716,hold,165293,169148,665559
227776,hold,174704,171174,654121
227836,hold,139931,150003,710066
227896,hold,225352,214254,560394
227956,hold,247268,197071,555661
228016,hold,171297,245633,583070
228076,hold,191065,273146,535789
228136,hold,228152,331581,440267
228196,hold,258916,280785,460299
228256,hold,262834,306429,430737
228316,hold,202284,208297,589418
228376,hold,222666,226225,551109
228436,hold,260748,301923,437330
228496,hold,194052,324481,481467
228556,hold,220683,215413,563903
228616,hold,235719,208711,555570
228676,hold,205403,264392,530205
228736,hold,207976,194719,597305
228796,hold,198304,282534,519162
228856,hold,270457,356363,373180
228916,hold,298938,320462,380600
228976,hold,324895,264851,410255
229036,hold,318483,341109,340407
229096,hold,255462,231921,512617
229156,hold,235065,268816,496119
229216,hold,240566,270477,488958
229276,hold,230170,306978,462852
229336,hold,215883,207436,576680
229396,hold,197080,219498,583422
229456,hold,171385,168593,660022
229516,hold,248673,292131,459196
229576,short,173058,620144,206798
229636,hold,334260,306230,359510
229696,hold,234465,240459,525076
229756,hold,221729,232246,546025
229816,hold,420979,386549,192472
229876,hold,387290,408507,204203
229936,hold,286211,254130,459659
229996,hold,358782,409292,231926
230056,hold,315299,291015,393686
230116,hold,223743,210505,565752
230176,hold,255375,243376,501249
230236,hold,323955,404711,271335
230296,hold,354409,491826,153765
230356,hold,252244,269991,477765
230416,hold,286595,261101,452304
230476,hold,314599,274052,411348
230536,hold,316727,288280,394993
230596,hold,239643,233118,527239
230656,hold,182268,209947,607785
230716,hold,278021,281033,440946
230776,hold,248956,307646,443398
230836,hold,233889,261950,504161
230896,hold,281777,239938,478285
230956,hold,318761,254547,426692
231016,hold,288185,292488,419328
231076,hold,318617,240117,441266
231136,hold,265797,276050,458152
231196,hold,280590,311683,407727
231256,hold,420847,298754,280399
231316,hold,465414,371156,163431
231376,hold,334233,325053,340714
231436,hold,386254,257126,356620
231496,hold,257113,299747,443140
231556,hold,286999,303514,409487
231616,hold,376854,366695,256452
231676,hold,351474,516846,131680
231736,hold,339692,305402,354906
231796,hold,213747,304912,481342
231856,hold,208675,305573,485752
231916,hold,266440,333604,399956
231976,hold,241617,217765,540618
232036,hold,219060,217713,563227
232096,hold,245548,208977,545475
232156,hold,193312,267624,539065
232216,hold,184506,185623,629871
232276,hold,222019,224087,553895
232336,hold,252662,220117,527220
232396,hold,260439,227238,512323
232456,hold,195884,274522,529593
232516,hold,196959,202913,600128
232576,hold,279580,296669,423751
232636,hold,290081,323799,386120
232696,hold,373463,356494,270043
232756,hold,390118,373166,236717
232816,hold,369321,334073,296606
232876,hold,265248,256468,478284
232936,hold,470915,320830,208255
232996,hold,336201,301453,362345
233056,hold,315837,289916,394247
233116,hold,354622,287964,357414
233176,hold,291539,289282,419179
233236,hold,255093,249269,495639
233296,hold,268888,283214,447898
233356,hold,251293,273852,474856
233416,hold,279441,285347,435212
233476,hold,219461,259935,520604
233536,hold,271646,275369,452985
233596,hold,251172,248913,499914
233656,hold,227187,231984,540830
233716,hold,208844,232282,558874
233776,hold,296019,297273,406708
233836,hold,217612,215527,566861
233896,hold,228738,280591,490670
233956,hold,315106,340198,344696
234016,hold,221907,295465,482629
234076,hold,251255,265658,483088
234136,hold,401251,344547,254203
234196,hold,301036,231388,467576
234256,hold,464545,332535,202919
234316,hold,288998,311899,399103
234376,hold,282152,268723,449125
234436,hold,417643,316471,265886
234496,hold,489387,286872,223741
234556,hold,453506,347562,198932
234616,hold,419590,407318,173092
234676,hold,384412,367492,248096
234736,long,699853,234757,65390
234796,hold,411357,479863,108780
234856,hold,390784,484962,124253
234916,hold,467317,362636,170047
234976,hold,383151,404843,212006
235036,hold,233374,277884,488742
235096,hold,340147,325135,334718
235156,hold,338304,325693,336002
235216,hold,242625,438683,318693
235276,hold,269769,349823,380408
235336,hold,368320,362708,268972
235396,hold,289747,282867,427386
235456,hold,329505,326341,344155
235516,hold,237033,278048,484919
235576,hold,434410,475015,90575
235636,hold,330975,383155,285870
235696,hold,367853,394188,237959
235756,hold,385499,326368,288133
235816,hold,380812,394296,224892
235876,hold,327573,329386,343041
235936,hold,401903,339374,258723
235996,hold,275323,305640,419038
236056,hold,366034,281929,352037
236116,hold,228674,197614,573712
236176,hold,198674,206658,594668
236236,hold,327046,301436,371518
236296,hold,245075,248335,506589
236356,hold,214415,267487,518098
236416,hold,243280,206155,550565
236476,hold,170676,176837,652487
236536,hold,180767,182947,636286
236596,hold,209132,283011,507857
236656,hold,217833,215749,566418
236716,hold,203852,214514,581634
236776,hold,220620,219273,560107
236836,hold,174044,176195,649761
236896,hold,195615,201524,602861
236956,hold,201802,202096,596102
237016,hold,234000,244236,521764
237076,hold,189649,182859,627492
237136,hold,297156,245891,456953
237196,hold,319185,249443,431372
237256,hold,298664,296520,404817
237316,hold,288512,269607,441881
237376,hold,301437,321246,377317
237436,hold,319805,271517,408678
237496,hold,400897,279960,319143
237556,hold,184770,186825,628405
237616,hold,202832,194514,602654
237676,hold,188454,202580,608966
237736,hold,236427,223722,539851
237796,hold,185670,250888,563442
237856,hold,163721,158566,677713
237916,hold,141295,144687,714018
237976,hold,183801,284699,531500
238036,hold,282311,290033,427656
238096,hold,216598,213075,570327
238156,hold,235927,265160,498913
238216,hold,299303,286812,413884
238276,hold,181463,184907,633630
238336,hold,209475,206199,584326
238396,hold,224341,310752,464908
238456,hold,251331,236197,512471
238516,hold,227423,221468,551108
238576,hold,240203,254478,505319
238636,hold,201317,198163,600519
238696,hold,184659,205284,610057
238756,hold,192792,187063,620145
238816,hold,303467,296481,400053
238876,hold,267494,340388,392118
238936,hold,441933,293651,264416
238996,hold,254762,246757,498481
239056,hold,253555,290851,455595
239116,hold,405301,374835,219864
239176,hold,302240,308170,389590
239236,hold,296455,239227,464318
239296,hold,239021,237381,523598
239356,hold,312211,289432,398356
239416,hold,262572,293470,443958
239476,hold,238465,214368,547167
239536,hold,328423,286093,385484
239596,hold,213048,221576,565376
239656,hold,228809,205523,565668
239716,hold,229309,243542,527150
239776,hold,215949,219459,564592
239836,hold,271700,232382,495918
239896,hold,370162,415102,214736
239956,hold,335180,314954,349866
240016,hold,304727,291321,403952
240076,hold,268838,292517,438645
240136,hold,261286,260141,478573
240196,hold,304438,355906,339656
240256,hold,384533,405855,209612
240316,hold,192222,226408,581370
240376,hold,257564,289396,453039
240436,hold,295633,313391,390976
240496,hold,540303,292569,167128
240556,hold,360154,336250,303596
240616,hold,255182,285883,458935
240676,hold,262442,348360,389198
240736,hold,270930,302388,426682
240796,hold,230450,281073,488477
240856,hold,263992,272957,463051
240916,hold,265790,248448,485762
240976,hold,283987,285792,430222
241036,hold,286082,283308,430609
241096,hold,246645,303242,450113
241156,hold,269057,328121,402822
241216,hold,323065,333910,343025
241276,hold,351320,260863,387817
241336,hold,402399,393973,203628
241396,hold,498885,329924,171191
241456,hold,404949,408056,186995
241516,hold,325902,386854,287244
241576,hold,315372,359185,325443
241636,hold,353207,375448,271344
241696,hold,251327,305520,443153
241756,hold,359976,303134,336891
241816,hold,294316,304371,401314
241876,hold,285529,245225,469247
241936,hold,193764,188713,617523
241996,hold,319569,300171,380260
242056,hold,333638,365647,300715
242116,hold,346695,285071,368235
242176,hold,295600,282830,421570
242236,hold,172427,173704,653869
242296,hold,205616,218296,576087
242356,hold,309075,275964,414961
242416,hold,277764,296370,425866
242476,hold,280844,235732,483423
242536,hold,293411,322750,383839
242596,hold,345555,289781,364664
242656,hold,273171,298236,428593
242716,hold,388849,284481,326670
242776,hold,464468,369085,166447
242836,hold,439891,378393,181716
242896,hold,307633,409905,282462
242956,hold,320615,339171,340214
243016,hold,429371,512769,57860
243076,hold,545677,442923,11400
243136,hold,369643,343236,287121
243196,hold,253477,290422,456101
243256,hold,290669,272003,437328
243316,hold,225269,217821,556911
243376,hold,259507,318429,422064
243436,hold,330285,320381,349334
243496,hold,242559,275722,481718
243556,hold,304112,278054,417835
243616,hold,206246,203651,590102
243676,hold,231971,257855,510174
243736,hold,233202,270675,496123
243796,hold,188073,173705,638222
243856,hold,218504,188520,592976
243916,hold,213203,206015,580782
243976,hold,270627,280402,448972
244036,hold,210782,285837,503381
244096,hold,255504,239129,505367
244156,hold,227785,271289,500926
244216,hold,305626,237863,456511
244276,hold,356495,273723,369782
244336,hold,275605,268745,455650
244396,hold,343042,278872,378086
244456,hold,344489,285530,369982
244516,hold,282252,352544,365204
244576,hold,285068,224251,490682
244636,hold,231312,205797,562891
244696,hold,305351,285449,409199
244756,hold,406496,290578,302927
244816,hold,215652,210067,574280
244876,hold,250294,246790,502916
244936,hold,221898,270401,507701
244996,hold,251377,287382,461241
245056,hold,168950,172359,658691
245116,hold,225447,272561,501992
245176,hold,241959,270497,487543
245236,hold,300117,285818,414065
245296,hold,328227,369989,301784
245356,hold,285642,338187,376171
245416,hold,275266,290642,434092
245476,hold,218308,247553,534139
245536,hold,188824,197551,613625
245596,hold,199289,219883,580828
245656,hold,294003,357935,348061
245716,hold,385237,300389,314373
245776,hold,352479,391687,255835
245836,hold,339570,315557,344873
245896,hold,459241,425151,115608
245956,hold,323097,318534,358369
246016,hold,410095,284605,305300
246076,hold,257874,246224,495902
246136,hold,258359,323584,418057
246196,hold,296354,259245,444400
246256,hold,190446,188617,620937
246316,hold,207571,205508,586921
246376,hold,217787,269102,513111
246436,hold,238717,268646,492636
246496,hold,187611,250366,562023
246556,hold,156897,157465,685638
246616,hold,161248,160356,678395
246676,hold,174890,195431,629679
246736,hold,227631,262589,509780
246796,hold,206052,272199,521748
246856,hold,193868,214169,591963
246916,hold,166078,168184,665738
246976,hold,230284,266463,503252
247036,hold,186193,181951,631856
247096,hold,238423,267678,493899
247156,hold,210645,239923,549432
247216,hold,226862,214145,558994
247276,hold,199066,194602,606332
247336,hold,304759,260140,435101
247396,hold,395372,279450,325178
247456,hold,340721,352180,307100
247516,hold,310160,362568,327271
247576,hold,464942,494863,40195
247636,hold,342371,280042,377587
247696,hold,499649,452232,48119
247756,hold,423299,309478,267223
247816,hold,367610,515538,116852
247876,hold,385492,331974,282534
247936,hold,336963,358363,304674
247996,hold,327581,235681,436739
248056,hold,245180,251552,503268
248116,hold,199827,318321,481852
248176,hold,259057,313840,427103
248236,hold,253529,270438,476034
248296,hold,268193,346087,385720
248356,hold,312531,280083,407386
248416,hold,219002,228515,552483
248476,hold,466412,345604,187984
248536,long,644055,218323,137622
248596,hold,365973,407201,226826
248656,hold,417755,323051,259195
248716,hold,195355,440598,364047
248776,hold,244453,313825,441722
248836,hold,303806,355117,341077
248896,hold,394780,401840,203380
248956,hold,536033,280844,183123
249016,hold,462288,377984,159728
249076,hold,395073,378189,226737
249136,hold,362013,321098,316889
249196,hold,358285,356628,285087
249256,hold,221169,242580,536252
249316,hold,266323,306950,426727
249376,hold,251344,225308,523348
249436,hold,301754,317384,380861
249496,hold,306880,300205,392914
249556,hold,308724,371450,319826
249616,hold,249349,301383,449268
249676,hold,220250,300324,479426
249736,hold,188401,282620,528979
249796,hold,225533,240782,533685
249856,hold,229933,227636,542431
249916,hold,247872,287877,464251
249976,hold,296158,401493,302349
250036,hold,436860,380998,182142
250096,hold,470077,276983,252941
250156,hold,563257,390142,46601
250216,hold,521652,337268,141080
250276,hold,369397,392241,238361
250336,hold,378491,368577,252932
250396,hold,472148,328906,198946
250456,hold,301923,587396,110681
250516,hold,349946,450874,199180
250576,hold,325300,334312,340388
250636,hold,338841,361390,299769
250696,hold,287790,340093,372117
250756,hold,317391,312322,370287
250816,hold,229366,249520,521114
250876,hold,353770,307452,338778
250936,hold,220151,233133,546716
250996,hold,269433,322225,408343
251056,hold,384006,338840,277154
251116,hold,377972,291136,330892
251176,hold,264721,291588,443690
251236,hold,230036,222265,547699
251296,hold,249435,237641,512924
251356,hold,354289,279251,366460
251416,hold,469000,323159,207841
251476,hold,277267,304259,418474
251536,hold,346576,276544,376879
251596,hold,237031,301457,461513
251656,hold,256380,277442,466178
251716,hold,286629,266595,446776
251776,hold,277891,235126,486983
251836,hold,277794,272502,449704
251896,hold,247079,257668,495253
251956,hold,205743,220461,573796
252016,hold,286409,359348,354243
252076,hold,326683,327601,345716
252136,hold,420833,406827,172340
252196,hold,265653,325598,408749
252256,hold,211918,295297,492785
252316,hold,190896,192457,616647
252376,hold,209414,220795,569790
252436,hold,268084,275812,456104
252496,hold,266847,273366,459787
252556,hold,257567,319145,423288
252616,hold,285762,269431,444807
252676,hold,194451,217271,588278
252736,hold,237438,231021,531541
252796,hold,252257,364855,382888
252856,hold,405403,497976,96620
252916,hold,418904,420510,160586
252976,hold,403062,282514,314424
253036,hold,349408,254676,395916
253096,hold,288502,285728,425770
253156,hold,260519,270680,468801
253216,hold,316101,269536,414364
253276,hold,289176,240814,470010
253336,hold,270420,308523,421057
253396,hold,316241,250562,433197
253456,hold,342790,290938,366273
253516,hold,250020,280230,469750
253576,hold,369037,303701,327262
253636,hold,342023,277845,380131
253696,hold,252454,239232,508314
253756,hold,211274,219622,569104
253816,hold,235087,225791,539122
253876,hold,215557,228807,555635
253936,hold,333084,291146,375770
253996,hold,381076,343784,275140
254056,hold,209351,213197,577451
254116,hold,202501,210080,587419
254176,hold,227651,219150,553198
254236,hold,284871,274583,440547
254296,hold,350599,340855,308546
254356,hold,316377,284393,399230
254416,hold,319079,334290,346631
254476,hold,356433,274327,369240
254536,hold,301607,263490,434903
254596,hold,295154,234151,470695
254656,hold,210132,195014,594854
254716,hold,265286,309706,425008
254776,hold,338960,324293,336746
254836,hold,225571,227989,546440
254896,hold,217040,200226,582733
254956,hold,426674,297133,276193
255016,hold,326708,284752,388540
255076,hold,197233,183039,619728
255136,hold,215370,259040,525590
255196,hold,238826,273536,487638
255256,hold,229002,285718,485280
255316,hold,315485,296509,388007
255376,hold,301378,250754,447869
255436,hold,246224,233725,520051
255496,hold,234268,294866,470866
255556,hold,205743,194604,599653
255616,hold,208324,212199,579476
255676,hold,295673,300587,403741
255736,hold,335835,378672,285492
255796,hold,336742,300850,362407
255856,hold,251331,301536,447132
255916,hold,246486,246843,506672
255976,hold,262621,306479,430900
256036,hold,273352,289912,436736
256096,hold,343556,293354,363089
256156,hold,200053,190587,609360
256216,hold,243843,223426,532731
256276,hold,231854,236094,532052
256336,hold,195558,269162,535280
256396,hold,191678,190878,617444
256456,hold,257246,270602,472152
256516,hold,161686,150331,687983
256576,hold,155039,174452,670509
256636,hold,239886,274076,486038
256696,hold,208546,269015,522439
256756,hold,130815,135240,733945
256816,hold,141828,152403,705769
256876,hold,184306,253954,561739
256936,hold,157450,157477,685073
256996,hold,170253,167047,662700
257056,hold,186669,252817,560513
257116,hold,126071,130542,743387
257176,hold,252591,263337,484072
257236,hold,222191,259252,518557
257296,hold,235124,272142,492734
257356,hold,204819,195629,599552
257416,hold,170135,172746,657119
257476,hold,217277,255665,527058
257536,hold,182514,252272,565213
257596,hold,170454,164192,665354
257656,hold,169938,171571,658491
257716,hold,134735,140603,724661
257776,hold,155111,236873,608016
257836,hold,218036,267445,514518
257896,hold,198933,251085,549982
257956,hold,140991,144792,714217
258016,hold,181033,172659,646307
258076,hold,152650,149869,697481
258136,hold,205635,256128,538237
258196,hold,155898,154796,689306
258256,hold,221580,269380,509040
258316,hold,258279,282499,459222
258376,hold,247497,291014,461489
258436,hold,183440,195644,620916
258496,hold,193537,215790,590673
258556,hold,218953,229930,551117
258616,hold,221254,203188,575558
258676,hold,244279,292242,463480
258736,hold,220080,347504,432415
258796,hold,189501,271377,539122
258856,hold,173762,184054,642183
258916,hold,168502,188562,642935
258976,hold,218625,189375,592000
259036,hold,175310,177311,647379
259096,hold,311139,280551,408310
259156,hold,271331,265455,463215
259216,hold,287273,295434,417293
259276,hold,295093,268704,436203
259336,hold,207253,211701,581046
259396,hold,184990,198136,616874
259456,hold,155284,154412,690303
259516,hold,205348,253430,541222
259576,hold,176334,245524,578141
259636,hold,331406,246528,422066
259696,hold,184530,197613,617857
259756,hold,205110,195546,599344
259816,hold,176263,250192,573544
259876,hold,247144,266090,486766
259936,hold,227937,193709,578354
259996,hold,211432,204348,584220
260056,hold,453856,327473,218670
260116,hold,288607,269055,442339
260176,hold,375265,290048,334687
260236,hold,264871,264919,470210
260296,hold,301816,253375,444810
260356,hold,243262,230055,526684
260416,hold,274675,280208,445117
260476,hold,196984,272936,530080
260536,hold,341835,262726,395439
260596,hold,224790,222154,553056
