sequence,action,long_probability_ppm,short_probability_ppm,hold_probability_ppm
61,hold,290021,293223,416756
121,hold,304174,289949,405877
181,hold,281593,296430,421977
241,hold,291108,290774,418118
301,hold,271025,266806,462169
361,hold,273494,283002,443504
421,hold,295351,286478,418171
481,hold,293916,301367,404716
541,hold,291467,303944,404589
601,hold,294730,300257,405013
661,hold,283766,287801,428433
721,hold,292932,292765,414303
781,hold,281033,284170,434797
841,hold,292021,293111,414868
901,hold,294238,309908,395854
961,hold,287965,299052,412983
1021,hold,300490,288455,411055
1081,hold,292284,296185,411531
1141,hold,306886,302258,390856
1201,hold,299122,294761,406117
1261,hold,295935,306409,397656
1321,hold,291424,294970,413606
1381,hold,288284,295271,416445
1441,hold,296531,291332,412137
1501,hold,297290,295650,407060
1561,hold,290600,281188,428213
1621,hold,301366,306014,392620
1681,hold,302978,302490,394532
1741,hold,288658,289411,421931
1801,hold,286131,281087,432781
1861,hold,296590,291932,411478
1921,hold,300553,305685,393762
1981,hold,283125,304398,412477
2041,hold,291006,296264,412730
2101,hold,289347,295522,415131
2161,hold,297909,295517,406575
2221,hold,302268,298398,399334
2281,hold,282833,293802,423365
2341,hold,279991,301982,418027
2401,hold,299748,288074,412178
2461,hold,281040,293830,425130
2521,hold,308658,301083,390259
2581,hold,289985,298497,411518
2641,hold,303418,295334,401248
2701,hold,303710,299025,397265
2761,hold,292392,291834,415774
2821,hold,298950,297911,403139
2881,hold,289826,285041,425133
2941,hold,300265,286034,413700
3001,hold,293932,292516,413551
3061,hold,302648,298369,398983
3121,hold,300954,292885,406161
3181,hold,309985,289913,400102
3241,hold,296937,285231,417832
3301,hold,297380,287738,414882
3361,hold,305151,295411,399439
3421,hold,291735,305051,403214
3481,hold,279155,292784,428062
3541,hold,298846,306029,395125
3601,hold,278199,292465,429336
3661,hold,298995,289152,411853
3721,hold,295651,298320,406029
3781,hold,289313,299411,411275
3841,hold,293745,298741,407515
3901,hold,294640,299510,405850
3961,hold,298984,294556,406460
4021,hold,301958,299036,399006
4081,hold,291982,289189,418830
4141,hold,293116,292924,413960
4201,hold,309075,301452,389473
4261,hold,299247,298854,401900
4321,hold,305806,289377,404817
4381,hold,291771,285964,422265
4441,hold,298993,286148,414860
4501,hold,289986,298805,411209
4561,hold,286557,286326,427117
4621,hold,308841,293693,397466
4681,hold,292520,286471,421009
4741,hold,295118,296949,407933
4801,hold,286936,295037,418027
4861,hold,290302,302104,407594
4921,hold,297010,293684,409306
4981,hold,291103,286511,422386
5041,hold,300310,299627,400062
5101,hold,291932,290632,417437
5161,hold,300243,291730,408027
5221,hold,294160,299798,406042
5281,hold,312217,294222,393560
5341,hold,295964,303229,400807
5401,hold,279339,288249,432412
5461,hold,305563,296120,398317
5521,hold,300894,299210,399896
5581,hold,292601,302521,404879
5641,hold,299247,296786,403967
5701,hold,295832,289915,414253
5761,hold,302278,286844,410878
5821,hold,282658,281461,435882
5881,hold,318004,297472,384525
5941,hold,299220,301282,399498
6001,hold,301098,303602,395300
6061,hold,299838,289750,410412
6121,hold,295950,294638,409412
6181,hold,293046,301704,405249
6241,hold,293408,295092,411500
6301,hold,290305,299420,410275
6361,hold,277550,294825,427625
6421,hold,298802,292187,409011
6481,hold,296136,295830,408034
6541,hold,280459,279433,440108
6601,hold,298760,287112,414128
6661,hold,289025,302011,408964
6721,hold,297023,298630,404347
6781,hold,293940,294988,411072
6841,hold,298594,288750,412655
6901,hold,288668,293375,417957
6961,hold,307196,305552,387252
7021,hold,292289,297722,409989
7081,hold,287584,295958,416458
7141,hold,294300,301664,404036
7201,hold,288485,279506,432010
7261,hold,292863,296960,410177
7321,hold,292542,294762,412696
7381,hold,286424,298834,414742
7441,hold,303802,299837,396361
7501,hold,292134,294588,413279
7561,hold,292112,285052,422837
7621,hold,306226,297552,396221
7681,hold,318966,292909,388126
7741,hold,292592,297404,410004
7801,hold,297256,299282,403462
7861,hold,297025,296903,406072
7921,hold,291616,299570,408814
7981,hold,297210,300905,401885
8041,hold,291232,297785,410983
8101,hold,275271,278655,446074
8161,hold,292661,298509,408830
8221,hold,291499,295334,413167
8281,hold,286617,282498,430885
8341,hold,288829,294240,416931
8401,hold,297480,294590,407930
8461,hold,298426,307630,393944
8521,hold,296437,297329,406234
8581,hold,306634,296960,396406
8641,hold,304915,279599,415487
8701,hold,309466,296009,394525
8761,hold,306054,298563,395384
8821,hold,292277,294395,413328
8881,hold,305994,299576,394430
8941,hold,290808,289263,419929
9001,hold,288260,297650,414089
9061,hold,310581,293980,395440
9121,hold,317073,296318,386609
9181,hold,287701,301160,411138
9241,hold,288285,284460,427255
9301,hold,287677,296806,415517
9361,hold,296632,295164,408204
9421,hold,292565,295619,411816
9481,hold,290027,294039,415934
9541,hold,288995,303445,407559
9601,hold,285717,293636,420646
9661,hold,291538,285215,423247
9721,hold,291570,284963,423468
9781,hold,319985,290632,389383
9841,hold,297208,291072,411720
9901,hold,296590,302901,400509
9961,hold,289600,292927,417473
10021,hold,292782,299958,407259
10081,hold,289164,279433,431403
10141,hold,293925,287745,418331
10201,hold,294101,295085,410814
10261,hold,288533,293762,417706
10321,hold,298152,291865,409983
10381,hold,306857,296800,396343
10441,hold,295371,299502,405126
10501,hold,300562,296518,402920
10561,hold,291700,289047,419253
10621,hold,287266,307927,404808
10681,hold,293396,292398,414207
10741,hold,301738,304818,393443
10801,hold,273814,262416,463769
10861,hold,294630,296416,408954
10921,hold,296066,301799,402135
10981,hold,298812,303721,397467
11041,hold,289771,295368,414860
11101,hold,290271,288496,421233
11161,hold,286193,285157,428650
11221,hold,294878,296239,408883
11281,hold,308346,300047,391608
11341,hold,308302,301780,389918
11401,hold,298225,300589,401186
11461,hold,289884,298022,412093
11521,hold,298350,278798,422852
11581,hold,289091,297525,413384
11641,hold,284742,291566,423692
11701,hold,289749,292056,418195
11761,hold,298638,294870,406492
11821,hold,299356,301590,399054
11881,hold,297304,302267,400430
11941,hold,284001,291705,424294
12001,hold,305392,290336,404272
12061,hold,298199,297747,404054
12121,hold,304214,301050,394736
12181,hold,285301,291401,423298
12241,hold,280300,291714,427986
12301,hold,291854,296703,411443
12361,hold,294208,296058,409733
12421,hold,291189,303905,404906
12481,hold,300863,300859,398278
12541,hold,307407,300680,391913
12601,hold,293118,290437,416445
12661,hold,288688,298647,412665
12721,hold,310193,299493,390314
12781,hold,292447,296855,410699
12841,hold,295255,294332,410414
12901,hold,284817,291781,423402
12961,hold,294499,297669,407832
13021,hold,295320,296081,408599
13081,hold,293602,287862,418536
13141,hold,299171,298420,402409
13201,hold,300712,301592,397696
13261,hold,311592,292241,396167
13321,hold,299906,293048,407046
13381,hold,291307,292937,415756
13441,hold,303108,306029,390862
13501,hold,293435,306326,400239
13561,hold,290834,291389,417777
13621,hold,284403,295533,420063
13681,hold,288227,295841,415932
13741,hold,291098,295782,413120
13801,hold,287194,294294,418512
13861,hold,283327,300934,415739
13921,hold,296203,296034,407763
13981,hold,298263,304059,397678
14041,hold,275991,281203,442805
14101,hold,289379,288903,421718
14161,hold,287540,298239,414220
14221,hold,298522,298845,402633
14281,hold,299101,301999,398900
14341,hold,285633,285565,428802
14401,hold,286408,287965,425626
14461,hold,304007,300849,395144
14521,hold,279643,283339,437018
14581,hold,292909,299986,407105
14641,hold,293577,282230,424193
14701,hold,291543,292081,416377
14761,hold,296546,297532,405922
14821,hold,300251,296936,402813
14881,hold,311095,302424,386481
14941,hold,293273,304740,401987
15001,hold,291716,295823,412461
15061,hold,295552,300092,404355
15121,hold,286107,295184,418710
15181,hold,297142,289859,412998
15241,hold,292416,290703,416881
15301,hold,286011,299094,414895
15361,hold,304754,302282,392965
15421,hold,289322,300230,410448
15481,hold,307232,297888,394880
15541,hold,289495,292877,417628
15601,hold,295861,296832,407308
15661,hold,293267,295574,411159
15721,hold,293053,294305,412643
15781,hold,300515,300417,399068
15841,hold,287010,285173,427817
15901,hold,298800,285464,415737
15961,hold,302301,291170,406528
16021,hold,293176,301986,404838
16081,hold,289189,294129,416683
16141,hold,305443,283958,410598
16201,hold,285651,278187,436162
16261,hold,295199,300481,404320
16321,hold,285921,279915,434164
16381,hold,296387,293813,409800
16441,hold,288545,278829,432627
16501,hold,301460,297835,400705
16561,hold,265155,279926,454919
16621,hold,288550,297553,413897
16681,hold,292290,299506,408204
16741,hold,294360,299921,405719
16801,hold,297036,291725,411239
16861,hold,285003,296366,418631
16921,hold,294217,293637,412145
16981,hold,286743,292528,420729
17041,hold,299221,291803,408976
17101,hold,301720,303384,394896
17161,hold,298220,288694,413086
17221,hold,292610,296513,410877
17281,hold,296127,291211,412662
17341,hold,297644,297877,404480
17401,hold,289243,288968,421789
17461,hold,296838,301372,401790
17521,hold,311473,301657,386870
17581,hold,303155,298232,398613
17641,hold,272589,265476,461935
17701,hold,302608,296404,400988
17761,hold,295855,292725,411420
17821,hold,290628,303016,406356
17881,hold,282140,290405,427455
17941,hold,285385,285310,429305
18001,hold,292868,297675,409457
18061,hold,279886,286210,433904
18121,hold,286223,296708,417068
18181,hold,284767,301491,413742
18241,hold,294006,302514,403480
18301,hold,304326,301030,394644
18361,hold,287403,289796,422801
18421,hold,298980,297507,403512
18481,hold,295724,293585,410692
18541,hold,294938,304564,400498
18601,hold,293601,294499,411899
18661,hold,293547,292775,413678
18721,hold,279775,274247,445977
18781,hold,299108,300255,400638
18841,hold,293516,298984,407501
18901,hold,301703,298930,399367
18961,hold,305884,299835,394281
19021,hold,299863,298228,401909
19081,hold,312670,293079,394251
19141,hold,305040,304852,390108
19201,hold,299855,287804,412341
19261,hold,294544,294651,410805
19321,hold,279281,291859,428860
19381,hold,291515,292919,415566
19441,hold,313834,300287,385879
19501,hold,296800,298159,405041
19561,hold,265374,289612,445014
19621,hold,289745,296905,413350
19681,hold,296132,304505,399363
19741,hold,278034,289334,432633
19801,hold,304890,288135,406975
19861,hold,293396,298940,407665
19921,hold,292012,294076,413912
19981,hold,285290,301706,413004
20041,hold,299324,301811,398864
20101,hold,292162,301206,406632
20161,hold,303026,277195,419779
20221,hold,290391,293207,416401
20281,hold,287499,285568,426933
20341,hold,294657,297101,408243
20401,hold,309391,303201,387407
20461,hold,307272,292150,400578
20521,hold,313609,293985,392406
20581,hold,296313,302626,401062
20641,hold,298251,296809,404940
20701,hold,307620,310354,382026
20761,hold,301385,303376,395240
20821,hold,284946,292949,422105
20881,hold,286458,293824,419718
20941,hold,291828,292001,416170
21001,hold,292131,295831,412037
21061,hold,295766,302458,401776
21121,hold,287585,294209,418205
21181,hold,294402,289540,416058
21241,hold,290538,294001,415462
21301,hold,299235,295199,405566
21361,hold,303790,302892,393318
21421,hold,299650,291244,409106
21481,hold,288418,297274,414309
21541,hold,297145,298008,404847
21601,hold,291930,291541,416529
21661,hold,292402,278785,428813
21721,hold,296250,290987,412763
21781,hold,291525,298618,409857
21841,hold,308262,292266,399471
21901,hold,289780,275172,435048
21961,hold,290648,287296,422056
22021,hold,289394,300637,409970
22081,hold,300212,296635,403152
22141,hold,291433,299819,408747
22201,hold,302488,293807,403705
22261,hold,296765,299734,403501
22321,hold,302199,293152,404649
22381,hold,298855,295103,406042
22441,hold,289076,283014,427909
22501,hold,291839,296873,411288
22561,hold,292250,295309,412441
22621,hold,290451,302611,406938
22681,hold,287207,289086,423707
22741,hold,291018,292787,416195
22801,hold,299799,296194,404007
22861,hold,297139,292392,410469
22921,hold,290723,297462,411815
22981,hold,286292,289868,423840
23041,hold,287705,285327,426968
23101,hold,305573,304543,389884
23161,hold,297484,296292,406224
23221,hold,300381,300948,398671
23281,hold,305849,289970,404181
23341,hold,299465,301293,399242
23401,hold,301371,294738,403891
23461,hold,312249,295049,392702
23521,hold,297940,301975,400086
23581,hold,289528,303108,407364
23641,hold,316965,293461,389574
23701,hold,289411,287348,423241
23761,hold,304057,304673,391269
23821,hold,297139,300392,402469
23881,hold,285950,288793,425257
23941,hold,284575,302354,413071
24001,hold,288653,295498,415850
24061,hold,279627,301070,419303
24121,hold,278609,279311,442080
24181,hold,284490,292960,422550
24241,hold,297952,293091,408956
24301,hold,287827,302345,409828
24361,hold,297161,301474,401365
24421,hold,287363,292040,420597
24481,hold,293355,283974,422671
24541,hold,285521,279564,434916
24601,hold,299808,293102,407090
24661,hold,297213,297789,404998
24721,hold,287283,288654,424063
24781,hold,300162,302188,397649
24841,hold,283853,286574,429573
24901,hold,293310,299375,407316
24961,hold,296617,298475,404908
25021,hold,293541,311964,394495
25081,hold,293937,298821,407243
25141,hold,298895,294353,406753
25201,hold,280233,300056,419711
25261,hold,305146,293208,401646
25321,hold,289643,296993,413364
25381,hold,255063,318579,426358
25441,hold,300865,296440,402696
25501,hold,300884,296268,402848
25561,hold,282873,287311,429816
25621,hold,300358,295316,404325
25681,hold,308051,303874,388075
25741,hold,294817,300839,404344
25801,hold,288519,292241,419241
25861,hold,300732,302153,397115
25921,hold,282867,283167,433966
25981,hold,284906,285515,429579
26041,hold,294424,296832,408744
26101,hold,294359,296560,409081
26161,hold,300124,299326,400550
26221,hold,302122,294854,403024
26281,hold,303851,302776,393374
26341,hold,297778,292098,410124
26401,hold,287078,293308,419614
26461,hold,302230,298442,399329
26521,hold,281609,285055,433335
26581,hold,307406,295716,396878
26641,hold,279364,276272,444364
26701,hold,298366,297584,404050
26761,hold,284642,288540,426818
26821,hold,293131,303602,403266
26881,hold,297172,298499,404329
26941,hold,307044,296313,396643
27001,hold,298323,295924,405753
27061,hold,289199,298089,412712
27121,hold,295659,298251,406090
27181,hold,302441,309230,388328
27241,hold,281332,293345,425323
27301,hold,301348,286499,412153
27361,hold,292739,279787,427475
27421,hold,302386,295236,402378
27481,hold,295459,296098,408443
27541,hold,290619,295307,414074
27601,hold,304690,298499,396811
27661,hold,286893,291381,421727
27721,hold,292756,292766,414478
27781,hold,296807,300382,402811
27841,hold,301536,297301,401163
27901,hold,294027,299383,406590
27961,hold,299194,295014,405792
28021,hold,292430,294067,413503
28081,hold,294932,298095,406973
28141,hold,275956,281993,442050
28201,hold,273236,285829,440934
28261,hold,292369,303887,403745
28321,hold,290670,291646,417684
28381,hold,277205,292221,430573
28441,hold,306836,300020,393143
28501,hold,281403,289397,429200
28561,hold,290563,289532,419905
28621,hold,295908,303755,400337
28681,hold,291933,295138,412930
28741,hold,281949,290706,427345
28801,hold,289232,283947,426821
28861,hold,293855,292736,413409
28921,hold,296123,286467,417410
28981,hold,291731,298402,409868
29041,hold,288548,290242,421210
29101,hold,286085,284457,429458
29161,hold,283372,284612,432016
29221,hold,290043,295587,414370
29281,hold,288791,290341,420868
29341,hold,302071,304241,393688
29401,hold,278721,292835,428445
29461,hold,288414,295320,416266
29521,hold,302474,294078,403448
29581,hold,299444,295642,404914
29641,hold,287358,290679,421962
29701,hold,290306,305664,404030
29761,hold,290073,299622,410305
29821,hold,290038,298999,410964
29881,hold,295699,294852,409448
29941,hold,287904,295779,416317
30001,hold,286909,298162,414929
30061,hold,285243,290262,424495
30121,hold,290532,295081,414387
30181,hold,291640,291805,416555
30241,hold,275419,260504,464077
30301,hold,283036,284305,432660
30361,hold,300153,290129,409717
30421,hold,294945,301886,403168
30481,hold,305618,289672,404710
30541,hold,305354,289313,405333
30601,hold,275737,287482,436782
30661,hold,286886,282134,430980
30721,hold,305167,299341,395492
30781,hold,290196,304293,405511
30841,hold,290733,294196,415071
30901,hold,285994,298182,415824
30961,hold,288996,297072,413933
31021,hold,291194,292929,415878
31081,hold,293491,296708,409801
31141,hold,281037,296938,422024
31201,hold,285119,291555,423326
31261,hold,301900,297180,400920
31321,hold,280273,281005,438722
31381,hold,289446,297640,412915
31441,hold,293657,297793,408549
31501,hold,292811,304346,402844
31561,hold,302569,296296,401135
31621,hold,282378,287345,430277
31681,hold,276335,273351,450314
31741,hold,286989,283842,429170
31801,hold,287696,286393,425911
31861,hold,291484,296003,412513
31921,hold,295752,294596,409651
31981,hold,301100,295211,403689
32041,hold,301288,295842,402871
32101,hold,285566,298694,415740
32161,hold,292171,298216,409613
32221,hold,292331,302165,405503
32281,hold,311924,295134,392942
32341,hold,306313,303776,389911
32401,hold,283376,288783,427841
32461,hold,296421,291545,412034
32521,hold,285553,296110,418338
32581,hold,282634,294382,422984
32641,hold,295238,298048,406714
32701,hold,298693,305350,395957
32761,hold,294261,298664,407075
32821,hold,302069,298066,399865
32881,hold,294953,295461,409586
32941,hold,286979,299590,413431
33001,hold,294771,293969,411260
33061,hold,301842,292219,405939
33121,hold,288690,284802,426508
33181,hold,290680,290951,418370
33241,hold,293385,292775,413840
33301,hold,309338,306366,384297
33361,hold,300645,295688,403667
33421,hold,299388,288378,412235
33481,hold,297245,300624,402131
33541,hold,310080,291596,398324
33601,hold,306093,302353,391553
33661,hold,291820,300582,407598
33721,hold,306610,300097,393293
33781,hold,300957,297539,401504
33841,hold,301513,297556,400931
33901,hold,291714,291896,416390
33961,hold,286739,287619,425642
34021,hold,300273,300255,399471
34081,hold,294111,295903,409986
34141,hold,294104,295797,410099
34201,hold,297750,297007,405243
34261,hold,290465,288499,421036
34321,hold,297547,290423,412031
34381,hold,308103,293918,397979
34441,hold,291519,294027,414453
34501,hold,293586,293832,412582
34561,hold,276534,267786,455680
34621,hold,293153,293286,413561
34681,hold,285107,284767,430126
34741,hold,289177,302448,408374
34801,hold,291510,295664,412826
34861,hold,296547,280471,422982
34921,hold,297582,293673,408744
34981,hold,292834,292310,414856
35041,hold,297153,290651,412196
35101,hold,289624,305866,404510
35161,hold,287511,294793,417696
35221,hold,297711,300220,402069
35281,hold,292173,302585,405242
35341,hold,291841,300392,407768
35401,hold,289939,298947,411114
35461,hold,306159,293504,400337
35521,hold,297471,295269,407260
35581,hold,292363,299551,408086
35641,hold,290034,294621,415344
35701,hold,317891,296713,385395
35761,hold,292126,300254,407620
35821,hold,294651,296480,408869
35881,hold,296507,304173,399321
35941,hold,297375,287321,415305
36001,hold,285946,288042,426012
36061,hold,278584,281875,439541
36121,hold,295808,295209,408982
36181,hold,286818,288236,424946
36241,hold,290924,293072,416004
36301,hold,290559,280932,428509
36361,hold,291960,283439,424601
36421,hold,308070,297869,394061
36481,hold,305980,289329,404692
36541,hold,290889,299933,409177
36601,hold,301179,295789,403032
36661,hold,284673,286010,429317
36721,hold,298683,295534,405783
36781,hold,296188,292742,411070
36841,hold,293403,294884,411713
36901,hold,293281,303790,402929
36961,hold,302524,296409,401066
37021,hold,300036,291203,408762
37081,hold,300829,303384,395787
37141,hold,293725,295128,411147
37201,hold,295051,298339,406610
37261,hold,283962,299717,416321
37321,hold,295046,287184,417770
37381,hold,279484,285747,434769
37441,hold,263777,265232,470991
37501,hold,292104,292369,415526
37561,hold,294709,289958,415333
37621,hold,279394,292098,428509
37681,hold,284174,288008,427818
37741,hold,305356,294599,400045
37801,hold,287840,293982,418178
37861,hold,304153,292629,403218
37921,hold,290917,293047,416036
37981,hold,300408,296351,403241
38041,hold,289231,297138,413631
38101,hold,295917,294084,409999
38161,hold,291632,297930,410438
38221,hold,285411,290706,423884
38281,hold,287539,294182,418279
38341,hold,288104,301349,410547
38401,hold,290858,296088,413054
38461,hold,298508,295312,406180
38521,hold,283784,293746,422470
38581,hold,300955,301165,397880
38641,hold,296404,298911,404685
38701,hold,298600,290450,410950
38761,hold,302423,295744,401833
38821,hold,302977,299432,397591
38881,hold,295310,290659,414031
38941,hold,291840,277197,430963
39001,hold,299014,296883,404103
39061,hold,300048,303824,396128
39121,hold,309060,298475,392465
39181,hold,299747,295327,404927
39241,hold,273780,285401,440819
39301,hold,292337,290034,417629
39361,hold,291412,306945,401643
39421,hold,298274,307326,394401
39481,hold,279683,290823,429494
39541,hold,306346,296039,397615
39601,hold,287092,299681,413227
39661,hold,306030,301526,392443
39721,hold,288968,290686,420346
39781,hold,293202,297034,409764
39841,hold,298233,306611,395157
39901,hold,296759,288985,414257
39961,hold,296256,298370,405374
40021,hold,293520,285136,421344
40081,hold,294877,298566,406558
40141,hold,289561,292720,417719
40201,hold,310903,284266,404832
40261,hold,288683,296865,414452
40321,hold,283285,287804,428911
40381,hold,301579,293663,404758
40441,hold,296054,295866,408080
40501,hold,296971,300742,402288
40561,hold,305903,295161,398936
40621,hold,293575,290716,415710
40681,hold,298423,298557,403020
40741,hold,291082,287871,421048
40801,hold,300107,293259,406634
40861,hold,304066,310442,385492
40921,hold,292764,296963,410273
40981,hold,283415,291528,425057
41041,hold,301996,293222,404782
41101,hold,290703,297231,412066
41161,hold,286670,290755,422575
41221,hold,298418,305344,396238
41281,hold,295942,305994,398064
41341,hold,301955,304208,393837
41401,hold,284349,288200,427452
41461,hold,290091,296273,413637
41521,hold,288264,294884,416852
41581,hold,297390,295698,406912
41641,hold,299453,295610,404937
41701,hold,302463,300811,396726
41761,hold,288945,285503,425551
41821,hold,287010,294021,418969
41881,hold,287541,293966,418493
41941,hold,290294,304110,405596
42001,hold,313429,301266,385304
42061,hold,285848,288394,425758
42121,hold,284755,290186,425059
42181,hold,289334,286544,424122
42241,hold,297510,295306,407183
42301,hold,297120,306405,396476
42361,hold,281672,290639,427689
42421,hold,283097,289739,427164
42481,hold,300640,309748,389613
42541,hold,283114,288664,428222
42601,hold,300413,302501,397086
42661,hold,292093,297402,410505
42721,hold,303217,293523,403260
42781,hold,303316,305115,391569
42841,hold,288109,287250,424641
42901,hold,276448,287914,435638
42961,hold,298038,299372,402590
43021,hold,290341,304437,405222
43081,hold,294046,289935,416019
43141,hold,293311,287109,419580
43201,hold,284973,278194,436833
43261,hold,291545,287272,421184
43321,hold,277947,276456,445597
43381,hold,288106,292675,419219
43441,hold,294123,292004,413873
43501,hold,289891,287904,422205
43561,hold,288768,297690,413542
43621,hold,283731,295178,421091
43681,hold,302703,298510,398788
43741,hold,293174,305245,401581
43801,hold,292574,295978,411447
43861,hold,305381,295882,398738
43921,hold,292119,297535,410346
43981,hold,300860,300352,398788
44041,hold,295212,292917,411872
44101,hold,297541,301165,401294
44161,hold,311646,293317,395037
44221,hold,295144,300277,404579
44281,hold,286580,292433,420987
44341,hold,294956,287587,417458
44401,hold,293570,290991,415439
44461,hold,286880,297560,415560
44521,hold,296263,298065,405672
44581,hold,286328,291128,422544
44641,hold,271663,268686,459652
44701,hold,282104,291285,426611
44761,hold,284945,289285,425770
44821,hold,299841,302796,397363
44881,hold,311697,289902,398401
44941,hold,292921,301794,405284
45001,hold,273086,278051,448862
45061,hold,279564,290429,430007
45121,hold,295917,290245,413839
45181,hold,292012,298339,409649
45241,hold,291301,288379,420320
45301,hold,304034,300445,395521
45361,hold,293728,294998,411274
45421,hold,280291,298806,420903
45481,hold,292979,291964,415057
45541,hold,301737,301543,396720
45601,hold,286557,287586,425857
45661,hold,312473,301885,385642
45721,hold,287780,285293,426927
45781,hold,295971,297519,406510
45841,hold,289666,295454,414880
45901,hold,284678,301037,414284
45961,hold,295718,289999,414283
46021,hold,287734,292390,419876
46081,hold,288254,278424,433321
46141,hold,304470,296051,399479
46201,hold,288471,289947,421581
46261,hold,291845,303494,404661
46321,hold,295905,283316,420779
46381,hold,285362,292239,422398
46441,hold,292618,285400,421981
46501,hold,287145,297853,415002
46561,hold,292986,299543,407471
46621,hold,289171,305308,405522
46681,hold,290012,285901,424087
46741,hold,292045,293464,414491
46801,hold,279959,283086,436956
46861,hold,296309,293059,410632
46921,hold,299132,291787,409080
46981,hold,281800,313965,404235
47041,hold,296774,295475,407751
47101,hold,293374,295961,410664
47161,hold,279322,282718,437960
47221,hold,294827,292916,412257
47281,hold,296863,302300,400837
47341,hold,286607,301188,412206
47401,hold,290920,293270,415810
47461,hold,292165,295940,411894
47521,hold,295035,295386,409580
47581,hold,305301,299977,394722
47641,hold,294856,284670,420473
47701,hold,298388,299112,402499
47761,hold,296463,297022,406515
47821,hold,302961,297863,399176
47881,hold,289576,291578,418846
47941,hold,295983,293500,410516
48001,hold,300485,296421,403094
48061,hold,293752,303756,402492
48121,hold,294111,301831,404058
48181,hold,288561,296125,415314
48241,hold,300336,297423,402240
48301,hold,297431,299778,402791
48361,hold,284252,282671,433077
48421,hold,286233,300909,412857
48481,hold,298047,298950,403003
48541,hold,291374,300538,408088
48601,hold,283395,290882,425722
48661,hold,299706,299235,401060
48721,hold,299063,291961,408976
48781,hold,295045,304119,400836
48841,hold,298645,299606,401749
48901,hold,276292,286196,437512
48961,hold,291265,287639,421096
49021,hold,305533,299131,395336
49081,hold,281017,291580,427403
49141,hold,298162,294858,406980
49201,hold,312592,293026,394382
49261,hold,297838,278428,423734
49321,hold,302061,293113,404825
49381,hold,283712,302981,413307
49441,hold,292726,289155,418119
49501,hold,304176,297224,398600
49561,hold,301839,302318,395843
49621,hold,280762,286226,433012
49681,hold,295118,296948,407933
49741,hold,282999,295065,421937
49801,hold,284904,292007,423090
49861,hold,293739,303397,402864
49921,hold,310875,294850,394275
49981,hold,301665,297649,400685
50041,hold,288321,293950,417729
50101,hold,292930,294265,412806
50161,hold,296625,302370,401005
50221,hold,289217,294123,416660
50281,hold,289204,280947,429849
50341,hold,289231,297773,412997
50401,hold,287464,288658,423877
50461,hold,302216,301200,396584
50521,hold,298335,291263,410402
50581,hold,294365,304617,401018
50641,hold,290610,288453,420937
50701,hold,300780,289885,409335
50761,hold,287481,290099,422419
50821,hold,294523,295167,410309
50881,hold,292440,299812,407747
50941,hold,288469,300256,411276
51001,hold,290599,295187,414214
51061,hold,297676,300603,401721
51121,hold,300688,304367,394945
51181,hold,291055,294561,414384
51241,hold,296193,290321,413486
51301,hold,293595,301942,404463
51361,hold,298139,295613,406248
51421,hold,301785,301449,396767
51481,hold,295464,297898,406638
51541,hold,284304,288651,427046
51601,hold,302246,296790,400964
51661,hold,299183,305906,394911
51721,hold,288580,285669,425751
51781,hold,302069,292138,405793
51841,hold,298141,292772,409087
51901,hold,290053,293056,416891
51961,hold,289513,291474,419014
52021,hold,290094,296944,412962
52081,hold,305757,302172,392070
52141,hold,303028,295026,401946
52201,hold,298828,299338,401834
52261,hold,294626,294008,411366
52321,hold,309348,297119,393532
52381,hold,290358,295102,414540
52441,hold,297204,301192,401604
52501,hold,284986,297530,417485
52561,hold,298074,293058,408868
52621,hold,291694,295320,412986
52681,hold,285562,295841,418597
52741,hold,291410,291717,416872
52801,hold,290664,296951,412385
52861,hold,283110,298193,418697
52921,hold,282248,290891,426861
52981,hold,281116,291341,427543
53041,hold,292501,290946,416553
53101,hold,302106,300633,397260
53161,hold,288998,294295,416707
53221,hold,292971,296563,410465
53281,hold,296206,289724,414070
53341,hold,305358,294071,400571
53401,hold,300932,296348,402720
53461,hold,297842,304053,398105
53521,hold,291280,295604,413116
53581,hold,297439,301605,400957
53641,hold,296196,286292,417512
53701,hold,314866,286610,398525
53761,hold,307168,299879,392953
53821,hold,305505,303511,390983
53881,hold,301199,293405,405396
53941,hold,304386,284078,411536
54001,hold,306027,296713,397260
54061,hold,297173,297939,404888
54121,hold,295577,297378,407045
54181,hold,288008,299513,412480
54241,hold,294197,298279,407524
54301,hold,288070,296834,415096
54361,hold,278267,290090,431643
54421,hold,305238,300744,394019
54481,hold,297918,291246,410836
54541,hold,293959,293627,412414
54601,hold,292754,287131,420115
54661,hold,290152,299927,409922
54721,hold,285535,287917,426549
54781,hold,277872,278666,443461
54841,hold,309818,293099,397083
54901,hold,299697,299023,401280
54961,hold,292634,286556,420811
55021,hold,298983,285229,415788
55081,hold,297009,291535,411456
55141,hold,293397,292274,414329
55201,hold,296352,299091,404558
55261,hold,295957,301053,402990
55321,hold,289823,294356,415821
55381,hold,287051,295173,417776
55441,hold,288524,297006,414469
55501,hold,301292,293801,404907
55561,hold,280085,288739,431177
55621,hold,284749,300218,415033
55681,hold,301287,294645,404068
55741,hold,310154,305707,384139
55801,hold,292132,291531,416337
55861,hold,299254,289201,411545
55921,hold,301723,295734,402543
55981,hold,300258,298231,401511
56041,hold,301620,297266,401114
56101,hold,295437,288420,416142
56161,hold,288627,277831,433542
56221,hold,290217,285342,424441
56281,hold,286910,288667,424423
56341,hold,295912,299664,404424
56401,hold,307934,305417,386649
56461,hold,296131,295009,408860
56521,hold,289756,284935,425309
56581,hold,295600,292258,412142
56641,hold,309744,302643,387613
56701,hold,283076,301013,415911
56761,hold,282891,293490,423619
56821,hold,308361,307226,384413
56881,hold,288523,291783,419694
56941,hold,288852,289802,421346
57001,hold,286827,292458,420715
57061,hold,297381,301847,400772
57121,hold,293621,298104,408275
57181,hold,302866,299919,397215
57241,hold,286045,287264,426691
57301,hold,298405,297266,404328
57361,hold,297483,295200,407317
57421,hold,288831,306524,404645
57481,hold,284383,284520,431097
57541,hold,291680,293169,415151
57601,hold,309322,296808,393870
57661,hold,289998,297693,412309
57721,hold,298329,288377,413294
57781,hold,302436,296540,401024
57841,hold,294625,292605,412769
57901,hold,293237,295581,411182
57961,hold,283361,291028,425612
58021,hold,312103,303592,384305
58081,hold,294745,301831,403424
58141,hold,294321,303600,402080
58201,hold,303701,293954,402345
58261,hold,291437,293851,414713
58321,hold,306722,309289,383989
58381,hold,298391,293922,407687
58441,hold,307798,304373,387829
58501,hold,294478,307731,397791
58561,hold,291157,295517,413325
58621,hold,286338,297754,415909
58681,hold,288694,299960,411347
58741,hold,304244,298944,396812
58801,hold,291965,289687,418347
58861,hold,287663,303059,409278
58921,hold,284525,291921,423553
58981,hold,291184,299762,409054
59041,hold,294152,293782,412066
59101,hold,302293,300102,397606
59161,hold,295571,297832,406597
59221,hold,296212,299268,404519
59281,hold,306182,288081,405737
59341,hold,281046,294516,424437
59401,hold,287644,297791,414565
59461,hold,291756,293198,415046
59521,hold,301596,296666,401738
59581,hold,300363,304633,395004
59641,hold,306433,293635,399932
59701,hold,298956,295859,405185
59761,hold,273902,292335,433763
59821,hold,293505,287463,419033
59881,hold,290917,298308,410776
59941,hold,297272,309841,392887
60001,hold,299866,305629,394505
60061,hold,294341,294309,411350
60121,hold,279513,295995,424492
60181,hold,306817,298106,395078
60241,hold,309261,292467,398272
60301,hold,297329,300162,402509
60361,hold,294753,296475,408772
60421,hold,290409,295361,414229
60481,hold,306702,289262,404036
60541,hold,291832,291826,416342
60601,hold,286564,291259,422177
60661,hold,298734,305137,396129
60721,hold,291209,290497,418294
60781,hold,290561,298396,411042
60841,hold,295213,296677,408110
60901,hold,290790,297190,412020
60961,hold,298604,297430,403967
61021,hold,291405,300166,408429
61081,hold,301402,291846,406752
61141,hold,295953,295983,408064
61201,hold,301866,296932,401201
61261,hold,290103,292827,417070
61321,hold,281852,294062,424086
61381,hold,291984,301831,406185
61441,hold,284780,295360,419860
61501,hold,301504,298744,399752
61561,hold,278048,294953,426998
61621,hold,297681,286573,415746
61681,hold,288120,301115,410765
61741,hold,289371,305646,404983
61801,hold,292321,294672,413006
61861,hold,296377,287566,416057
61921,hold,275662,274653,449685
61981,hold,294848,292044,413108
62041,hold,292364,296736,410901
62101,hold,290039,299936,410025
62161,hold,316474,299999,383527
62221,hold,298060,296245,405695
62281,hold,279084,277839,443076
62341,hold,290242,294016,415743
62401,hold,291831,296178,411991
62461,hold,293917,304044,402039
62521,hold,278199,290579,431222
62581,hold,287755,291738,420507
62641,hold,288746,296765,414490
62701,hold,292066,293905,414029
62761,hold,283882,292990,423128
62821,hold,286180,300299,413521
62881,hold,291538,297347,411115
62941,hold,287397,296311,416292
63001,hold,288155,287843,424002
63061,hold,296080,297235,406685
63121,hold,299315,294830,405855
63181,hold,298213,305002,396785
63241,hold,289983,298130,411888
63301,hold,294322,297738,407939
63361,hold,292091,288716,419193
63421,hold,304661,298680,396659
63481,hold,283793,292565,423642
63541,hold,303726,300393,395880
63601,hold,287447,297388,415165
63661,hold,304652,288910,406437
63721,hold,290895,293647,415458
63781,hold,301482,300559,397959
63841,hold,305251,295930,398819
63901,hold,282603,297749,419647
63961,hold,288718,293325,417957
64021,hold,290544,293878,415579
64081,hold,293290,301221,405490
64141,hold,299695,298946,401358
64201,hold,294716,293533,411751
64261,hold,293041,306115,400844
64321,hold,293433,297061,409506
64381,hold,291741,299382,408877
64441,hold,296372,293914,409714
64501,hold,289946,286356,423699
64561,hold,295408,297702,406890
64621,hold,292265,300983,406752
64681,hold,299115,291172,409713
64741,hold,286717,294456,418828
64801,hold,295254,284453,420293
64861,hold,312904,297523,389574
64921,hold,293445,290792,415764
64981,hold,283001,286354,430645
65041,hold,296817,288883,414300
65101,hold,284321,285833,429846
65161,hold,284533,288497,426970
65221,hold,304263,290642,405095
65281,hold,293766,298189,408045
65341,hold,294809,301640,403551
65401,hold,299461,301880,398659
65461,hold,288126,297542,414332
65521,hold,296155,295075,408770
65581,hold,305969,306063,387968
65641,hold,291447,287328,421224
65701,hold,310634,299973,389394
65761,hold,296255,299627,404118
65821,hold,285950,298977,415074
65881,hold,288243,296777,414981
65941,hold,298072,299411,402517
66001,hold,298691,298864,402445
66061,hold,293644,301274,405082
66121,hold,276204,285275,438521
66181,hold,281571,282647,435782
66241,hold,292416,279248,428336
66301,hold,288788,288865,422347
66361,hold,291832,288116,420052
66421,hold,283520,295894,420586
66481,hold,297266,299382,403352
66541,hold,304398,301815,393787
66601,hold,285933,292408,421659
66661,hold,297254,305219,397527
66721,hold,293288,297240,409471
66781,hold,304785,309484,385731
66841,hold,290726,292803,416471
66901,hold,294533,292799,412668
66961,hold,280572,290587,428841
67021,hold,296185,289942,413873
67081,hold,281306,291841,426853
67141,hold,290103,302624,407273
67201,hold,293921,291149,414930
67261,hold,292688,298643,408669
67321,hold,294011,289918,416071
67381,hold,294351,301541,404107
67441,hold,289812,298209,411979
67501,hold,293606,292064,414330
67561,hold,297960,297987,404053
67621,hold,288435,293688,417877
67681,hold,282961,286942,430097
67741,hold,290341,296623,413036
67801,hold,303061,294325,402614
67861,hold,288104,297274,414623
67921,hold,291470,298493,410037
67981,hold,286101,291785,422114
68041,hold,297806,293101,409093
68101,hold,294814,294568,410618
68161,hold,318428,294548,387024
68221,hold,293549,301324,405127
68281,hold,285665,297781,416553
68341,hold,285383,290780,423837
68401,hold,299491,297340,403170
68461,hold,276726,293122,430151
68521,hold,295534,293911,410555
68581,hold,296547,303143,400310
68641,hold,302315,294454,403231
68701,hold,288015,289599,422385
68761,hold,282041,288028,429931
68821,hold,285591,295114,419295
68881,hold,300173,295687,404140
68941,hold,298143,306712,395145
69001,hold,288906,297997,413097
69061,hold,294164,297766,408070
69121,hold,291156,286966,421878
69181,hold,303386,301962,394651
69241,hold,304253,295609,400138
69301,hold,289511,294328,416161
69361,hold,304323,294848,400829
69421,hold,291077,295367,413556
69481,hold,288244,291929,419827
69541,hold,299232,302870,397897
69601,hold,308098,306810,385092
69661,hold,288807,298561,412632
69721,hold,301480,298047,400473
69781,hold,293539,291616,414844
69841,hold,304419,298986,396596
69901,hold,299454,302689,397857
69961,hold,293519,305080,401401
70021,hold,292804,302350,404847
70081,hold,299312,294805,405883
70141,hold,285276,289526,425198
70201,hold,284361,291442,424197
70261,hold,291305,294286,414409
70321,hold,291427,303833,404740
70381,hold,301988,297641,400370
70441,hold,289463,294253,416284
70501,hold,303586,305001,391413
70561,hold,284077,281082,434841
70621,hold,294470,294401,411129
70681,hold,298248,292389,409363
70741,hold,291161,296355,412484
70801,hold,310931,300566,388503
70861,hold,302945,281355,415700
70921,hold,290257,293566,416177
70981,hold,303187,300414,396400
71041,hold,292746,296234,411021
71101,hold,289820,301659,408520
71161,hold,282180,288674,429147
71221,hold,299216,293229,407554
71281,hold,283069,295293,421638
71341,hold,301999,302546,395455
71401,hold,288382,299469,412150
71461,hold,293552,303182,403266
71521,hold,295171,296025,408803
71581,hold,291030,297070,411901
71641,hold,291625,302673,405702
71701,hold,289517,297884,412599
71761,hold,303594,295394,401012
71821,hold,294335,297613,408052
71881,hold,302046,297909,400045
71941,hold,300120,294200,405680
72001,hold,303242,277806,418952
72061,hold,288036,294930,417034
72121,hold,304771,291717,403512
72181,hold,301711,300508,397781
72241,hold,301179,295397,403424
72301,hold,294533,298953,406514
72361,hold,280066,290705,429229
72421,hold,289575,298683,411742
72481,hold,293286,290793,415921
72541,hold,303451,302450,394099
72601,hold,307096,297001,395902
72661,hold,298373,296391,405237
72721,hold,296888,297134,405978
72781,hold,293652,294277,412071
72841,hold,288334,298181,413484
72901,hold,282178,283265,434557
72961,hold,318683,299414,381903
73021,hold,302792,303280,393928
73081,hold,294418,293384,412198
73141,hold,299566,303090,397344
73201,hold,305347,300597,394056
73261,hold,287450,299562,412988
73321,hold,295198,285044,419758
73381,hold,299188,295139,405673
73441,hold,309162,278107,412731
73501,hold,294580,291660,413760
73561,hold,279275,286104,434620
73621,hold,299226,291539,409235
73681,hold,313888,300107,386005
73741,hold,292752,293754,413494
73801,hold,284159,286833,429009
73861,hold,291173,295241,413586
73921,hold,297810,297108,405083
73981,hold,302281,308960,388759
74041,hold,281892,289762,428346
74101,hold,286242,298043,415716
74161,hold,292262,292514,415224
74221,hold,294012,298949,407039
74281,hold,296219,286804,416977
74341,hold,291044,304098,404858
74401,hold,308275,294347,397378
74461,hold,283652,293493,422855
74521,hold,252894,267664,479443
74581,hold,281038,292935,426027
74641,hold,292997,294391,412613
74701,hold,288521,294932,416546
74761,hold,290414,293321,416265
74821,hold,293812,298972,407216
74881,hold,296803,290123,413073
74941,hold,302058,302977,394965
75001,hold,287500,294323,418178
75061,hold,291479,297124,411397
75121,hold,316092,298865,385043
75181,hold,292299,286725,420976
75241,hold,295584,294179,410237
75301,hold,309473,293043,397484
75361,hold,309882,300737,389381
75421,hold,304820,298362,396818
75481,hold,291550,289035,419415
75541,hold,287216,278454,434330
75601,hold,301257,300789,397954
75661,hold,287160,302364,410476
75721,hold,293334,298918,407748
75781,hold,290845,304438,404717
75841,hold,300550,301999,397451
75901,hold,277797,278439,443763
75961,hold,299780,299878,400342
76021,hold,287527,289268,423205
76081,hold,296295,299197,404508
76141,hold,298798,299425,401778
76201,hold,289799,295756,414445
76261,hold,296569,287655,415776
76321,hold,289073,284797,426130
76381,hold,289329,295301,415370
76441,hold,291494,284383,424123
76501,hold,300678,310075,389247
76561,hold,295256,288887,415858
76621,hold,289880,284847,425273
76681,hold,291094,279681,429224
76741,hold,295385,302378,402237
76801,hold,297706,293038,409256
76861,hold,293472,305022,401506
76921,hold,292019,292628,415353
76981,hold,292347,289040,418613
77041,hold,280951,290846,428204
77101,hold,293202,287308,419490
77161,hold,285480,295813,418707
77221,hold,291905,308423,399671
77281,hold,300523,305120,394357
77341,hold,305682,291832,402486
77401,hold,279279,288081,432641
77461,hold,295382,291329,413289
77521,hold,297264,303997,398740
77581,hold,291279,305375,403346
77641,hold,299972,313156,386872
77701,hold,295635,299123,405242
77761,hold,281577,286193,432230
77821,hold,285620,282103,432277
77881,hold,291142,288920,419938
77941,hold,286639,298897,414464
78001,hold,300262,295858,403881
78061,hold,309857,297380,392764
78121,hold,279260,280841,439899
78181,hold,299887,303298,396815
78241,hold,307289,296400,396311
78301,hold,305958,298226,395816
78361,hold,285320,297046,417634
78421,hold,292242,288476,419282
78481,hold,274081,291093,434825
78541,hold,292326,290629,417046
78601,hold,294647,305802,399551
78661,hold,289577,304496,405927
78721,hold,299729,294108,406163
78781,hold,289153,292231,418616
78841,hold,293791,296087,410122
78901,hold,299413,300929,399658
78961,hold,297009,294334,408657
79021,hold,296499,304333,399168
79081,hold,290340,294811,414849
79141,hold,283909,290942,425149
79201,hold,266087,260575,473338
79261,hold,298400,302163,399437
79321,hold,286804,289855,423342
79381,hold,288974,297302,413724
79441,hold,292353,285223,422424
79501,hold,288080,292388,419532
79561,hold,281685,295261,423053
79621,hold,301215,298882,399904
79681,hold,299397,309893,390710
79741,hold,288585,303499,407916
79801,hold,299354,293665,406980
79861,hold,290228,294986,414787
79921,hold,282390,294418,423191
79981,hold,285624,294413,419963
80041,hold,285746,294900,419354
80101,hold,289974,299474,410551
80161,hold,294841,295590,409568
80221,hold,301349,305090,393561
80281,hold,287518,280991,431491
80341,hold,283478,291860,424662
80401,hold,290036,294498,415465
80461,hold,297055,303020,399926
80521,hold,298020,295229,406751
80581,hold,305465,292071,402464
80641,hold,279449,279904,440647
80701,hold,307232,299600,393167
80761,hold,291970,291367,416663
80821,hold,302117,308455,389427
80881,hold,308410,293205,398385
80941,hold,298723,291891,409386
81001,hold,294323,293946,411731
81061,hold,300302,293527,406171
81121,hold,296844,306338,396818
81181,hold,300988,295970,403041
81241,hold,283453,288737,427810
81301,hold,290261,293982,415757
81361,hold,284756,296445,418799
81421,hold,293445,299365,407190
81481,hold,295357,296462,408180
81541,hold,298627,301055,400318
81601,hold,285895,291208,422897
81661,hold,293435,300710,405855
81721,hold,286580,291254,422166
81781,hold,289379,294026,416595
81841,hold,295157,294027,410815
81901,hold,294512,304492,400996
81961,hold,292264,294078,413658
82021,hold,290148,285854,423997
82081,hold,289959,292482,417559
82141,hold,283446,293420,423133
82201,hold,303227,294584,402190
82261,hold,290905,295964,413131
82321,hold,291495,296695,411810
82381,hold,290349,295438,414214
82441,hold,290976,296082,412941
82501,hold,310836,295750,393414
82561,hold,300203,299812,399984
82621,hold,298271,301979,399750
82681,hold,299884,286116,414001
82741,hold,288931,295453,415616
82801,hold,288958,300583,410459
82861,hold,300351,297026,402622
82921,hold,292817,293923,413260
82981,hold,289327,304011,406662
83041,hold,296502,301827,401671
83101,hold,287838,294450,417712
83161,hold,288458,292132,419411
83221,hold,289958,290238,419803
83281,hold,300462,292142,407396
83341,hold,292992,303054,403954
83401,hold,282803,296680,420517
83461,hold,288880,295076,416044
83521,hold,290016,290412,419571
83581,hold,288563,291848,419589
83641,hold,293820,285464,420715
83701,hold,307850,306587,385563
83761,hold,300117,287814,412069
83821,hold,294779,297566,407655
83881,hold,293752,289489,416759
83941,hold,301524,296644,401831
84001,hold,297653,293704,408643
84061,hold,285783,293018,421199
84121,hold,298159,299569,402273
84181,hold,284666,290101,425234
84241,hold,287998,298819,413183
84301,hold,283614,293141,423245
84361,hold,293741,293148,413112
84421,hold,288264,298900,412836
84481,hold,300581,306398,393021
84541,hold,277518,296824,425658
84601,hold,305748,296336,397915
84661,hold,301845,295233,402922
84721,hold,295555,295343,409101
84781,hold,287916,300725,411359
84841,hold,292751,291568,415680
84901,hold,300368,289597,410035
84961,hold,277739,282489,439772
85021,hold,293061,302175,404763
85081,hold,297078,292958,409964
85141,hold,294024,295384,410593
85201,hold,296903,297018,406079
85261,hold,296843,287657,415500
85321,hold,284925,291545,423530
85381,hold,293738,287879,418383
85441,hold,304121,293557,402322
85501,hold,289179,303172,407649
85561,hold,293877,301308,404816
85621,hold,298678,294030,407292
85681,hold,297612,292520,409868
85741,hold,299693,300392,399915
85801,hold,296137,293804,410059
85861,hold,282358,305334,412308
85921,hold,298211,297913,403876
85981,hold,289834,301546,408620
86041,hold,283375,292977,423648
86101,hold,286150,290524,423326
86161,hold,287161,295913,416926
86221,hold,292233,296878,410889
86281,hold,288377,289187,422436
86341,hold,293911,298299,407790
86401,hold,287057,290308,422636
86461,hold,294069,296334,409597
86521,hold,287690,297912,414398
86581,hold,296837,302461,400702
86641,hold,299534,297565,402901
86701,hold,294057,287439,418504
86761,hold,293294,293695,413011
86821,hold,308753,299185,392063
86881,hold,292234,294133,413634
86941,hold,300281,298671,401048
87001,hold,294382,284207,421411
87061,hold,296264,294017,409719
87121,hold,285269,295283,419448
87181,hold,297113,295700,407188
87241,hold,295666,295929,408405
87301,hold,299330,301534,399136
87361,hold,294437,293445,412118
87421,hold,301424,298136,400440
87481,hold,289278,298927,411796
87541,hold,296811,294067,409122
87601,hold,304750,301400,393850
87661,hold,295727,291539,412735
87721,hold,281708,287267,431026
87781,hold,296133,296838,407029
87841,hold,302891,284465,412644
87901,hold,297725,289288,412987
87961,hold,285816,289160,425024
88021,hold,297070,300302,402627
88081,hold,314417,299806,385776
88141,hold,297112,304196,398693
88201,hold,283322,281800,434878
88261,hold,293792,295342,410867
88321,hold,296331,290706,412963
88381,hold,293708,299540,406752
88441,hold,290626,296378,412996
88501,hold,289784,294816,415399
88561,hold,292064,304851,403085
88621,hold,300192,296645,403163
88681,hold,291459,303295,405246
88741,hold,296350,305518,398133
88801,hold,290050,292871,417079
88861,hold,287099,288499,424403
88921,hold,291271,297029,411701
88981,hold,293840,295868,410292
89041,hold,295909,297069,407022
89101,hold,305667,298030,396304
89161,hold,307194,295173,397633
89221,hold,282643,294234,423122
89281,hold,286413,284308,429279
89341,hold,306318,295502,398180
89401,hold,296640,286277,417083
89461,hold,295927,298157,405916
89521,hold,295489,296704,407807
89581,hold,307397,302796,389807
89641,hold,292113,296003,411884
89701,hold,300536,296714,402750
89761,hold,297716,296031,406253
89821,hold,296413,290570,413016
89881,hold,291061,294339,414600
89941,hold,285319,291672,423010
90001,hold,295415,295686,408898
90061,hold,285524,290818,423657
90121,hold,297681,291998,410320
90181,hold,294549,297469,407982
90241,hold,299518,297807,402675
90301,hold,261111,301218,437671
90361,hold,263346,263259,473395
90421,hold,288793,290347,420860
90481,hold,289798,301230,408972
90541,hold,296418,304395,399186
90601,hold,292539,292622,414839
90661,hold,291288,296946,411766
90721,hold,257976,254173,487852
90781,hold,290973,291853,417174
90841,hold,291556,288969,419475
90901,hold,295295,286604,418102
90961,hold,288313,284511,427176
91021,hold,310047,301923,388029
91081,hold,293285,297217,409498
91141,hold,297721,298652,403627
91201,hold,298630,299791,401579
91261,hold,288512,309210,402278
91321,hold,296874,301035,402091
91381,hold,288784,293630,417586
91441,hold,313095,297342,389563
91501,hold,289853,295633,414514
91561,hold,297506,294791,407703
91621,hold,298833,300284,400883
91681,hold,288847,288577,422576
91741,hold,295744,294725,409531
91801,hold,280370,289500,430130
91861,hold,294443,300443,405114
91921,hold,299884,300392,399724
91981,hold,285654,299095,415251
92041,hold,309080,307073,383847
92101,hold,295995,297159,406846
92161,hold,294094,286845,419061
92221,hold,304853,284759,410388
92281,hold,297246,298295,404459
92341,hold,289903,293359,416738
92401,hold,312954,299104,387943
92461,hold,287800,280895,431305
92521,hold,289411,296211,414378
92581,hold,309217,289484,401300
92641,hold,295590,290692,413718
92701,hold,285423,299059,415518
92761,hold,291701,282882,425417
92821,hold,280807,289705,429488
92881,hold,284259,291135,424607
92941,hold,301561,297062,401377
93001,hold,295028,288076,416896
93061,hold,295850,304056,400094
93121,hold,289019,297546,413434
93181,hold,283526,292998,423476
93241,hold,291866,294639,413495
93301,hold,285857,291925,422218
93361,hold,301748,298896,399357
93421,hold,293099,304834,402067
93481,hold,294873,293647,411480
93541,hold,298395,294743,406862
93601,hold,280526,285946,433528
93661,hold,283146,283525,433328
93721,hold,282541,292962,424497
93781,hold,305571,300182,394247
93841,hold,296975,284352,418673
93901,hold,299113,285174,415713
93961,hold,276684,285255,438061
94021,hold,288983,300183,410835
94081,hold,301875,295164,402960
94141,hold,295571,304946,399483
94201,hold,280295,291997,427708
94261,hold,291258,295573,413169
94321,hold,265582,266431,467987
94381,hold,295656,299035,405309
94441,hold,293839,295512,410650
94501,hold,291644,297174,411182
94561,hold,308341,294627,397032
94621,hold,309729,296621,393650
94681,hold,294886,296438,408676
94741,hold,302971,299761,397268
94801,hold,291207,292171,416622
94861,hold,295953,302522,401525
94921,hold,287426,289972,422602
94981,hold,277307,291294,431399
95041,hold,283051,285734,431215
95101,hold,304796,288306,406898
95161,hold,296246,296932,406823
95221,hold,299057,290879,410064
95281,hold,293958,291065,414977
95341,hold,298147,291072,410780
95401,hold,313524,298397,388079
95461,hold,288961,303625,407414
95521,hold,304231,298048,397722
95581,hold,298622,306710,394669
95641,hold,306184,293883,399933
95701,hold,287643,293098,419260
95761,hold,300529,286988,412483
95821,hold,284058,293089,422852
95881,hold,297041,297390,405569
95941,hold,288155,301538,410307
96001,hold,289260,296808,413932
96061,hold,298019,301413,400568
96121,hold,272583,277755,449662
96181,hold,288903,295965,415132
96241,hold,289975,297462,412563
96301,hold,300004,299353,400643
96361,hold,287492,272458,440051
96421,hold,290951,291861,417188
96481,hold,280659,282117,437224
96541,hold,309537,304225,386238
96601,hold,303225,288761,408013
96661,hold,302179,292702,405119
96721,hold,295734,292118,412148
96781,hold,283596,286102,430302
96841,hold,288175,282084,429741
96901,hold,288930,292802,418268
96961,hold,295648,296515,407837
97021,hold,298176,296802,405022
97081,hold,298834,288113,413053
97141,hold,296523,302161,401315
97201,hold,300207,295580,404214
97261,hold,289828,296146,414026
97321,hold,279607,291914,428480
97381,hold,294596,301796,403608
97441,hold,293454,296930,409616
97501,hold,291929,292059,416012
97561,hold,292907,292813,414280
97621,hold,288329,289464,422207
97681,hold,311621,292776,395602
97741,hold,290981,306563,402456
97801,hold,298488,297472,404040
97861,hold,288882,293004,418115
97921,hold,302726,286890,410385
97981,hold,301235,296141,402624
98041,hold,295995,294112,409893
98101,hold,285943,296124,417933
98161,hold,304136,282712,413152
98221,hold,297647,294762,407591
98281,hold,296268,281429,422303
98341,hold,282032,293558,424410
98401,hold,304154,305934,389912
98461,hold,282557,294535,422908
98521,hold,291199,296755,412046
98581,hold,299951,296657,403391
98641,hold,269185,269226,461589
98701,hold,293361,296461,410178
98761,hold,279667,282656,437677
98821,hold,288161,303856,407983
98881,hold,294466,299113,406421
98941,hold,293917,296913,409171
99001,hold,288224,287797,423978
99061,hold,289194,298492,412314
99121,hold,296664,299065,404271
99181,hold,292135,301231,406635
99241,hold,286237,293230,420533
99301,hold,295233,297513,407254
99361,hold,298982,290140,410878
99421,hold,288842,292472,418686
99481,hold,302094,293532,404374
99541,hold,296222,298756,405022
99601,hold,304514,292625,402861
99661,hold,277218,284499,438282
99721,hold,309252,284474,406274
99781,hold,302456,304327,393217
99841,hold,296875,296327,406799
99901,hold,289458,302145,408397
99961,hold,287986,295325,416689
100021,hold,292793,301417,405790
100081,hold,290256,290436,419308
100141,hold,290319,296220,413462
100201,hold,291615,293466,414920
100261,hold,296708,303286,400006
100321,hold,289774,295187,415039
100381,hold,290328,298262,411410
100441,hold,292322,296698,410980
100501,hold,298259,302210,399531
100561,hold,292138,295052,412810
100621,hold,296697,296247,407057
100681,hold,286617,291267,422116
100741,hold,295571,288918,415511
100801,hold,295447,287431,417122
100861,hold,296873,285476,417651
100921,hold,279606,289442,430952
100981,hold,301651,292507,405842
101041,hold,291629,290970,417400
101101,hold,307628,292994,399378
101161,hold,287826,296430,415744
101221,hold,311204,286041,402754
101281,hold,303874,298782,397344
101341,hold,294172,302845,402983
101401,hold,291860,292024,416116
101461,hold,304190,299629,396180
101521,hold,308100,306793,385107
101581,hold,297680,306195,396125
101641,hold,294605,297490,407904
101701,hold,289899,303124,406977
101761,hold,295773,303897,400330
101821,hold,294759,298242,406998
101881,hold,297521,289972,412507
101941,hold,292474,295885,411641
102001,hold,289485,298565,411951
102061,hold,300912,301549,397539
102121,hold,299396,292510,408094
102181,hold,303690,288124,408186
102241,hold,283321,276905,439774
102301,hold,292613,294209,413177
102361,hold,301863,300277,397860
102421,hold,305468,304678,389853
102481,hold,294419,290693,414888
102541,hold,294072,297136,408792
102601,hold,299803,293983,406213
102661,hold,289339,296320,414341
102721,hold,297768,289373,412859
102781,hold,299356,303060,397584
102841,hold,293007,300040,406952
102901,hold,297318,291951,410731
102961,hold,301665,298327,400008
103021,hold,288893,293679,417428
103081,hold,286827,289188,423985
103141,hold,290068,297874,412058
103201,hold,300578,301040,398382
103261,hold,298574,291051,410375
103321,hold,287063,293204,419733
103381,hold,288609,295830,415562
103441,hold,311294,289665,399041
103501,hold,291972,307255,400773
103561,hold,303047,299416,397536
103621,hold,290388,299119,410493
103681,hold,281141,283013,435847
103741,hold,297662,290989,411349
103801,hold,296757,296641,406602
103861,hold,294296,297419,408284
103921,hold,298795,289056,412149
103981,hold,295313,292668,412019
104041,hold,280086,292908,427007
104101,hold,293441,286017,420543
104161,hold,298342,301268,400390
104221,hold,291628,302091,406281
104281,hold,296365,293494,410140
104341,hold,298564,291971,409464
104401,hold,285561,297278,417161
104461,hold,292767,300909,406324
104521,hold,294477,294618,410905
104581,hold,292216,299953,407831
104641,hold,296253,298082,405664
104701,hold,306095,290374,403531
104761,hold,290091,288189,421720
104821,hold,289709,293149,417142
104881,hold,297668,289562,412771
104941,hold,295511,305668,398821
105001,hold,298365,295470,406166
105061,hold,285339,298663,415998
105121,hold,315612,290488,393900
105181,hold,301846,290511,407642
105241,hold,281661,283068,435271
105301,hold,289454,302328,408219
105361,hold,307451,296952,395596
105421,hold,284716,290075,425210
105481,hold,266586,270095,463319
105541,hold,314694,293178,392128
105601,hold,297983,297088,404929
105661,hold,293391,310799,395810
105721,hold,284537,294600,420863
105781,hold,295849,285706,418445
105841,hold,285769,295458,418773
105901,hold,302121,304658,393221
105961,hold,292796,293573,413631
106021,hold,290103,289696,420201
106081,hold,296752,297946,405303
106141,hold,300348,307334,392318
106201,hold,305724,297415,396861
106261,hold,285795,290373,423833
106321,hold,295610,299820,404570
106381,hold,300880,301898,397222
106441,hold,293025,294909,412066
106501,hold,302649,297908,399443
106561,hold,306827,291692,401481
106621,hold,309715,295440,394845
106681,hold,290982,292665,416353
106741,hold,296626,304746,398628
106801,hold,291923,295246,412831
106861,hold,287792,297006,415202
106921,hold,280811,284355,434834
106981,hold,306946,283166,409888
107041,hold,300627,296874,402499
107101,hold,284481,297622,417897
107161,hold,300557,293137,406306
107221,hold,301840,291752,406408
107281,hold,286632,285958,427411
107341,hold,300250,301031,398718
107401,hold,299746,291859,408395
107461,hold,300312,304489,395199
107521,hold,317535,304084,378381
107581,hold,290669,294445,414886
107641,hold,293739,299522,406738
107701,hold,284154,296647,419199
107761,hold,303492,297938,398570
107821,hold,290334,293767,415899
107881,hold,304380,299984,395636
107941,hold,293609,292849,413542
108001,hold,295732,282468,421800
108061,hold,296929,299685,403387
108121,hold,286674,296508,416818
108181,hold,301732,308601,389667
108241,hold,308044,302992,388964
108301,hold,293659,292383,413958
108361,hold,286015,288137,425849
108421,hold,302902,300581,396517
108481,hold,303081,304260,392659
108541,hold,298182,301732,400086
108601,hold,294213,292193,413594
108661,hold,290686,287598,421717
108721,hold,295234,293523,411243
108781,hold,284347,296994,418659
108841,hold,282482,294071,423447
108901,hold,307824,307918,384258
108961,hold,288562,293681,417757
109021,hold,291028,304405,404567
109081,hold,293715,291797,414488
109141,hold,294747,291841,413412
109201,hold,299248,296127,404625
109261,hold,293021,306921,400058
109321,hold,294275,299181,406544
109381,hold,294033,296732,409235
109441,hold,283934,282254,433812
109501,hold,295608,288529,415863
109561,hold,297145,287982,414873
109621,hold,276535,303836,419628
109681,hold,292906,292869,414225
109741,hold,300860,296668,402471
109801,hold,282115,275981,441904
109861,hold,299503,291535,408962
109921,hold,309390,297429,393181
109981,hold,294114,303713,402173
110041,hold,293228,289841,416931
110101,hold,306130,303505,390365
110161,hold,270009,278089,451902
110221,hold,282471,294788,422740
110281,hold,283381,283989,432630
110341,hold,281301,291796,426903
110401,hold,294039,301849,404113
110461,hold,289551,294780,415668
110521,hold,290690,290094,419215
110581,hold,294225,298264,407511
110641,hold,300670,297277,402053
110701,hold,302019,300416,397565
110761,hold,292900,295740,411360
110821,hold,301126,305340,393534
110881,hold,273551,272119,454331
110941,hold,304281,299942,395777
111001,hold,289893,291724,418383
111061,hold,294838,303820,401342
111121,hold,303327,293634,403039
111181,hold,302609,302962,394429
111241,hold,291937,282592,425471
111301,hold,296954,289697,413349
111361,hold,309570,303008,387422
111421,hold,294709,296913,408378
111481,hold,293675,293914,412411
111541,hold,291600,295598,412802
111601,hold,298178,295789,406033
111661,hold,306808,296521,396671
111721,hold,293939,298521,407540
111781,hold,297462,307838,394699
111841,hold,317791,299379,382830
111901,hold,305349,299658,394993
111961,hold,299260,295013,405727
112021,hold,287046,295287,417667
112081,hold,305809,296208,397983
112141,hold,298438,298372,403190
112201,hold,291653,293729,414618
112261,hold,295757,306719,397524
112321,hold,296265,293451,410284
112381,hold,300882,288125,410994
112441,hold,288984,289746,421270
112501,hold,294048,295014,410938
112561,hold,302588,291893,405519
112621,hold,302409,300220,397372
112681,hold,284529,296407,419063
112741,hold,271142,276915,451943
112801,hold,299556,298205,402239
112861,hold,302139,301451,396411
112921,hold,302428,290348,407224
112981,hold,301047,296634,402319
113041,hold,280229,281857,437914
113101,hold,290646,300145,409209
113161,hold,293523,291399,415078
113221,hold,288657,300033,411310
113281,hold,294552,291568,413880
113341,hold,283233,286276,430491
113401,hold,295445,291595,412959
113461,hold,296735,298314,404950
113521,hold,295902,296451,407647
113581,hold,287536,298844,413620
113641,hold,302072,300339,397589
113701,hold,291111,298172,410718
113761,hold,278794,285841,435364
113821,hold,285473,295859,418667
113881,hold,296752,294697,408551
113941,hold,302189,303647,394163
114001,hold,309458,302195,388347
114061,hold,287251,297757,414992
114121,hold,277121,290065,432814
114181,hold,295152,299499,405349
114241,hold,308761,287477,403761
114301,hold,290595,306522,402883
114361,hold,283851,291170,424979
114421,hold,294784,292639,412577
114481,hold,301099,298729,400171
114541,hold,304113,290220,405667
114601,hold,277278,299398,423323
114661,hold,297461,303020,399519
114721,hold,292851,293820,413329
114781,hold,292266,302634,405099
114841,hold,285397,273700,440903
114901,hold,285827,292164,422008
114961,hold,294969,290200,414831
115021,hold,294037,298939,407025
115081,hold,290640,298252,411108
115141,hold,300017,288092,411891
115201,hold,304241,289187,406571
115261,hold,303131,290753,406116
115321,hold,287611,297771,414618
115381,hold,299929,299588,400483
115441,hold,293308,297058,409634
115501,hold,298009,291582,410409
115561,hold,296710,298380,404910
115621,hold,303652,304642,391706
115681,hold,312090,297553,390358
115741,hold,297534,306946,395520
115801,hold,289936,297842,412222
115861,hold,293302,292783,413914
115921,hold,292819,302086,405095
115981,hold,295279,288449,416272
116041,hold,303888,290658,405454
116101,hold,294103,297829,408068
116161,hold,291133,302317,406551
116221,hold,297125,305596,397279
116281,hold,300797,295039,404164
116341,hold,290067,287397,422536
116401,hold,307385,289740,402875
116461,hold,294506,303666,401828
116521,hold,288547,295747,415706
116581,hold,301268,295070,403663
116641,hold,289717,282645,427638
116701,hold,281364,290562,428074
116761,hold,294073,293985,411942
116821,hold,299602,303714,396684
116881,hold,292466,294037,413497
116941,hold,298391,294729,406880
117001,hold,295193,296204,408602
117061,hold,294501,304830,400668
117121,hold,298146,294372,407483
117181,hold,298388,306871,394742
117241,hold,274716,271644,453639
117301,hold,302532,298086,399382
117361,hold,304202,303506,392292
117421,hold,295647,292730,411623
117481,hold,296665,300722,402613
117541,hold,292062,300588,407351
117601,hold,295162,301976,402862
117661,hold,297685,297355,404960
117721,hold,288631,296870,414498
117781,hold,292735,289095,418169
117841,hold,296185,292837,410978
117901,hold,294533,302666,402801
117961,hold,297431,304380,398189
118021,hold,300974,293228,405797
118081,hold,289632,291309,419059
118141,hold,295031,285994,418975
118201,hold,281904,289305,428791
118261,hold,303788,299382,396830
118321,hold,305200,292514,402286
118381,hold,305933,293391,400675
118441,hold,290643,289709,419648
118501,hold,310436,307018,382546
118561,hold,311966,294571,393463
118621,hold,298644,299686,401670
118681,hold,291570,292934,415496
118741,hold,296984,291389,411627
118801,hold,287569,295450,416982
118861,hold,287759,302153,410088
118921,hold,280293,294890,424817
118981,hold,274600,301331,424068
119041,hold,302581,300382,397037
119101,hold,302223,289868,407908
119161,hold,262552,273753,463695
119221,hold,299206,294443,406351
119281,hold,287414,291927,420659
119341,hold,308937,298228,392836
119401,hold,288126,286634,425239
119461,hold,296656,293203,410142
119521,hold,281052,289708,429240
119581,hold,284772,293243,421984
119641,hold,289051,288965,421985
119701,hold,290268,298764,410968
119761,hold,295659,293120,411221
119821,hold,299696,293314,406990
119881,hold,266314,268719,464967
119941,hold,311040,298101,390859
120001,hold,299173,294616,406211
120061,hold,284421,300630,414950
120121,hold,295216,298810,405974
120181,hold,304374,300458,395168
120241,hold,295500,296685,407814
120301,hold,295601,299702,404696
120361,hold,288318,295548,416134
120421,hold,303563,306403,390034
120481,hold,304209,302067,393724
120541,hold,313187,294087,392725
120601,hold,288505,293380,418115
120661,hold,301590,299439,398970
120721,hold,296866,300379,402755
120781,hold,294810,299426,405765
120841,hold,298742,285705,415553
120901,hold,292538,300523,406939
120961,hold,281437,285821,432743
121021,hold,292392,295511,412097
121081,hold,282636,291291,426072
121141,hold,295586,298424,405989
121201,hold,289729,290139,420132
121261,hold,287326,291041,421633
121321,hold,267739,289266,442994
121381,hold,291626,304012,404361
121441,hold,304471,291652,403877
121501,hold,297944,302343,399713
121561,hold,294852,297522,407626
121621,hold,286134,286240,427626
121681,hold,296312,294293,409395
121741,hold,294961,300971,404068
121801,hold,292429,293990,413581
121861,hold,296283,297486,406231
121921,hold,292868,300918,406214
121981,hold,304549,299481,395970
122041,hold,299383,295717,404900
122101,hold,289998,294292,415710
122161,hold,306205,290206,403589
122221,hold,296894,302307,400800
122281,hold,272841,283851,443308
122341,hold,288149,300803,411049
122401,hold,286369,282795,430837
122461,hold,295824,289593,414583
122521,hold,285462,294962,419576
122581,hold,311390,302271,386339
122641,hold,301778,300700,397521
122701,hold,299271,294425,406304
122761,hold,299179,289984,410836
122821,hold,302116,303513,394370
122881,hold,303856,300744,395401
122941,hold,293531,298939,407530
123001,hold,288384,287226,424389
123061,hold,282191,275195,442613
123121,hold,280295,292265,427439
123181,hold,298374,289530,412096
123241,hold,302301,297029,400670
123301,hold,283120,304940,411941
123361,hold,304422,303776,391802
123421,hold,301328,297823,400849
123481,hold,288912,292212,418876
123541,hold,291984,296009,412007
123601,hold,301414,285403,413183
123661,hold,294570,293859,411571
123721,hold,298073,294032,407895
123781,hold,282683,285066,432251
123841,hold,305721,289889,404391
123901,hold,302071,294778,403150
123961,hold,295447,299407,405146
124021,hold,299933,299072,400995
124081,hold,300732,283936,415332
124141,hold,298055,287198,414747
124201,hold,297914,288185,413902
124261,hold,290888,288886,420226
124321,hold,307020,303502,389478
124381,hold,290574,307435,401991
124441,hold,317876,297728,384397
124501,hold,306141,286247,407612
124561,hold,285823,297222,416955
124621,hold,293222,299650,407128
124681,hold,297146,291845,411009
124741,hold,291654,298853,409493
124801,hold,300664,299838,399497
124861,hold,298549,291048,410403
124921,hold,294579,296140,409281
124981,hold,301128,292004,406868
125041,hold,309628,298611,391761
125101,hold,289026,302214,408760
125161,hold,293025,300489,406486
125221,hold,282771,292935,424294
125281,hold,280355,267198,452446
125341,hold,293201,290383,416416
125401,hold,293154,290445,416401
125461,hold,291307,300372,408321
125521,hold,308205,293484,398310
125581,hold,305778,291660,402562
125641,hold,276602,290923,432475
125701,hold,291949,296223,411828
125761,hold,296778,293313,409909
125821,hold,280296,297632,422072
125881,hold,286310,294044,419646
125941,hold,290622,287085,422293
126001,hold,286378,302806,410816
126061,hold,293894,298404,407702
126121,hold,275781,300985,423234
126181,hold,280942,287210,431848
126241,hold,300772,297978,401251
126301,hold,294585,298218,407197
126361,hold,278484,285328,436189
126421,hold,294362,303045,402593
126481,hold,289167,300257,410576
126541,hold,293909,298689,407402
126601,hold,289183,296148,414669
126661,hold,286904,283376,429721
126721,hold,272545,273872,453583
126781,hold,284496,292085,423419
126841,hold,295216,295280,409504
126901,hold,298027,303457,398515
126961,hold,290889,296562,412549
127021,hold,297317,293278,409404
127081,hold,294145,279572,426283
127141,hold,302712,298007,399280
127201,hold,313889,297442,388670
127261,hold,297643,300219,402138
127321,hold,283586,288179,428235
127381,hold,305379,297298,397323
127441,hold,301889,304817,393294
127501,hold,289029,295256,415715
127561,hold,287574,288274,424152
127621,hold,300650,298280,401070
127681,hold,286557,293753,419690
127741,hold,293847,295894,410260
127801,hold,298557,297201,404242
127861,hold,295688,299369,404943
127921,hold,299801,291133,409066
127981,hold,293889,298085,408026
128041,hold,289009,292205,418785
128101,hold,296454,294846,408699
128161,hold,304780,290366,404854
128221,hold,289505,291304,419191
128281,hold,284879,287494,427626
128341,hold,294983,293237,411780
128401,hold,300289,292554,407157
128461,hold,296147,296191,407662
128521,hold,298671,295538,405791
128581,hold,305173,296317,398510
128641,hold,304647,298907,396446
128701,hold,285352,302579,412070
128761,hold,294654,291707,413639
128821,hold,309263,303691,387047
128881,hold,292605,296266,411129
128941,hold,288401,300049,411550
129001,hold,287573,294136,418290
129061,hold,292730,299374,407896
129121,hold,301827,292531,405642
129181,hold,300542,290674,408784
129241,hold,282904,282246,434850
129301,hold,304320,291449,404230
129361,hold,292742,294281,412977
129421,hold,296127,300669,403203
129481,hold,279914,293225,426861
129541,hold,286192,296191,417617
129601,hold,296121,292029,411850
129661,hold,286774,290309,422917
129721,hold,276622,287560,435818
129781,hold,291432,300573,407995
129841,hold,296687,293414,409899
129901,hold,287037,295752,417211
129961,hold,294943,291848,413209
130021,hold,316617,296162,387222
130081,hold,309963,297024,393013
130141,hold,290153,299240,410607
130201,hold,278988,293123,427889
130261,hold,288703,296399,414898
130321,hold,307642,286471,405887
130381,hold,296108,294455,409437
130441,hold,291062,290974,417965
130501,hold,300538,296089,403372
130561,hold,300293,296126,403581
130621,hold,299824,291229,408947
130681,hold,288999,294814,416187
130741,hold,297798,298906,403296
130801,hold,293414,296260,410327
130861,hold,293944,304061,401996
130921,hold,307324,306270,386406
130981,hold,286902,295084,418014
131041,hold,281204,270544,448252
131101,hold,297176,292749,410075
131161,hold,287128,293419,419453
131221,hold,292549,296054,411396
131281,hold,298840,287578,413583
131341,hold,302674,291629,405698
131401,hold,278425,283316,438260
131461,hold,297009,298845,404146
131521,hold,282640,286894,430466
131581,hold,292297,304389,403315
131641,hold,302463,313945,383591
131701,hold,289955,291917,418127
131761,hold,294828,300719,404453
131821,hold,289503,296899,413599
131881,hold,293387,299487,407125
131941,hold,297704,304052,398245
132001,hold,290337,297543,412120
132061,hold,296416,287715,415869
132121,hold,270905,280346,448749
132181,hold,295433,298530,406037
132241,hold,287180,288670,424151
132301,hold,285928,297669,416403
132361,hold,283328,285611,431060
132421,hold,288509,291957,419534
132481,hold,305607,292523,401870
132541,hold,300660,290278,409062
132601,hold,298152,295001,406847
132661,hold,292430,301897,405673
132721,hold,302103,298898,398998
132781,hold,295447,295198,409355
132841,hold,277922,284853,437225
132901,hold,287524,290802,421673
132961,hold,311061,301358,387581
133021,hold,287711,306154,406135
133081,hold,298159,294472,407369
133141,hold,283259,291393,425348
133201,hold,293690,298766,407544
133261,hold,282014,293848,424138
133321,hold,290943,296391,412666
133381,hold,295528,302787,401685
133441,hold,304118,298465,397417
133501,hold,290731,294629,414640
133561,hold,285872,296353,417775
133621,hold,294534,294557,410909
133681,hold,292326,294755,412919
133741,hold,289161,303659,407179
133801,hold,292290,297676,410034
133861,hold,288848,295674,415478
133921,hold,289087,281719,429195
133981,hold,288714,295356,415930
134041,hold,294260,289234,416506
134101,hold,298450,299641,401909
134161,hold,297779,290623,411598
134221,hold,302900,293234,403866
134281,hold,295241,294764,409995
134341,hold,284958,286088,428954
134401,hold,304828,302519,392653
134461,hold,295466,305453,399081
134521,hold,293928,295326,410747
134581,hold,299697,297554,402749
134641,hold,306254,306215,387532
134701,hold,292476,296565,410959
134761,hold,295237,297428,407335
134821,hold,293458,296852,409691
134881,hold,296305,297213,406482
134941,hold,297874,304952,397174
135001,hold,295802,295007,409190
135061,hold,289863,290184,419953
135121,hold,303214,298281,398504
135181,hold,285295,303564,411141
135241,hold,286246,292709,421045
135301,hold,295321,296058,408621
135361,hold,283031,279769,437199
135421,hold,302165,303678,394157
135481,hold,286602,291018,422380
135541,hold,290506,302982,406512
135601,hold,291702,288178,420120
135661,hold,303306,296055,400639
135721,hold,281387,289282,429331
135781,hold,298823,291288,409889
135841,hold,307119,296655,396226
135901,hold,310028,311405,378568
135961,hold,298035,302314,399651
136021,hold,282613,285761,431626
136081,hold,288699,296382,414919
136141,hold,300529,296714,402757
136201,hold,282510,289943,427546
136261,hold,287544,298330,414126
136321,hold,295147,295895,408957
136381,hold,289895,292463,417642
136441,hold,290794,294897,414309
136501,hold,297263,296184,406554
136561,hold,309788,294514,395698
136621,hold,295684,296396,407920
136681,hold,302712,286137,411151
136741,hold,298247,296246,405507
136801,hold,285126,290320,424553
136861,hold,294630,288543,416827
136921,hold,303557,301892,394551
136981,hold,291586,300075,408339
137041,hold,309853,292971,397177
137101,hold,306136,288576,405288
137161,hold,273946,267101,458954
137221,hold,289010,293716,417274
137281,hold,290690,292311,416999
137341,hold,292065,308343,399591
137401,hold,282205,281170,436625
137461,hold,289746,291192,419062
137521,hold,285061,304206,410733
137581,hold,285394,296056,418551
137641,hold,296771,289281,413949
137701,hold,298233,303600,398167
137761,hold,300464,294269,405267
137821,hold,288666,296124,415210
137881,hold,298371,294912,406717
137941,hold,288049,289856,422095
138001,hold,297007,301534,401459
138061,hold,289614,302119,408267
138121,hold,288331,291922,419747
138181,hold,298925,290460,410615
138241,hold,287225,283735,429040
138301,hold,304497,301259,394244
138361,hold,292703,294528,412769
138421,hold,305610,292755,401635
138481,hold,305237,299291,395473
138541,hold,298858,295668,405473
138601,hold,285090,288467,426442
138661,hold,297330,298152,404518
138721,hold,306482,300218,393299
138781,hold,291121,303255,405625
138841,hold,289049,286404,424547
138901,hold,289658,294942,415399
138961,hold,301266,298579,400155
139021,hold,298610,301794,399596
139081,hold,293013,293144,413842
139141,hold,294544,298636,406819
139201,hold,293987,300278,405735
139261,hold,308000,298278,393723
139321,hold,283855,291932,424213
139381,hold,300883,294130,404988
139441,hold,314256,294608,391137
139501,hold,292793,295864,411343
139561,hold,293277,294219,412503
139621,hold,283677,295821,420502
139681,hold,278693,282748,438559
139741,hold,284630,288591,426779
139801,hold,289349,292063,418588
139861,hold,292490,299866,407644
139921,hold,304727,295923,399350
139981,hold,282024,295253,422723
140041,hold,282411,285099,432489
140101,hold,288624,283214,428162
140161,hold,318347,298025,383628
140221,hold,289776,304220,406004
140281,hold,281793,291158,427048
140341,hold,298589,295835,405576
140401,hold,295399,296407,408194
140461,hold,298188,281576,420235
140521,hold,287148,296200,416652
140581,hold,296691,306926,396382
140641,hold,289109,293449,417442
140701,hold,297498,303495,399007
140761,hold,282325,292784,424892
140821,hold,293209,294829,411962
140881,hold,305920,303404,390676
140941,hold,296345,303861,399795
141001,hold,295168,289867,414965
141061,hold,287778,288014,424208
141121,hold,302986,286860,410154
141181,hold,285660,292738,421602
141241,hold,286665,288875,424461
141301,hold,309047,301305,389649
141361,hold,293089,283795,423116
141421,hold,294353,294917,410729
141481,hold,298462,300570,400968
141541,hold,296435,307245,396319
141601,hold,296813,295275,407913
141661,hold,293675,303712,402614
141721,hold,301899,298671,399430
141781,hold,297350,291340,411310
141841,hold,306535,295668,397797
141901,hold,301015,299858,399127
141961,hold,294189,293631,412180
142021,hold,289454,300940,409606
142081,hold,290336,297837,411827
142141,hold,295589,299293,405118
142201,hold,277589,288597,433813
142261,hold,286349,297333,416318
142321,hold,302745,300533,396721
142381,hold,298666,302288,399047
142441,hold,294822,291774,413405
142501,hold,294557,293898,411546
142561,hold,288448,288925,422627
142621,hold,296591,294184,409225
142681,hold,293457,296250,410293
142741,hold,288106,294220,417673
142801,hold,305755,302761,391483
142861,hold,297268,296681,406051
142921,hold,275672,283591,440737
142981,hold,308655,301867,389478
143041,hold,306374,290319,403307
143101,hold,303400,306078,390522
143161,hold,279683,291217,429100
143221,hold,302741,292808,404451
143281,hold,283448,298614,417939
143341,hold,294928,286303,418769
143401,hold,290315,294769,414916
143461,hold,293242,304838,401920
143521,hold,292813,297009,410177
143581,hold,298145,299082,402772
143641,hold,293776,294073,412151
143701,hold,292395,294086,413519
143761,hold,305366,289299,405335
143821,hold,291779,300775,407447
143881,hold,298131,293070,408799
143941,hold,287729,291464,420807
144001,hold,285586,271957,442458
144061,hold,296642,290017,413340
144121,hold,285567,291523,422909
144181,hold,310897,308627,380476
144241,hold,298689,293675,407637
144301,hold,299394,287974,412632
144361,hold,295129,297502,407369
144421,hold,294694,298733,406573
144481,hold,303886,296081,400033
144541,hold,294423,296848,408729
144601,hold,285764,303083,411152
144661,hold,278631,287199,434170
144721,hold,292946,295469,411585
144781,hold,293156,293680,413164
144841,hold,278877,289523,431599
144901,hold,293106,296517,410377
144961,hold,310820,310588,378592
145021,hold,290530,305134,404335
145081,hold,284171,292805,423024
145141,hold,294226,291600,414175
145201,hold,288091,297599,414309
145261,hold,298158,305051,396792
145321,hold,301897,299891,398213
145381,hold,284592,295233,420174
145441,hold,306507,293036,400457
145501,hold,289867,285748,424385
145561,hold,297568,303297,399135
145621,hold,288208,298722,413069
145681,hold,294872,291350,413778
145741,hold,303055,298463,398482
145801,hold,291845,292937,415218
145861,hold,299681,295044,405274
145921,hold,298582,300134,401284
145981,hold,304346,304362,391292
146041,hold,285960,291340,422700
146101,hold,305261,287916,406823
146161,hold,306801,301331,391868
146221,hold,293238,292936,413825
146281,hold,284719,296803,418478
146341,hold,297230,301975,400796
146401,hold,304831,306396,388772
146461,hold,294965,279267,425769
146521,hold,299624,295043,405332
146581,hold,293240,296349,410411
146641,hold,290073,290211,419716
146701,hold,302886,298555,398559
146761,hold,296230,294632,409138
146821,hold,300590,293815,405594
146881,hold,291147,291097,417756
146941,hold,295298,290077,414626
147001,hold,301507,297839,400654
147061,hold,299070,298741,402189
147121,hold,289162,288826,422012
147181,hold,297841,297527,404632
147241,hold,295402,290933,413666
147301,hold,305518,296773,397709
147361,hold,295232,298854,405914
147421,hold,288276,303634,408090
147481,hold,282846,292632,424522
147541,hold,298670,294654,406676
147601,hold,272409,283616,443975
147661,hold,301873,304840,393287
147721,hold,285059,288582,426359
147781,hold,294959,306567,398474
147841,hold,305205,291364,403431
147901,hold,298020,302227,399753
147961,hold,285390,288635,425976
148021,hold,290766,292336,416898
148081,hold,292378,293480,414141
148141,hold,292957,301196,405848
148201,hold,291414,297152,411433
148261,hold,278333,285909,435757
148321,hold,286557,294738,418706
148381,hold,301290,297551,401159
148441,hold,292020,294858,413122
148501,hold,289190,300550,410259
148561,hold,304429,293928,401643
148621,hold,294234,297372,408393
148681,hold,289132,294931,415937
148741,hold,292650,297181,410169
148801,hold,312264,297438,390298
148861,hold,291490,300092,408418
148921,hold,296402,291275,412323
148981,hold,299727,294626,405647
149041,hold,293283,298164,408552
149101,hold,295860,297219,406921
149161,hold,276059,285968,437973
149221,hold,288191,302118,409691
149281,hold,300849,299552,399599
149341,hold,295818,298732,405450
149401,hold,282942,289096,427962
149461,hold,298194,299705,402101
149521,hold,295114,297712,407174
149581,hold,300719,296220,403060
149641,hold,295169,286316,418514
149701,hold,293775,282191,424034
149761,hold,281891,286331,431777
149821,hold,289316,288818,421866
149881,hold,285682,278849,435468
149941,hold,294061,304240,401698
150001,hold,310694,295953,393353
150061,hold,297998,299286,402716
150121,hold,285967,277053,436980
150181,hold,304640,300502,394859
150241,hold,297031,294116,408853
150301,hold,277697,291918,430385
150361,hold,282530,279030,438440
150421,hold,297591,295704,406705
150481,hold,292802,293064,414133
150541,hold,292485,297666,409849
150601,hold,291959,292375,415666
150661,hold,296813,305367,397820
150721,hold,296549,285929,417523
150781,hold,288252,296216,415533
150841,hold,280964,289475,429561
150901,hold,285673,292775,421552
150961,hold,298490,302797,398712
151021,hold,295722,297236,407042
151081,hold,294376,291296,414328
151141,hold,290299,294916,414785
151201,hold,271880,270583,457537
151261,hold,298389,298230,403381
151321,hold,306223,302183,391595
151381,hold,294452,305168,400380
151441,hold,285936,281477,432587
151501,hold,302391,298366,399243
151561,hold,288307,293094,418599
151621,hold,298315,298844,402842
151681,hold,295146,295098,409757
151741,hold,283767,281000,435233
151801,hold,298932,297225,403843
151861,hold,296876,294797,408327
151921,hold,294754,293713,411533
151981,hold,290094,302560,407346
152041,hold,297810,301432,400757
152101,hold,294247,304606,401147
152161,hold,304856,302437,392707
152221,hold,293796,301348,404856
152281,hold,276295,284904,438801
152341,hold,296244,295112,408643
152401,hold,290189,296042,413769
152461,hold,293092,300536,406372
152521,hold,292822,301986,405192
152581,hold,284506,289161,426333
152641,hold,282751,285132,432116
152701,hold,285925,296297,417778
152761,hold,275178,285724,439099
152821,hold,296627,297966,405407
152881,hold,294448,292775,412777
152941,hold,300800,303219,395981
153001,hold,278823,290500,430677
153061,hold,304508,293277,402215
153121,hold,308133,294079,397789
153181,hold,292264,298981,408755
153241,hold,293352,296229,410418
153301,hold,305908,304021,390072
153361,hold,296115,302515,401370
153421,hold,286284,290672,423043
153481,hold,287322,293499,419179
153541,hold,287134,295936,416930
153601,hold,298775,295777,405447
153661,hold,295524,293551,410925
153721,hold,291588,294036,414376
153781,hold,293968,289285,416747
153841,hold,308615,300485,390899
153901,hold,290663,300242,409095
153961,hold,307865,300021,392114
154021,hold,301016,298711,400272
154081,hold,288868,292329,418802
154141,hold,294942,294606,410452
154201,hold,286514,294915,418571
154261,hold,295399,299307,405294
154321,hold,306087,298548,395365
154381,hold,281224,287367,431410
154441,hold,287071,289620,423309
154501,hold,298792,292315,408893
154561,hold,304567,291152,404281
154621,hold,286636,306371,406993
154681,hold,286822,293245,419933
154741,hold,293835,291036,415130
154801,hold,292166,299660,408174
154861,hold,287682,292071,420247
154921,hold,298045,307792,394163
154981,hold,291851,291329,416820
155041,hold,294085,284240,421675
155101,hold,278987,297927,423086
155161,hold,284499,292932,422569
155221,hold,289314,294214,416472
155281,hold,302946,298729,398325
155341,hold,305340,302671,391989
155401,hold,296605,293660,409736
155461,hold,290356,300547,409097
155521,hold,282027,279277,438696
155581,hold,305104,300700,394196
155641,hold,291978,293150,414872
155701,hold,293312,301626,405062
155761,hold,300804,292673,406523
155821,hold,294975,294376,410649
155881,hold,300253,291188,408559
155941,hold,284886,277075,438039
156001,hold,291643,291511,416846
156061,hold,287767,299316,412917
156121,hold,288703,286102,425195
156181,hold,287401,293084,419515
156241,hold,285319,288243,426438
156301,hold,287833,292858,419309
156361,hold,292527,297463,410010
156421,hold,293604,288584,417811
156481,hold,299470,293821,406709
156541,hold,297455,296512,406033
156601,hold,294137,298258,407605
156661,hold,287173,295393,417435
156721,hold,295466,302193,402341
156781,hold,293637,289649,416714
156841,hold,275392,275642,448966
156901,hold,296770,292125,411105
156961,hold,279676,271801,448523
157021,hold,302525,297172,400303
157081,hold,303389,299279,397332
157141,hold,294424,301315,404262
157201,hold,291062,290129,418810
157261,hold,301112,291643,407245
157321,hold,293539,287117,419344
157381,hold,292339,292628,415033
157441,hold,289455,295563,414983
157501,hold,292145,308495,399360
157561,hold,295189,290609,414201
157621,hold,300850,292933,406216
157681,hold,293153,292110,414737
157741,hold,286248,300048,413704
157801,hold,288204,292701,419095
157861,hold,287852,301530,410618
157921,hold,285024,282484,432492
157981,hold,286674,287915,425411
158041,hold,291135,288266,420599
158101,hold,297838,295979,406182
158161,hold,302213,295402,402385
158221,hold,298451,302659,398890
158281,hold,289568,295067,415365
158341,hold,296821,296381,406798
158401,hold,300933,298576,400491
158461,hold,285662,286532,427806
158521,hold,284371,287877,427752
158581,hold,291861,306488,401650
158641,hold,313916,292346,393738
158701,hold,305256,291500,403245
158761,hold,322472,301034,376493
158821,hold,305384,295834,398782
158881,hold,298257,288766,412977
158941,hold,298591,304671,396738
159001,hold,299031,298338,402631
159061,hold,283952,292667,423380
159121,hold,300226,289444,410330
159181,hold,297815,289858,412327
159241,hold,287779,295855,416366
159301,hold,304363,294360,401277
159361,hold,308222,295746,396031
159421,hold,291024,295745,413231
159481,hold,280425,293267,426308
159541,hold,292205,294845,412951
159601,hold,298410,294822,406768
159661,hold,288268,301510,410223
159721,hold,284095,291851,424054
159781,hold,300303,286990,412708
159841,hold,283330,282503,434167
159901,hold,291334,291138,417528
159961,hold,294727,289741,415532
160021,hold,292765,298574,408661
160081,hold,304467,299177,396356
160141,hold,289784,289043,421173
160201,hold,312173,298146,389681
160261,hold,297190,298083,404727
160321,hold,296901,294624,408475
160381,hold,294681,306691,398627
160441,hold,284762,293734,421504
160501,hold,313438,302494,384068
160561,hold,280131,290515,429354
160621,hold,298524,297769,403707
160681,hold,299465,299083,401452
160741,hold,312210,308377,379413
160801,hold,295048,302127,402825
160861,hold,298565,294432,407003
160921,hold,291504,297391,411104
160981,hold,293662,292827,413511
161041,hold,320112,292401,387487
161101,hold,290710,297707,411583
161161,hold,291180,291456,417365
161221,hold,297271,298756,403973
161281,hold,298376,290210,411413
161341,hold,289913,290324,419762
161401,hold,281479,289353,429168
161461,hold,290513,301462,408025
161521,hold,302517,295740,401743
161581,hold,294411,295366,410223
161641,hold,293925,285970,420105
161701,hold,296428,297689,405884
161761,hold,288979,298454,412567
161821,hold,291594,296864,411542
161881,hold,290955,292746,416298
161941,hold,290870,296467,412663
162001,hold,297065,289489,413446
162061,hold,286501,294628,418871
162121,hold,292833,296994,410173
162181,hold,292360,307200,400441
162241,hold,291719,296867,411414
162301,hold,308765,294889,396346
162361,hold,284718,286212,429070
162421,hold,290960,300746,408294
162481,hold,314625,299331,386044
162541,hold,287530,300087,412382
162601,hold,296276,285912,417812
162661,hold,287489,295467,417044
162721,hold,304490,289815,405695
162781,hold,289446,292582,417971
162841,hold,293442,295799,410760
162901,hold,295935,300231,403833
162961,hold,292061,289981,417958
163021,hold,310832,298824,390344
163081,hold,319624,288978,391398
163141,hold,280350,283706,435944
163201,hold,310281,302142,387576
163261,hold,298062,300639,401299
163321,hold,299947,295753,404300
163381,hold,284143,294369,421487
163441,hold,285048,303898,411054
163501,hold,288408,298250,413342
163561,hold,293183,295773,411044
163621,hold,288603,302915,408482
163681,hold,296868,299358,403774
163741,hold,286925,298616,414459
163801,hold,292438,291475,416087
163861,hold,299764,303225,397011
163921,hold,294408,300110,405482
163981,hold,292581,299947,407472
164041,hold,300909,298756,400334
164101,hold,287985,290817,421198
164161,hold,293256,295838,410906
164221,hold,301287,291260,407454
164281,hold,308342,293339,398319
164341,hold,289243,297296,413461
164401,hold,282872,294800,422327
164461,hold,285766,288641,425592
164521,hold,302088,292749,405163
164581,hold,304803,301964,393234
164641,hold,299048,297368,403584
164701,hold,287815,297035,415151
164761,hold,281937,293983,424079
164821,hold,301492,288302,410206
164881,hold,297484,302322,400195
164941,hold,297591,298461,403948
165001,hold,296175,290422,413403
165061,hold,291049,303527,405424
165121,hold,295722,295603,408676
165181,hold,314055,299874,386072
165241,hold,303459,290478,406063
165301,hold,299824,305232,394944
165361,hold,291868,285184,422948
165421,hold,290824,302129,407047
165481,hold,291961,292138,415902
165541,hold,299076,298072,402852
165601,hold,297726,284164,418110
165661,hold,292649,294519,412832
165721,hold,301550,297207,401243
165781,hold,294166,296717,409116
165841,hold,289996,282720,427284
165901,hold,297178,294074,408748
165961,hold,302045,294148,403807
166021,hold,311776,301508,386716
166081,hold,301547,291241,407212
166141,hold,285936,300865,413199
166201,hold,278661,276622,444717
166261,hold,283940,295530,420530
166321,hold,317290,295362,387348
166381,hold,301638,286278,412084
166441,hold,288374,298507,413120
166501,hold,295954,300745,403301
166561,hold,289213,279865,430922
166621,hold,299380,293333,407288
166681,hold,297086,293398,409517
166741,hold,292813,282622,424565
166801,hold,298825,297384,403791
166861,hold,301249,293149,405602
166921,hold,291654,293987,414358
166981,hold,296941,297332,405727
167041,hold,297104,292048,410848
167101,hold,297570,295917,406513
167161,hold,290347,282495,427158
167221,hold,296505,297320,406174
167281,hold,290015,289231,420754
167341,hold,303316,283739,412945
167401,hold,292232,281690,426078
167461,hold,299911,297012,403077
167521,hold,300546,295311,404143
167581,hold,295302,301198,403500
167641,hold,289526,289949,420525
167701,hold,307513,296614,395873
167761,hold,296162,294376,409462
167821,hold,298294,299170,402537
167881,hold,278543,283120,438337
167941,hold,290915,305425,403660
168001,hold,298586,302424,398990
168061,hold,302769,295280,401951
168121,hold,266516,269010,464474
168181,hold,294244,287378,418378
168241,hold,289900,292212,417888
168301,hold,284122,305567,410311
168361,hold,292464,299083,408452
168421,hold,291408,291435,417157
168481,hold,288062,286161,425777
168541,hold,296919,291156,411924
168601,hold,280845,283064,436091
168661,hold,291631,298107,410262
168721,hold,314066,306951,378983
168781,hold,295031,295487,409482
168841,hold,307281,299062,393657
168901,hold,301175,300939,397886
168961,hold,312666,304053,383280
169021,hold,296024,302024,401952
169081,hold,282910,285593,431497
169141,hold,284800,288155,427045
169201,hold,282807,284205,432989
169261,hold,287230,294192,418578
169321,hold,294835,295073,410092
169381,hold,291294,305759,402947
169441,hold,300395,297654,401951
169501,hold,305720,292530,401750
169561,hold,283757,283441,432802
169621,hold,287781,297922,414297
169681,hold,292488,297340,410171
169741,hold,304897,303471,391631
169801,hold,295208,296451,408341
169861,hold,307913,300231,391856
169921,hold,281643,279696,438661
169981,hold,293327,288006,418667
170041,hold,302604,288570,408826
170101,hold,299936,301842,398222
170161,hold,294934,298618,406448
170221,hold,282382,284563,433055
170281,hold,304564,293554,401881
170341,hold,298944,290315,410741
170401,hold,303068,297752,399181
170461,hold,292122,318203,389676
170521,hold,277528,272536,449935
170581,hold,309832,295312,394856
170641,hold,286309,295865,417826
170701,hold,289365,294026,416608
170761,hold,287921,291737,420342
170821,hold,290487,301337,408176
170881,hold,309856,290572,399572
170941,hold,291413,297763,410825
171001,hold,292311,299238,408451
171061,hold,298221,291125,410654
171121,hold,303803,301071,395127
171181,hold,293360,293833,412807
171241,hold,288076,290425,421498
171301,hold,293480,297828,408691
171361,hold,267981,272455,459565
171421,hold,305339,301711,392950
171481,hold,289835,284062,426103
171541,hold,291054,291716,417230
171601,hold,298076,300862,401062
171661,hold,290200,292079,417721
171721,hold,297416,290656,411928
171781,hold,301561,286240,412199
171841,hold,314095,289176,396729
171901,hold,298159,302943,398898
171961,hold,289450,296095,414454
172021,hold,299173,300801,400027
172081,hold,271413,283207,445380
172141,hold,287989,289879,422132
172201,hold,292518,284071,423410
172261,hold,290107,298616,411277
172321,hold,302488,300681,396831
172381,hold,300361,298306,401334
172441,hold,289295,297059,413646
172501,hold,301161,301882,396957
172561,hold,299358,306217,394425
172621,hold,304076,300451,395473
172681,hold,301348,292603,406049
172741,hold,291623,287395,420981
172801,hold,294657,296096,409247
172861,hold,301327,293499,405174
172921,hold,299035,295315,405650
172981,hold,294964,305086,399950
173041,hold,316173,293260,390567
173101,hold,297017,295059,407924
173161,hold,296028,292670,411303
173221,hold,296016,288982,415002
173281,hold,305191,305884,388925
173341,hold,289041,297032,413927
173401,hold,287534,288762,423703
173461,hold,309680,300487,389833
173521,hold,307130,291073,401797
173581,hold,299321,291846,408833
173641,hold,289507,292818,417675
173701,hold,298074,299752,402173
173761,hold,297697,296764,405539
173821,hold,298749,297938,403313
173881,hold,283983,285557,430460
173941,hold,296563,302485,400952
174001,hold,312472,295888,391640
174061,hold,296946,299079,403975
174121,hold,295778,302511,401711
174181,hold,289390,283995,426614
174241,hold,293491,290193,416316
174301,hold,302291,294857,402852
174361,hold,289113,290398,420489
174421,hold,295623,299882,404494
174481,hold,319237,294040,386723
174541,hold,278880,272623,448497
174601,hold,288823,290911,420267
174661,hold,289716,292911,417373
174721,hold,310805,298072,391123
174781,hold,284851,300130,415019
174841,hold,302842,296464,400694
174901,hold,303564,299431,397005
174961,hold,285854,291426,422720
175021,hold,285187,297443,417370
175081,hold,282500,286785,430715
175141,hold,299062,294276,406662
175201,hold,304461,293531,402008
175261,hold,293963,297708,408330
175321,hold,299271,297491,403238
175381,hold,287625,289012,423363
175441,hold,306244,293140,400616
175501,hold,281941,283914,434145
175561,hold,287404,295930,416666
175621,hold,292337,292996,414668
175681,hold,289961,288488,421551
175741,hold,298973,286550,414477
175801,hold,283625,287574,428801
175861,hold,278991,280549,440461
175921,hold,294849,285572,419579
175981,hold,295169,294894,409937
176041,hold,284523,291111,424366
176101,hold,288107,291651,420242
176161,hold,289569,299055,411376
176221,hold,283951,296992,419057
176281,hold,290181,290691,419127
176341,hold,300512,282872,416615
176401,hold,308750,295455,395795
176461,hold,298221,294947,406833
176521,hold,286177,290815,423008
176581,hold,298493,301413,400095
176641,hold,285173,282799,432028
176701,hold,295317,294671,410012
176761,hold,289835,292988,417177
176821,hold,302107,295060,402833
176881,hold,297761,297995,404244
176941,hold,290917,295852,413231
177001,hold,291730,286409,421861
177061,hold,297455,287317,415227
177121,hold,278253,275164,446582
177181,hold,294526,295317,410157
177241,hold,288660,296493,414847
177301,hold,287099,292709,420191
177361,hold,288221,294431,417347
177421,hold,308010,298377,393613
177481,hold,291695,285006,423299
177541,hold,304292,284802,410906
177601,hold,322374,291206,386419
177661,hold,283715,302814,413471
177721,hold,284490,293956,421553
177781,hold,282632,288553,428816
177841,hold,276739,276154,447107
177901,hold,289937,295608,414454
177961,hold,285931,297430,416639
178021,hold,301003,302317,396680
178081,hold,295747,294356,409897
178141,hold,293826,296110,410063
178201,hold,302221,290230,407548
178261,hold,294039,293253,412709
178321,hold,297750,304631,397619
178381,hold,296716,295912,407373
178441,hold,288686,293116,418198
178501,hold,292514,291694,415792
178561,hold,288881,281068,430051
178621,hold,287659,283038,429303
178681,hold,287217,294302,418481
178741,hold,286028,295184,418788
178801,hold,311079,292236,396685
178861,hold,297889,293567,408544
178921,hold,285654,297682,416664
178981,hold,292079,295828,412093
179041,hold,301772,291838,406390
179101,hold,295992,294774,409234
179161,hold,294412,286735,418853
179221,hold,293860,289452,416688
179281,hold,301660,305450,392890
179341,hold,281185,296280,422535
179401,hold,298699,300182,401118
179461,hold,296807,303022,400172
179521,hold,306341,301958,391701
179581,hold,294845,295997,409158
179641,hold,294242,287592,418166
179701,hold,285969,285334,428697
179761,hold,301318,291540,407141
179821,hold,303718,301750,394532
179881,hold,294993,294566,410441
179941,hold,290537,298122,411341
180001,hold,285576,273310,441114
180061,hold,294652,292096,413252
180121,hold,302481,292786,404733
180181,hold,293553,300344,406103
180241,hold,297841,300361,401799
180301,hold,313035,302044,384921
180361,hold,280926,284104,434970
180421,hold,311282,298550,390168
180481,hold,296957,292239,410804
180541,hold,294552,299570,405878
180601,hold,289270,293949,416782
180661,hold,299576,288707,411717
180721,hold,294750,293276,411974
180781,hold,277042,282682,440276
180841,hold,295740,293594,410665
180901,hold,292807,306584,400609
180961,hold,302005,295629,402366
181021,hold,297825,283426,418748
181081,hold,301157,297511,401332
181141,hold,299572,298286,402142
181201,hold,297893,291442,410665
181261,hold,290799,296492,412709
181321,hold,292522,292255,415223
181381,hold,297808,296518,405674
181441,hold,299274,282759,417967
181501,hold,303228,296788,399984
181561,hold,288695,292492,418814
181621,hold,285675,296209,418116
181681,hold,308865,295639,395496
181741,hold,298549,287151,414300
181801,hold,305231,282555,412214
181861,hold,296149,294830,409021
181921,hold,292012,296931,411056
181981,hold,290554,297624,411822
182041,hold,291901,292354,415745
182101,hold,294678,300967,404355
182161,hold,298895,301324,399781
182221,hold,289970,296608,413422
182281,hold,297072,299406,403521
182341,hold,290855,303001,406144
182401,hold,304889,301588,393524
182461,hold,317580,295283,387136
182521,hold,292773,293800,413426
182581,hold,288379,303067,408554
182641,hold,283270,298972,417759
182701,hold,294626,304760,400614
182761,hold,277510,286642,435848
182821,hold,298002,290937,411060
182881,hold,295671,289204,415125
182941,hold,306473,299144,394383
183001,hold,293675,285903,420422
183061,hold,289159,291239,419602
183121,hold,303901,299775,396324
183181,hold,309750,285662,404587
183241,hold,298487,279620,421893
183301,hold,299868,306752,393380
183361,hold,288587,294882,416531
183421,hold,288655,300763,410581
183481,hold,276502,287234,436264
183541,hold,291545,294346,414109
183601,hold,294898,290745,414357
183661,hold,304042,297451,398507
183721,hold,298293,295062,406645
183781,hold,294407,302625,402968
183841,hold,296597,299822,403580
183901,hold,287067,291250,421682
183961,hold,304290,298102,397608
184021,hold,285001,296446,418553
184081,hold,305263,299637,395100
184141,hold,287982,300092,411926
184201,hold,292999,291792,415209
184261,hold,285313,292004,422683
184321,hold,295037,292381,412582
184381,hold,285309,291314,423378
184441,hold,296174,305820,398005
184501,hold,290516,300208,409275
184561,hold,289530,289730,420740
184621,hold,299505,292467,408028
184681,hold,295378,293156,411466
184741,hold,299208,297347,403445
184801,hold,303878,302875,393247
184861,hold,296647,299073,404280
184921,hold,289115,298154,412731
184981,hold,287394,296165,416441
185041,hold,288055,289099,422846
185101,hold,296924,287008,416068
185161,hold,282162,297543,420296
185221,hold,298759,294843,406398
185281,hold,306246,303705,390049
185341,hold,291893,299018,409089
185401,hold,300604,292728,406668
185461,hold,290674,288566,420760
185521,hold,298668,296702,404631
185581,hold,293155,302486,404360
185641,hold,297675,294504,407822
185701,hold,305683,292539,401779
185761,hold,291468,287928,420604
185821,hold,306330,289353,404317
185881,hold,293973,295178,410849
185941,hold,299365,295962,404673
186001,hold,297121,300845,402034
186061,hold,315380,297789,386832
186121,hold,300464,300454,399081
186181,hold,290768,301165,408067
186241,hold,310161,298059,391780
186301,hold,291748,303196,405056
186361,hold,295628,293377,410995
186421,hold,283775,290646,425580
186481,hold,294384,296031,409585
186541,hold,307873,302225,389902
186601,hold,303466,300824,395709
186661,hold,289492,292743,417765
186721,hold,297272,293452,409276
186781,hold,305009,299241,395749
186841,hold,288729,292730,418541
186901,hold,294469,296914,408617
186961,hold,288905,296082,415013
187021,hold,293531,302499,403970
187081,hold,288931,295493,415577
187141,hold,291222,289577,419202
187201,hold,286994,280710,432296
187261,hold,288243,287678,424079
187321,hold,286647,287228,426125
187381,hold,294780,300707,404513
187441,hold,287425,290635,421940
187501,hold,301386,297484,401129
187561,hold,278839,287157,434004
187621,hold,295335,294174,410491
187681,hold,292538,296317,411145
187741,hold,296118,302402,401480
187801,hold,284952,292334,422714
187861,hold,299067,296560,404372
187921,hold,311873,294037,394090
187981,hold,295083,297951,406966
188041,hold,291444,292268,416288
188101,hold,293981,298893,407127
188161,hold,305494,303391,391115
188221,hold,291264,297261,411475
188281,hold,298435,294882,406682
188341,hold,286713,293233,420054
188401,hold,291599,293812,414589
188461,hold,289436,294616,415948
188521,hold,280581,292321,427098
188581,hold,300342,294011,405647
188641,hold,295811,295171,409018
188701,hold,295606,304874,399520
188761,hold,297966,288841,413192
188821,hold,289487,287533,422980
188881,hold,301924,298030,400045
188941,hold,297258,281637,421105
189001,hold,297225,291433,411342
189061,hold,296542,295829,407630
189121,hold,302993,288879,408128
189181,hold,292647,299948,407405
189241,hold,301903,280806,417291
189301,hold,295945,297943,406112
189361,hold,295218,294677,410105
189421,hold,293582,293780,412638
189481,hold,287392,298241,414367
189541,hold,293416,302624,403960
189601,hold,303547,289829,406624
189661,hold,287199,285069,427732
189721,hold,285767,292206,422026
189781,hold,299921,295476,404603
189841,hold,306150,303236,390613
189901,hold,286110,298133,415758
189961,hold,279767,292727,427505
190021,hold,296863,299572,403566
190081,hold,276700,276836,446464
190141,hold,296945,295194,407861
190201,hold,301990,297980,400030
190261,hold,290395,295665,413940
190321,hold,299579,300467,399954
190381,hold,284209,284707,431085
190441,hold,296576,294548,408877
190501,hold,302293,296655,401052
190561,hold,298200,294695,407105
190621,hold,305370,302241,392389
190681,hold,304627,291653,403719
190741,hold,284773,302531,412696
190801,hold,290285,294643,415072
190861,hold,316140,299870,383990
190921,hold,297328,297925,404747
190981,hold,297820,296244,405936
191041,hold,292881,294488,412630
191101,hold,293241,300295,406463
191161,hold,291655,293188,415157
191221,hold,282076,291280,426644
191281,hold,299329,296980,403691
191341,hold,286889,295727,417384
191401,hold,305947,298504,395549
191461,hold,295950,290350,413700
191521,hold,291874,289859,418268
191581,hold,298339,286380,415281
191641,hold,295450,289763,414787
191701,hold,298466,298966,402568
191761,hold,287505,284837,427658
191821,hold,286328,286195,427477
191881,hold,293541,282561,423899
191941,hold,296408,292216,411376
192001,hold,297968,297207,404825
192061,hold,301019,302128,396853
192121,hold,300989,294264,404746
192181,hold,297168,299905,402928
192241,hold,294223,298802,406975
192301,hold,290258,297741,412001
192361,hold,285129,293630,421241
192421,hold,286067,303097,410836
192481,hold,295999,295757,408243
192541,hold,293989,303238,402773
192601,hold,289742,293808,416450
192661,hold,284825,294210,420966
192721,hold,305754,289260,404985
192781,hold,292265,299070,408665
192841,hold,287209,297721,415069
192901,hold,298951,294416,406632
192961,hold,290581,274564,434856
193021,hold,293357,295269,411375
193081,hold,287793,279283,432925
193141,hold,286497,294154,419350
193201,hold,290789,284550,424661
193261,hold,293962,298122,407916
193321,hold,287484,289813,422703
193381,hold,301783,297684,400533
193441,hold,302757,297090,400153
193501,hold,291663,303702,404635
193561,hold,282533,295801,421666
193621,hold,299611,294572,405817
193681,hold,291771,300463,407766
193741,hold,282508,294373,423119
193801,hold,292341,292469,415191
193861,hold,296745,302665,400589
193921,hold,293439,297229,409333
193981,hold,284734,299701,415565
194041,hold,299194,298455,402351
194101,hold,307389,294784,397828
194161,hold,301334,298787,399880
194221,hold,286505,299825,413670
194281,hold,285642,296920,417438
194341,hold,291886,300596,407518
194401,hold,280016,286014,433969
194461,hold,301397,292473,406130
194521,hold,307859,304785,387357
194581,hold,299475,299260,401265
194641,hold,304822,299217,395962
194701,hold,298939,291862,409199
194761,hold,306587,295876,397537
194821,hold,290993,293533,415474
194881,hold,295004,292012,412984
194941,hold,309309,302714,387977
195001,hold,286922,289335,423743
195061,hold,307763,293968,398269
195121,hold,279568,294470,425962
195181,hold,293593,283047,423360
195241,hold,278056,286049,435895
195301,hold,295198,299001,405802
195361,hold,306630,303939,389431
195421,hold,299855,302747,397398
195481,hold,277245,287495,435259
195541,hold,290808,288228,420963
195601,hold,293325,295726,410949
195661,hold,302461,302444,395095
195721,hold,296170,281677,422153
195781,hold,297932,302145,399923
195841,hold,278979,263386,457635
195901,hold,277111,283681,439209
195961,hold,308651,293157,398193
196021,hold,303891,304292,391817
196081,hold,290960,294682,414358
196141,hold,296536,294556,408908
196201,hold,288935,287753,423312
196261,hold,291273,302102,406625
196321,hold,302415,291777,405809
196381,hold,293631,301405,404964
196441,hold,296843,302746,400411
196501,hold,300403,301815,397781
196561,hold,291663,295208,413130
196621,hold,309175,294599,396226
196681,hold,304438,304585,390977
196741,hold,303151,307398,389450
196801,hold,298828,282773,418399
196861,hold,299678,303288,397034
196921,hold,270967,269645,459389
196981,hold,287586,303069,409345
197041,hold,297435,292595,409970
197101,hold,289995,286918,423088
197161,hold,299197,286101,414702
197221,hold,311410,290865,397725
197281,hold,275438,266638,457924
197341,hold,287780,289781,422439
197401,hold,295129,288298,416573
197461,hold,305504,302112,392384
197521,hold,301111,288271,410618
197581,hold,305041,298302,396656
197641,hold,285496,292714,421790
197701,hold,295806,297893,406301
197761,hold,314190,298149,387661
197821,hold,304616,302389,392995
197881,hold,286457,285767,427775
197941,hold,289665,298605,411729
198001,hold,293007,287922,419071
198061,hold,291240,292945,415815
198121,hold,296063,294884,409054
198181,hold,288958,303422,407620
198241,hold,293891,295865,410245
198301,hold,292529,299082,408389
198361,hold,293123,289481,417396
198421,hold,292968,285320,421713
198481,hold,292916,293786,413298
198541,hold,290402,294382,415217
198601,hold,287773,294296,417931
198661,hold,288779,283798,427423
198721,hold,312455,291030,396515
198781,hold,291781,294967,413253
198841,hold,295116,290412,414472
198901,hold,300540,297336,402124
198961,hold,303430,288801,407769
199021,hold,289847,283696,426457
199081,hold,292394,298386,409220
199141,hold,302271,290572,407157
199201,hold,300458,296716,402826
199261,hold,295067,308713,396220
199321,hold,294874,287439,417687
199381,hold,297004,297980,405016
199441,hold,285500,287586,426914
199501,hold,297885,295446,406670
199561,hold,305173,294691,400135
199621,hold,292890,301927,405184
199681,hold,315079,302820,382102
199741,hold,294062,298374,407564
199801,hold,298975,300347,400678
199861,hold,293834,296989,409176
199921,hold,307678,299375,392946
199981,hold,302031,304456,393513
200041,hold,304799,282028,413173
200101,hold,301103,300512,398385
200161,hold,291103,287836,421061
200221,hold,280282,284096,435622
200281,hold,287306,289706,422988
200341,hold,301937,290485,407578
200401,hold,306794,290595,402610
200461,hold,288834,298165,413001
200521,hold,302333,292474,405193
200581,hold,289375,276394,434231
200641,hold,299477,296695,403828
200701,hold,295039,296567,408395
200761,hold,284459,283213,432328
200821,hold,299189,287186,413625
200881,hold,282489,285853,431659
200941,hold,304282,300487,395232
201001,hold,278493,288311,433196
201061,hold,299241,307498,393261
201121,hold,295177,295049,409774
201181,hold,299277,304081,396642
201241,hold,292024,282663,425313
201301,hold,281098,290556,428347
201361,hold,292504,295951,411546
201421,hold,309370,300886,389744
201481,hold,293152,289040,417808
201541,hold,289063,298031,412905
201601,hold,291786,296077,412137
201661,hold,290915,289947,419138
201721,hold,292736,285633,421631
201781,hold,292736,293093,414171
201841,hold,296467,296876,406657
201901,hold,307008,299515,393477
201961,hold,289666,288544,421790
202021,hold,306018,307999,385983
202081,hold,297798,287749,414453
202141,hold,296579,303656,399765
202201,hold,305233,292111,402657
202261,hold,286969,285801,427230
202321,hold,286920,296262,416819
202381,hold,295496,300274,404230
202441,hold,277471,299766,422763
202501,hold,291813,308071,400116
202561,hold,289280,299574,411146
202621,hold,295951,301855,402194
202681,hold,279791,288935,431274
202741,hold,302575,306399,391026
202801,hold,305082,300066,394852
202861,hold,294049,303220,402731
202921,hold,289986,296708,413306
202981,hold,287269,292466,420264
203041,hold,273716,272703,453581
203101,hold,300238,296098,403664
203161,hold,289795,291039,419166
203221,hold,293597,303904,402499
203281,hold,282951,286469,430581
203341,hold,296503,289241,414256
203401,hold,296863,292354,410782
203461,hold,295835,291966,412199
203521,hold,299650,299270,401080
203581,hold,290667,304713,404620
203641,hold,297749,294712,407539
203701,hold,297223,306549,396228
203761,hold,294886,298313,406801
203821,hold,297630,292157,410213
203881,hold,290123,294284,415594
203941,hold,308539,308162,383299
204001,hold,294356,293577,412067
204061,hold,305734,297837,396429
204121,hold,285224,295538,419238
204181,hold,297458,296488,406053
204241,hold,289895,294627,415478
204301,hold,294057,311512,394431
204361,hold,301284,298478,400238
204421,hold,298509,296874,404616
204481,hold,284856,288125,427019
204541,hold,307707,295718,396574
204601,hold,298615,290956,410429
204661,hold,303764,296842,399394
204721,hold,299127,290606,410267
204781,hold,287753,289275,422971
204841,hold,292409,291047,416544
204901,hold,312390,292004,395606
204961,hold,308577,299079,392345
205021,hold,280765,293700,425535
205081,hold,296053,293094,410853
205141,hold,282679,293343,423978
205201,hold,293258,294879,411863
205261,hold,281439,295063,423498
205321,hold,302875,301896,395229
205381,hold,297430,305177,397393
205441,hold,303589,295644,400767
205501,hold,298074,303181,398745
205561,hold,274046,279651,446304
205621,hold,280313,289941,429746
205681,hold,294050,295986,409964
205741,hold,293177,294642,412181
205801,hold,296380,299663,403956
205861,hold,296420,294490,409089
205921,hold,283554,284131,432315
205981,hold,303047,291153,405800
206041,hold,289551,288921,421528
206101,hold,294053,294065,411882
206161,hold,303581,292346,404073
206221,hold,303471,294111,402418
206281,hold,291283,285822,422895
206341,hold,300785,302410,396805
206401,hold,295838,292638,411524
206461,hold,298491,307741,393767
206521,hold,307566,296894,395541
206581,hold,302771,294574,402655
206641,hold,291282,292377,416342
206701,hold,297268,289478,413255
206761,hold,265181,284033,450785
206821,hold,289996,301826,408178
206881,hold,302980,296952,400068
206941,hold,310930,298842,390228
207001,hold,304642,296884,398474
207061,hold,288377,294279,417345
207121,hold,292361,296705,410934
207181,hold,296949,299916,403135
207241,hold,288142,295221,416637
207301,hold,292008,293959,414032
207361,hold,271575,262884,465541
207421,hold,297333,284438,418229
207481,hold,291034,292587,416380
207541,hold,300802,301039,398159
207601,hold,295979,293395,410626
207661,hold,283978,273667,442355
207721,hold,292149,294808,413043
207781,hold,292551,291873,415576
207841,hold,310364,296693,392943
207901,hold,295204,302964,401832
207961,hold,282271,288411,429318
208021,hold,289347,291396,419258
208081,hold,287664,297376,414961
208141,hold,285154,301694,413152
208201,hold,286119,289895,423986
208261,hold,296268,300810,402921
208321,hold,295762,291658,412580
208381,hold,291727,298410,409863
208441,hold,285495,286399,428106
208501,hold,273779,272828,453393
208561,hold,297556,296133,406312
208621,hold,300413,304074,395513
208681,hold,285564,292641,421795
208741,hold,301267,297346,401386
208801,hold,292225,286982,420792
208861,hold,297833,294339,407828
208921,hold,281055,286273,432672
208981,hold,291836,301104,407060
209041,hold,305458,296831,397711
209101,hold,292563,295166,412271
209161,hold,292914,290120,416966
209221,hold,301929,294609,403462
209281,hold,298529,297322,404148
209341,hold,286871,299864,413266
209401,hold,299326,295895,404778
209461,hold,302759,288146,409095
209521,hold,296309,298620,405071
209581,hold,294396,303821,401783
209641,hold,280016,291382,428601
209701,hold,304987,304730,390283
209761,hold,302486,298154,399360
209821,hold,291249,297694,411057
209881,hold,278392,277385,444223
209941,hold,298040,296348,405612
210001,hold,302716,304415,392868
210061,hold,299414,301600,398986
210121,hold,282457,289662,427881
210181,hold,296326,288955,414718
210241,hold,276480,276879,446641
210301,hold,277912,284873,437215
210361,hold,285865,290118,424017
210421,hold,304810,303420,391770
210481,hold,301093,289904,409003
210541,hold,291304,286998,421698
210601,hold,301773,300166,398060
210661,hold,304947,295625,399428
210721,hold,316403,299053,384544
210781,hold,309361,308476,382163
210841,hold,291072,299567,409361
210901,hold,291486,288959,419555
210961,hold,288020,300179,411801
211021,hold,303015,301617,395369
211081,hold,295317,300162,404521
211141,hold,289768,295789,414443
211201,hold,300170,293593,406237
211261,hold,303016,306155,390830
211321,hold,304128,299732,396140
211381,hold,294823,298937,406240
211441,hold,293832,296221,409947
211501,hold,298435,305586,395979
211561,hold,291549,292796,415655
211621,hold,295997,298898,405105
211681,hold,285702,275151,439146
211741,hold,308253,300020,391727
211801,hold,287916,272492,439592
211861,hold,293204,293054,413742
211921,hold,296209,297156,406635
211981,hold,294393,285955,419652
212041,hold,281951,291534,426515
212101,hold,305007,289181,405812
212161,hold,297445,299758,402797
212221,hold,288460,303114,408426
212281,hold,298896,296540,404564
212341,hold,287216,289378,423406
212401,hold,302607,302279,395114
212461,hold,289640,295949,414411
212521,hold,297924,287227,414849
212581,hold,302346,298176,399479
212641,hold,301342,295577,403081
212701,hold,303915,294854,401231
212761,hold,272489,284926,442585
212821,hold,291605,295506,412889
212881,hold,295215,291830,412954
212941,hold,287845,308920,403235
213001,hold,287381,283895,428724
213061,hold,300654,292242,407104
213121,hold,291496,294654,413850
213181,hold,294870,295307,409824
213241,hold,286204,284330,429466
213301,hold,298194,299255,402551
213361,hold,315234,297929,386837
213421,hold,292940,291174,415886
213481,hold,284595,287473,427931
213541,hold,291015,296581,412404
213601,hold,300626,294936,404438
213661,hold,294717,302374,402909
213721,hold,305836,288033,406131
213781,hold,298190,297990,403820
213841,hold,305031,296218,398751
213901,hold,280921,288231,430848
213961,hold,295707,285363,418931
214021,hold,289780,296827,413393
214081,hold,310238,296424,393338
214141,hold,294793,303177,402030
214201,hold,293678,292595,413726
214261,hold,293085,293883,413032
214321,hold,304390,303950,391660
214381,hold,305895,300865,393240
214441,hold,288443,289919,421638
214501,hold,287395,281986,430619
214561,hold,290103,283069,426828
214621,hold,298086,293183,408731
214681,hold,299096,295883,405021
214741,hold,288535,298924,412541
214801,hold,302100,288422,409479
214861,hold,299650,297515,402835
214921,hold,305362,288941,405697
214981,hold,291350,293318,415332
215041,hold,301682,291827,406491
215101,hold,292627,303600,403773
215161,hold,283659,293649,422692
215221,hold,279089,292809,428102
215281,hold,284659,291939,423401
215341,hold,300575,293842,405583
215401,hold,292167,294032,413801
215461,hold,292810,298832,408358
215521,hold,289401,296070,414529
215581,hold,298198,302303,399499
215641,hold,297215,297938,404847
215701,hold,295211,286048,418741
215761,hold,305791,304972,389238
215821,hold,294291,297519,408190
215881,hold,297582,298335,404083
215941,hold,298647,281825,419528
216001,hold,292991,290228,416781
216061,hold,295770,300364,403866
216121,hold,304785,297252,397963
216181,hold,292002,299578,408420
216241,hold,307456,303524,389020
216301,hold,303909,289019,407072
216361,hold,290019,279751,430230
216421,hold,283889,298042,418069
216481,hold,311553,297337,391111
216541,hold,291535,297886,410579
216601,hold,293235,294743,412023
216661,hold,307393,296311,396296
216721,hold,291546,296892,411561
216781,hold,283195,293675,423130
216841,hold,293881,289953,416166
216901,hold,295162,300800,404038
216961,hold,290074,281901,428025
217021,hold,300139,304166,395695
217081,hold,299523,286825,413652
217141,hold,299634,297591,402774
217201,hold,298931,294980,406089
217261,hold,299369,299121,401510
217321,hold,306617,293977,399406
217381,hold,287565,295672,416763
217441,hold,298261,289986,411753
217501,hold,286373,287323,426304
217561,hold,286568,290091,423340
217621,hold,295805,296509,407686
217681,hold,305766,294539,399695
217741,hold,287387,294226,418388
217801,hold,303653,290499,405849
217861,hold,283442,292081,424477
217921,hold,298576,302042,399382
217981,hold,296476,298803,404721
218041,hold,311731,299310,388959
218101,hold,295383,292999,411618
218161,hold,285878,291374,422748
218221,hold,295923,294426,409652
218281,hold,294304,289059,416637
218341,hold,294655,301934,403410
218401,hold,295593,288720,415688
218461,hold,282657,292146,425198
218521,hold,302314,296331,401355
218581,hold,286748,291634,421618
218641,hold,290264,290750,418986
218701,hold,287952,300252,411797
218761,hold,306684,292762,400554
218821,hold,299098,298217,402686
218881,hold,296918,289369,413713
218941,hold,310650,286291,403058
219001,hold,309824,289140,401036
219061,hold,284629,299524,415846
219121,hold,307505,298703,393792
219181,hold,287308,290565,422127
219241,hold,297255,294993,407751
219301,hold,307733,297843,394424
219361,hold,293095,292386,414520
219421,hold,296098,303554,400348
219481,hold,299157,301213,399630
219541,hold,302604,290768,406628
219601,hold,293982,296225,409793
219661,hold,301770,296807,401423
219721,hold,288987,289891,421122
219781,hold,297563,302411,400026
219841,hold,304389,295558,400052
219901,hold,277381,291418,431201
219961,hold,287350,293914,418737
220021,hold,295473,290246,414281
220081,hold,304311,307017,388672
220141,hold,293753,299855,406392
220201,hold,290217,293995,415788
220261,hold,299348,292674,407978
220321,hold,283293,292342,424364
220381,hold,312508,309642,377849
220441,hold,291660,296441,411900
220501,hold,286881,294527,418593
220561,hold,299081,289560,411359
220621,hold,299767,296837,403396
220681,hold,279779,290162,430059
220741,hold,288641,292087,419272
220801,hold,308717,294817,396466
220861,hold,298580,297543,403876
220921,hold,294796,292885,412318
220981,hold,301066,298540,400394
221041,hold,304938,299948,395114
221101,hold,303611,299728,396661
221161,hold,301474,294530,403996
221221,hold,298227,306983,394790
221281,hold,283928,286731,429341
221341,hold,296299,297890,405811
221401,hold,293792,294694,411515
221461,hold,293618,297350,409032
221521,hold,292324,296294,411382
221581,hold,292307,298783,408909
221641,hold,290799,290547,418654
221701,hold,289790,296541,413669
221761,hold,287066,279790,433143
221821,hold,298989,301061,399950
221881,hold,294726,292826,412448
221941,hold,297325,302444,400231
222001,hold,304698,295320,399982
222061,hold,292782,290265,416953
222121,hold,320436,298073,381491
222181,hold,314642,292139,393219
222241,hold,306705,299532,393763
222301,hold,291938,296770,411293
222361,hold,307065,292732,400203
222421,hold,296222,298007,405770
222481,hold,276265,286224,437510
222541,hold,292659,291295,416046
222601,hold,295851,294993,409156
222661,hold,291161,298264,410574
222721,hold,291741,300108,408151
222781,hold,300279,302274,397447
222841,hold,296080,290018,413903
222901,hold,297806,290046,412148
222961,hold,302331,299977,397691
223021,hold,288970,300382,410647
223081,hold,291623,292592,415785
223141,hold,294728,299331,405941
223201,hold,312359,277860,409781
223261,hold,291184,287721,421094
223321,hold,297888,295422,406690
223381,hold,287635,295115,417250
223441,hold,300927,291575,407498
223501,hold,294752,292139,413109
223561,hold,297898,280289,421813
223621,hold,301615,298057,400328
223681,hold,298498,298654,402848
223741,hold,294996,301465,403539
223801,hold,286707,290868,422425
223861,hold,288442,298050,413508
223921,hold,299402,301673,398925
223981,hold,304953,294323,400724
224041,hold,294085,292603,413312
224101,hold,296236,302806,400958
224161,hold,290553,299444,410002
224221,hold,292762,290378,416860
224281,hold,308212,298003,393786
224341,hold,292275,284694,423031
224401,hold,296092,298915,404993
224461,hold,296933,303527,399539
224521,hold,285577,288626,425797
224581,hold,302671,307681,389648
224641,hold,294744,291265,413991
224701,hold,283041,290864,426095
224761,hold,294329,279564,426107
224821,hold,291674,303250,405076
224881,hold,292358,284721,422920
224941,hold,297932,289107,412961
225001,hold,280504,284790,434705
225061,hold,315829,308274,375897
225121,hold,314408,290816,394776
225181,hold,300042,307096,392863
225241,hold,304601,302407,392992
225301,hold,293216,291164,415620
225361,hold,303488,298079,398433
225421,hold,301971,289187,408842
225481,hold,287683,302697,409620
225541,hold,295618,300443,403940
225601,hold,292330,299170,408500
225661,hold,296884,294758,408359
225721,hold,296272,292913,410815
225781,hold,294044,290303,415653
225841,hold,300670,297151,402178
225901,hold,286963,298480,414557
225961,hold,285975,288170,425855
226021,hold,290794,289912,419294
226081,hold,310509,279273,410218
226141,hold,292888,298905,408207
226201,hold,286683,282036,431282
226261,hold,296502,300976,402523
226321,hold,295553,296078,408369
226381,hold,301713,291611,406676
226441,hold,301437,288612,409951
226501,hold,290367,296454,413179
226561,hold,302367,298931,398702
226621,hold,297159,305572,397269
226681,hold,309918,296499,393583
226741,hold,283126,293782,423092
226801,hold,308457,302614,388929
226861,hold,283851,297722,418427
226921,hold,293160,304887,401953
226981,hold,288484,300252,411263
227041,hold,307496,296757,395747
227101,hold,297217,300523,402261
227161,hold,302164,291202,406634
227221,hold,302840,302143,395017
227281,hold,291447,297010,411543
227341,hold,294324,301842,403834
227401,hold,299046,292243,408711
227461,hold,291262,295190,413547
227521,hold,287147,270322,442530
227581,hold,293416,281459,425125
227641,hold,289887,298574,411539
227701,hold,296527,301454,402020
227761,hold,303322,300068,396610
227821,hold,300214,294175,405611
227881,hold,294221,294620,411159
227941,hold,296889,296656,406455
228001,hold,294638,298589,406773
228061,hold,298815,309496,391690
228121,hold,290083,291176,418741
228181,hold,292716,299964,407320
228241,hold,299250,313949,386801
228301,hold,301618,300295,398086
228361,hold,291318,297258,411424
228421,hold,274244,296996,428760
228481,hold,308192,297978,393830
228541,hold,304711,295120,400169
228601,hold,278298,277213,444488
228661,hold,311275,308101,380624
228721,hold,302203,300565,397232
228781,hold,294629,301945,403426
228841,hold,290678,291572,417751
228901,hold,294507,300739,404754
228961,hold,277120,255172,467708
229021,hold,294779,287279,417942
229081,hold,295662,290690,413648
229141,hold,300412,302718,396870
229201,hold,286808,292594,420598
229261,hold,293779,281875,424346
229321,hold,297593,291654,410753
229381,hold,294028,295052,410920
229441,hold,294327,290303,415370
229501,hold,284332,300887,414781
229561,hold,287557,291518,420925
229621,hold,312180,298621,389199
229681,hold,308630,303351,388019
229741,hold,287835,281961,430205
229801,hold,297810,300778,401412
229861,hold,282225,300384,417391
229921,hold,301951,300690,397358
229981,hold,292122,293826,414052
230041,hold,296914,291861,411225
230101,hold,298382,294502,407117
230161,hold,297555,297583,404862
230221,hold,302951,298905,398144
230281,hold,291117,297532,411351
230341,hold,288119,291439,420442
230401,hold,284498,277321,438181
230461,hold,293903,292670,413428
230521,hold,283739,288280,427981
230581,hold,303682,306870,389447
230641,hold,306972,286392,406635
230701,hold,296922,297235,405843
230761,hold,278115,286855,435030
230821,hold,278989,291866,429145
230881,hold,297988,294015,407997
230941,hold,291795,296719,411486
231001,hold,290372,300004,409623
231061,hold,273235,275135,451630
231121,hold,285074,296294,418632
231181,hold,285578,298573,415848
231241,hold,273874,294243,431883
231301,hold,286289,299642,414069
231361,hold,305409,295013,399578
231421,hold,289112,285163,425725
231481,hold,294851,303583,401565
231541,hold,299662,300611,399727
231601,hold,287348,296015,416637
231661,hold,294671,297952,407378
231721,hold,296305,297133,406561
231781,hold,278507,289090,432403
231841,hold,282204,285664,432133
231901,hold,282862,282863,434275
231961,hold,314952,295920,389128
232021,hold,302898,300849,396253
232081,hold,308866,292419,398715
232141,hold,301802,293528,404670
232201,hold,300250,291825,407925
232261,hold,308857,302434,388709
232321,hold,311399,294643,393958
232381,hold,291336,292749,415916
232441,hold,303400,290269,406330
232501,hold,287107,290441,422452
232561,hold,296866,292903,410231
232621,hold,286883,294353,418764
232681,hold,297604,298797,403600
232741,hold,295294,290672,414034
232801,hold,298612,300724,400664
232861,hold,300044,294101,405856
232921,hold,286891,296094,417015
232981,hold,283481,284836,431683
233041,hold,308781,292039,399180
233101,hold,297787,303663,398551
233161,hold,289918,293963,416120
233221,hold,294331,302573,403096
233281,hold,271086,265499,463415
233341,hold,282622,287952,429427
233401,hold,284993,290375,424631
233461,hold,296666,287296,416038
233521,hold,312039,286217,401745
233581,hold,297840,281600,420560
233641,hold,305445,294696,399859
233701,hold,294333,288333,417333
233761,hold,304361,295360,400279
233821,hold,287353,305265,407382
233881,hold,289730,291418,418852
233941,hold,301741,291543,406716
234001,hold,286779,291024,422197
234061,hold,296443,288812,414745
234121,hold,293441,300409,406150
234181,hold,296464,304085,399451
234241,hold,296927,295453,407620
234301,hold,297249,292247,410504
234361,hold,288113,290424,421462
234421,hold,292259,290405,417336
234481,hold,289385,295616,414999
234541,hold,284218,292432,423350
234601,hold,300110,297907,401983
234661,hold,306284,297976,395740
234721,hold,283973,280976,435051
234781,hold,284606,282608,432786
234841,hold,291303,291844,416852
234901,hold,292235,292773,414991
234961,hold,294719,293267,412013
235021,hold,292321,287981,419698
235081,hold,291210,289118,419672
235141,hold,289507,297359,413133
235201,hold,295407,300743,403850
235261,hold,288289,294961,416750
235321,hold,295264,297080,407655
235381,hold,312415,299987,387598
235441,hold,273692,275502,450806
235501,hold,296827,300565,402608
235561,hold,294023,297243,408735
235621,hold,296326,304837,398837
235681,hold,293445,303255,403301
235741,hold,291222,301745,407033
235801,hold,290678,288511,420811
235861,hold,292320,280484,427196
235921,hold,299101,295347,405552
235981,hold,296734,299118,404148
236041,hold,301660,303127,395213
236101,hold,302077,297252,400671
236161,hold,281113,282711,436176
236221,hold,286090,288888,425023
236281,hold,293287,294363,412350
236341,hold,291073,303496,405431
236401,hold,303428,292481,404091
236461,hold,285571,296689,417739
236521,hold,297417,287888,414695
236581,hold,282750,284736,432515
236641,hold,330015,308317,361668
236701,hold,290541,298803,410656
236761,hold,304049,294589,401362
236821,hold,292858,295586,411556
236881,hold,285785,296520,417695
236941,hold,289163,297309,413528
237001,hold,300658,306833,392509
237061,hold,300920,302304,396776
237121,hold,293148,297113,409738
237181,hold,286874,293509,419617
237241,hold,297506,299904,402589
237301,hold,297083,297175,405742
237361,hold,290944,292480,416576
237421,hold,286742,295797,417461
237481,hold,301836,291720,406444
237541,hold,292112,298904,408984
237601,hold,299659,292248,408093
237661,hold,293258,298528,408213
237721,hold,297902,286382,415716
237781,hold,299256,307096,393648
237841,hold,302316,296725,400959
237901,hold,299752,293646,406602
237961,hold,294879,288761,416360
238021,hold,303237,286117,410646
238081,hold,302024,300773,397203
238141,hold,291007,296770,412222
238201,hold,293298,296672,410030
238261,hold,284280,289009,426712
238321,hold,298367,292348,409285
238381,hold,297696,291461,410843
238441,hold,282393,297078,420529
238501,hold,293206,304316,402478
238561,hold,302861,300887,396252
238621,hold,289797,295536,414667
238681,hold,292443,282077,425480
238741,hold,294051,290244,415704
238801,hold,290273,294289,415439
238861,hold,295712,301954,402334
238921,hold,292737,298268,408996
238981,hold,298528,294170,407302
239041,hold,279762,287973,432266
239101,hold,286629,287210,426162
239161,hold,284549,296379,419071
239221,hold,293340,299082,407579
239281,hold,302488,289480,408032
239341,hold,298441,303392,398167
239401,hold,285332,285419,429249
239461,hold,319288,294169,386543
239521,hold,298704,294288,407009
239581,hold,293048,308057,398894
239641,hold,275284,282689,442027
239701,hold,293128,294893,411979
239761,hold,287138,290737,422125
239821,hold,294203,296222,409576
239881,hold,290340,290906,418754
239941,hold,297838,298134,404028
240001,hold,312804,296689,390507
240061,hold,281146,278271,440583
240121,hold,309125,286722,404153
240181,hold,303807,296855,399338
240241,hold,295550,301145,403305
240301,hold,280888,281809,437304
240361,hold,297567,287534,414899
240421,hold,308355,301549,390096
240481,hold,275941,275024,449035
240541,hold,299673,294107,406221
240601,hold,295804,285152,419045
240661,hold,294657,301550,403793
240721,hold,305099,299282,395619
240781,hold,299533,289714,410753
240841,hold,293283,286659,420058
240901,hold,286438,291267,422295
240961,hold,299025,291988,408988
241021,hold,301074,295126,403800
241081,hold,294349,291381,414269
241141,hold,294818,298408,406774
241201,hold,278050,288767,433183
241261,hold,291046,285938,423016
241321,hold,314957,290656,394387
241381,hold,297511,301266,401223
241441,hold,296273,298333,405395
241501,hold,295885,283799,420316
241561,hold,292630,292598,414772
241621,hold,294367,296805,408827
241681,hold,298450,313107,388442
241741,hold,299818,296520,403662
241801,hold,285388,294374,420239
241861,hold,294634,300401,404965
241921,hold,278318,282175,439507
241981,hold,288102,287789,424108
242041,hold,289697,277816,432487
242101,hold,289061,297154,413785
242161,hold,293189,298263,408548
242221,hold,282148,295748,422104
242281,hold,291535,297816,410648
242341,hold,293323,292075,414602
242401,hold,306494,306910,386596
242461,hold,300052,301048,398900
242521,hold,289425,292251,418324
242581,hold,307638,293645,398717
242641,hold,301726,302040,396234
242701,hold,287902,291510,420588
242761,hold,301676,295029,403294
242821,hold,290164,304069,405767
242881,hold,293634,301293,405073
242941,hold,288249,298403,413347
243001,hold,298232,298682,403086
243061,hold,289937,286706,423356
243121,hold,289263,292814,417923
243181,hold,293217,309722,397061
243241,hold,287865,297884,414250
243301,hold,287323,282094,430583
243361,hold,306377,299643,393981
243421,hold,279907,281298,438795
243481,hold,305579,296229,398192
243541,hold,287634,298234,414132
243601,hold,296771,291693,411537
243661,hold,303576,294076,402348
243721,hold,301613,285600,412788
243781,hold,301496,290529,407975
243841,hold,313201,288023,398775
243901,hold,291217,295986,412797
243961,hold,296497,293134,410369
244021,hold,299261,289687,411052
244081,hold,293397,294165,412437
244141,hold,298092,303631,398277
244201,hold,288820,291923,419257
244261,hold,305165,297722,397112
244321,hold,300647,296997,402356
244381,hold,291961,293137,414902
244441,hold,296195,294867,408938
244501,hold,291385,298521,410094
244561,hold,307392,293017,399591
244621,hold,294611,297449,407940
244681,hold,290898,294792,414309
244741,hold,280867,296073,423060
244801,hold,299125,283734,417141
244861,hold,297935,287054,415011
244921,hold,299759,291233,409007
244981,hold,271068,266368,462564
245041,hold,292886,290084,417030
245101,hold,306268,294814,398918
245161,hold,295173,294845,409982
245221,hold,290394,283439,426168
245281,hold,303665,292734,403601
245341,hold,288240,305615,406146
245401,hold,289233,292996,417770
245461,hold,282397,279089,438514
245521,hold,298348,292404,409248
245581,hold,304346,305698,389956
245641,hold,297282,301959,400759
245701,hold,295497,300134,404368
245761,hold,304447,297689,397864
245821,hold,303266,297656,399078
245881,hold,291042,296760,412197
245941,hold,292120,301468,406412
246001,hold,298546,299689,401765
246061,hold,290481,296443,413076
246121,hold,295618,288925,415457
246181,hold,297820,289090,413090
246241,hold,281087,284440,434473
246301,hold,291062,312820,396118
246361,hold,299258,290176,410565
246421,hold,305959,306327,387714
246481,hold,301074,301568,397357
246541,hold,304298,302137,393565
246601,hold,301103,300575,398323
246661,hold,292207,284747,423046
246721,hold,307202,303717,389081
246781,hold,294729,311291,393980
246841,hold,302551,294571,402877
246901,hold,284505,295122,420373
246961,hold,292777,294976,412247
247021,hold,304413,290155,405433
247081,hold,305348,291095,403557
247141,hold,293904,300770,405326
247201,hold,291259,294431,414310
247261,hold,308943,296145,394912
247321,hold,303575,289824,406602
247381,hold,289439,296948,413613
247441,hold,327170,288852,383978
247501,hold,288088,305004,406908
247561,hold,293663,296787,409550
247621,hold,296963,296666,406371
247681,hold,297754,296376,405869
247741,hold,278404,281603,439993
247801,hold,281382,285869,432749
247861,hold,291927,304761,403313
247921,hold,307333,300895,391772
247981,hold,298887,297239,403873
248041,hold,293644,294788,411568
248101,hold,291519,287364,421116
248161,hold,299599,298330,402071
248221,hold,295101,303532,401367
248281,hold,293777,284967,421255
248341,hold,291724,292192,416084
248401,hold,290909,304118,404973
248461,hold,301022,295319,403658
248521,hold,292001,295092,412907
248581,hold,283064,299781,417156
248641,hold,298307,305703,395990
248701,hold,308478,293389,398133
248761,hold,301323,296610,402067
248821,hold,292156,296171,411673
248881,hold,307135,293043,399822
248941,hold,288142,297950,413908
249001,hold,298436,302196,399367
249061,hold,288688,297574,413739
249121,hold,285556,275139,439304
249181,hold,291788,290328,417884
249241,hold,291655,295445,412900
249301,hold,293377,298682,407941
249361,hold,305000,301440,393559
249421,hold,298977,292739,408285
249481,hold,300240,295975,403786
249541,hold,306375,307232,386393
249601,hold,301695,288850,409456
249661,hold,286020,303062,410917
249721,hold,301679,291952,406369
249781,hold,302734,299732,397534
249841,hold,303349,284481,412170
249901,hold,284994,292035,422971
249961,hold,285428,295710,418862
250021,hold,296273,306101,397626
250081,hold,295256,297058,407687
250141,hold,288053,294451,417496
250201,hold,284845,287863,427293
250261,hold,300844,290782,408374
250321,hold,302739,300307,396955
250381,hold,293947,298723,407331
250441,hold,307618,292524,399858
250501,hold,300855,297201,401944
250561,hold,262343,260195,477462
250621,hold,295263,291253,413484
250681,hold,290252,293145,416603
250741,hold,294240,300277,405483
250801,hold,296032,292544,411424
250861,hold,298199,288623,413178
250921,hold,301402,294896,403702
250981,hold,289739,298976,411285
251041,hold,295729,302890,401380
251101,hold,299746,307109,393145
251161,hold,296388,303005,400608
251221,hold,300015,298181,401804
251281,hold,295924,295051,409024
251341,hold,307268,306471,386261
251401,hold,278670,287143,434188
251461,hold,302797,303594,393609
251521,hold,306140,292606,401254
251581,hold,290583,298251,411166
251641,hold,283390,297073,419537
251701,hold,284154,296484,419362
251761,hold,295336,303032,401632
251821,hold,290380,302119,407501
251881,hold,301340,283691,414969
251941,hold,303481,296757,399762
252001,hold,281797,285978,432225
252061,hold,287619,297543,414838
252121,hold,293756,289311,416933
252181,hold,290079,293785,416136
252241,hold,320235,285780,393985
252301,hold,291254,287958,420788
252361,hold,302562,301337,396101
252421,hold,291835,292223,415942
252481,hold,303227,307434,389339
252541,hold,298215,299379,402406
252601,hold,302612,299303,398085
252661,hold,291399,295662,412939
252721,hold,287710,294685,417605
252781,hold,302719,291608,405673
252841,hold,294024,295380,410597
252901,hold,290842,306614,402544
252961,hold,300754,289241,410004
253021,hold,298381,298359,403260
253081,hold,286066,291938,421995
253141,hold,294219,293629,412152
253201,hold,289381,296737,413882
253261,hold,290838,300153,409010
253321,hold,287345,291966,420690
253381,hold,290097,295667,414235
253441,hold,289006,292479,418515
253501,hold,293260,287737,419004
253561,hold,305422,304765,389813
253621,hold,294753,306215,399032
253681,hold,310314,289926,399760
253741,hold,292150,293999,413851
253801,hold,266797,266890,466313
253861,hold,302224,300828,396948
253921,hold,299310,298922,401768
253981,hold,293542,305144,401314
254041,hold,298862,285402,415737
254101,hold,290383,296090,413527
254161,hold,282175,288133,429692
254221,hold,292130,288807,419062
254281,hold,297308,296998,405694
254341,hold,292998,302442,404559
254401,hold,299038,297049,403913
254461,hold,302732,290180,407089
254521,hold,295776,298082,406142
254581,hold,296475,293675,409850
254641,hold,299942,298883,401175
254701,hold,289041,297767,413191
254761,hold,299751,292412,407838
254821,hold,295817,298211,405972
254881,hold,292911,275231,431859
254941,hold,290211,292583,417205
255001,hold,288912,285799,425288
255061,hold,299101,300734,400165
255121,hold,289211,283346,427443
255181,hold,284635,284496,430869
255241,hold,271517,271373,457110
255301,hold,293903,290026,416071
255361,hold,305113,295226,399661
255421,hold,298295,299845,401860
255481,hold,300949,293558,405493
255541,hold,299170,302507,398323
255601,hold,304784,299142,396075
255661,hold,292818,294909,412273
255721,hold,291519,297247,411235
255781,hold,296363,304319,399317
255841,hold,302728,292151,405121
255901,hold,299178,290188,410635
255961,hold,285216,284194,430590
256021,hold,301460,286468,412072
256081,hold,295998,299147,404855
256141,hold,299616,292015,408368
256201,hold,302430,292417,405154
256261,hold,269190,270415,460395
256321,hold,272137,276784,451079
256381,hold,293299,289379,417322
256441,hold,298909,299288,401803
256501,hold,298253,300724,401024
256561,hold,286962,292673,420365
256621,hold,296005,291625,412371
256681,hold,288416,295394,416190
256741,hold,294156,295897,409946
256801,hold,297977,300504,401518
256861,hold,298968,302168,398864
256921,hold,309755,302473,387772
256981,hold,296697,288442,414861
257041,hold,299536,301809,398655
257101,hold,293122,300254,406624
257161,hold,235707,263128,501165
257221,hold,297271,298478,404252
257281,hold,294059,302837,403105
257341,hold,292520,295766,411714
257401,hold,288467,296459,415074
257461,hold,300812,291078,408110
257521,hold,287696,281138,431167
257581,hold,281108,289151,429741
257641,hold,297969,294169,407862
257701,hold,291997,291453,416550
257761,hold,287329,273560,439111
257821,hold,299794,295756,404450
257881,hold,248772,247716,503512
257941,hold,292458,294887,412655
258001,hold,293296,286304,420400
258061,hold,292128,293858,414014
258121,hold,287052,282329,430620
258181,hold,285169,291228,423604
258241,hold,295012,296579,408410
258301,hold,300923,307016,392062
258361,hold,298105,296261,405634
258421,hold,305824,302030,392146
258481,hold,286974,301145,411882
258541,hold,298505,295036,406458
258601,hold,284042,294716,421242
258661,hold,290183,295967,413851
258721,hold,293295,291601,415105
258781,hold,303649,300305,396046
258841,hold,288677,291824,419499
258901,hold,292987,291877,415136
258961,hold,298725,290834,410441
259021,hold,290519,301276,408205
259081,hold,298969,298785,402247
259141,hold,298013,292386,409600
259201,hold,271689,268786,459525
259261,hold,294059,288613,417327
259321,hold,291696,287464,420840
259381,hold,285992,294647,419361
259441,hold,292609,292956,414435
259501,hold,286309,290613,423078
259561,hold,252467,255928,491605
259621,hold,303962,287469,408569
259681,hold,298801,291119,410080
259741,hold,300197,298064,401740
259801,hold,287544,292663,419793
259861,hold,294955,294547,410497
259921,hold,294966,293776,411258
259981,hold,306361,305145,388495
260041,hold,286423,292894,420684
260101,hold,293171,305900,400929
260161,hold,293120,301043,405837
260221,hold,294366,288622,417011
260281,hold,295903,295512,408585
260341,hold,285783,284861,429356
260401,hold,289888,294447,415664
260461,hold,307428,300152,392419
260521,hold,288411,291981,419608
260581,hold,286406,295001,418593
