sequence,action,long_probability_ppm,short_probability_ppm,hold_probability_ppm
16,hold,302177,281734,416089
76,hold,328415,305138,366447
136,hold,335940,281398,382663
196,hold,163368,209552,627079
256,hold,210397,234369,555234
316,hold,260973,224780,514247
376,hold,219109,227340,553551
436,hold,209809,205597,584594
496,hold,221006,227459,551535
556,short,310863,341397,347739
616,hold,292476,268517,439007
676,hold,276937,256716,466346
736,hold,231832,232156,536012
796,hold,242904,245818,511277
856,hold,298496,333643,367861
916,short,293410,348056,358533
976,hold,217154,299968,482877
1036,hold,291244,278969,429787
1096,hold,276041,233868,490090
1156,hold,331879,319444,348677
1216,hold,261336,242154,496510
1276,hold,265258,252014,482728
1336,hold,309274,258080,432646
1396,hold,244278,265958,489763
1456,hold,274284,254493,471222
1516,long,401115,306773,292112
1576,hold,312854,297069,390077
1636,long,362211,289235,348554
1696,hold,254152,257887,487961
1756,hold,336393,303361,360246
1816,hold,255186,254327,490487
1876,hold,244992,240034,514974
1936,hold,280349,321162,398489
1996,hold,255736,241412,502852
2056,hold,283648,282467,433885
2116,hold,237147,322046,440807
2176,hold,255076,263950,480974
2236,short,315785,342055,342160
2296,long,409054,329667,261279
2356,long,486551,444494,68955
2416,long,540863,306951,152185
2476,long,428736,291892,279372
2536,long,442478,393148,164374
2596,hold,268755,272300,458945
2656,long,420902,346981,232117
2716,long,353014,291972,355014
2776,hold,257294,301756,440950
2836,hold,268230,271302,460468
2896,hold,197733,209208,593060
2956,hold,248155,276553,475292
3016,hold,330661,257788,411551
3076,hold,207145,226930,565925
3136,hold,223888,224443,551669
3196,hold,253219,268188,478593
3256,hold,223507,231579,544913
3316,hold,314848,252577,432576
3376,hold,285910,259889,454201
3436,hold,275515,245981,478504
3496,hold,258412,249465,492123
3556,hold,196001,203812,600187
3616,hold,218041,249257,532702
3676,short,281163,363176,355661
3736,hold,243551,258910,497539
3796,long,434356,416686,148957
3856,long,344416,295411,360173
3916,long,417124,317851,265024
3976,hold,315300,256080,428620
4036,long,363520,340521,295959
4096,long,355824,288832,355345
4156,hold,318754,266196,415050
4216,hold,218727,241876,539397
4276,hold,229691,238876,531432
4336,hold,231628,220337,548035
4396,hold,255681,268073,476246
4456,hold,254840,222739,522421
4516,hold,208492,206611,584897
4576,hold,244752,240537,514711
4636,hold,226158,197044,576798
4696,hold,165637,199026,635337
4756,hold,205746,196829,597425
4816,hold,173545,211502,614952
4876,short,295169,358583,346248
4936,hold,296960,233448,469593
4996,hold,200772,220870,578359
5056,hold,212362,224794,562843
5116,hold,202684,245606,551711
5176,hold,209200,243705,547095
5236,hold,241522,216904,541574
5296,long,362352,269265,368383
5356,hold,237691,221928,540381
5416,hold,205660,210812,583528
5476,hold,281889,243780,474331
5536,hold,253287,226784,519929
5596,hold,222059,253461,524481
5656,hold,240850,219830,539319
5716,hold,217888,219185,562927
5776,hold,243625,219978,536398
5836,hold,274082,229531,496387
5896,hold,188869,200416,610715
5956,hold,168171,189171,642658
6016,hold,172898,223292,603810
6076,hold,156982,202951,640066
6136,hold,190338,200806,608856
6196,hold,154367,190669,654965
6256,hold,282231,289931,427839
6316,hold,274040,218842,507118
6376,hold,263832,240316,495851
6436,hold,200738,198128,601133
6496,hold,255329,223184,521488
6556,hold,227227,214535,558238
6616,hold,249863,279915,470222
6676,short,295920,344952,359127
6736,hold,233757,276318,489925
6796,hold,167989,227019,604992
6856,hold,280889,312283,406828
6916,hold,224055,229299,546646
6976,hold,245391,223691,530918
7036,hold,324071,297699,378230
7096,hold,185633,213087,601281
7156,hold,204105,250487,545408
7216,hold,245654,266264,488082
7276,short,293679,344343,361978
7336,short,347739,592856,59406
7396,hold,304254,263029,432717
7456,hold,227578,222850,549573
7516,hold,246167,258526,495307
7576,hold,331902,301837,366261
7636,hold,283847,296385,419768
7696,hold,219355,227816,552829
7756,hold,285106,254301,460592
7816,hold,287004,270992,442004
7876,hold,261239,242756,496006
7936,hold,316937,271696,411367
7996,short,322183,404773,273044
8056,short,409446,461003,129551
8116,short,448584,452290,99126
8176,short,346910,391341,261750
8236,long,384709,355884,259408
8296,long,404294,302349,293356
8356,long,422023,285635,292342
8416,hold,269562,247589,482849
8476,hold,311067,306348,382585
8536,long,341014,272936,386050
8596,hold,247684,255024,497293
8656,hold,285562,292066,422372
8716,hold,339689,307649,352662
8776,hold,232411,231184,536405
8836,hold,225120,255906,518974
8896,hold,274242,231961,493796
8956,hold,196846,215214,587940
9016,hold,268635,232950,498416
9076,hold,211610,234779,553610
9136,hold,221132,243402,535466
9196,hold,175163,215089,609748
9256,short,222642,344137,433221
9316,hold,256010,239759,504230
9376,long,359694,323474,316832
9436,hold,276577,239256,484167
9496,hold,251694,283842,464464
9556,short,271478,727955,567
9616,long,561830,397536,40634
9676,short,423311,426227,150462
9736,long,411514,351231,237255
9796,long,466831,312300,220870
9856,long,523528,336733,139739
9916,long,377603,300410,321987
9976,long,411398,329164,259437
10036,hold,323318,304092,372590
10096,hold,260221,253128,486651
10156,hold,295750,296819,407431
10216,hold,251071,281336,467592
10276,long,399737,316719,283544
10336,long,406256,395951,197793
10396,long,465036,314307,220656
10456,hold,256796,249500,493705
10516,long,478244,347829,173927
10576,hold,334405,298045,367550
10636,hold,216691,223853,559456
10696,short,300007,341965,358028
10756,hold,267787,296660,435553
10816,long,449802,368229,181969
10876,long,552192,316669,131139
10936,long,433133,338424,228444
10996,short,417902,553168,28930
11056,long,473715,405940,120346
11116,short,350352,597115,52532
11176,long,519419,401315,79266
11236,long,442928,422693,134378
11296,long,450211,409550,140239
11356,long,398833,356714,244453
11416,hold,259122,300006,440873
11476,hold,310442,269007,420551
11536,hold,265316,252370,482314
11596,long,364536,252545,382920
11656,short,461598,532954,5448
11716,long,422596,291991,285413
11776,hold,296689,318413,384898
11836,hold,279571,269424,451006
11896,hold,329243,257852,412906
11956,hold,285804,277095,437101
12016,short,448374,462465,89161
12076,long,361333,280957,357711
12136,hold,291224,267764,441013
12196,hold,295343,280701,423957
12256,long,374147,328031,297822
12316,short,337584,374316,288099
12376,long,577482,370272,52246
12436,long,505395,334350,160255
12496,short,366417,439834,193749
12556,long,356702,316226,327072
12616,long,559648,346202,94151
12676,long,409711,302213,288076
12736,short,423694,551558,24748
12796,long,491896,383328,124776
12856,long,444454,372726,182820
12916,long,360372,321210,318418
12976,hold,327394,310656,361950
13036,long,392885,290835,316280
13096,hold,265140,287619,447241
13156,hold,294946,314736,390318
13216,hold,282437,337961,379602
13276,hold,210209,254737,535054
13336,hold,248160,262332,489508
13396,hold,312862,276284,410853
13456,long,346432,294731,358837
13516,hold,312501,265500,422000
13576,hold,261012,263003,475985
13636,hold,240305,275319,484376
13696,hold,279013,279996,440991
13756,hold,290715,308895,400390
13816,long,791195,205712,3092
13876,short,388393,608551,3056
13936,long,562689,339803,97508
13996,long,569794,333588,96618
14056,short,385007,473116,141878
14116,long,518256,353512,128232
14176,short,351665,392792,255543
14236,long,481954,283559,234487
14296,hold,255527,262540,481932
14356,hold,283314,255731,460955
14416,hold,207831,240775,551393
14476,hold,335919,257960,406121
14536,hold,237592,244619,517790
14596,hold,251853,237459,510689
14656,hold,196843,237731,565426
14716,hold,284002,240831,475166
14776,hold,216329,226235,557435
14836,hold,219540,220281,560179
14896,hold,263115,212938,523947
14956,hold,246520,222585,530896
15016,hold,209126,207703,583171
15076,hold,217730,232699,549571
15136,hold,202608,231309,566083
15196,hold,250430,265926,483644
15256,hold,273037,237027,489937
15316,hold,195831,226491,577679
15376,hold,279863,232113,488024
15436,short,275949,425639,298412
15496,hold,229952,222009,548039
15556,hold,225061,215502,559437
15616,hold,199270,212931,587798
15676,hold,185551,214344,600104
15736,hold,218713,263043,518244
15796,hold,271197,254253,474550
15856,hold,248624,232379,518997
15916,hold,238322,238820,522857
15976,hold,231477,217098,551425
16036,hold,190265,200345,609390
16096,hold,175770,197526,626704
16156,hold,175589,188501,635910
16216,hold,220301,205643,574056
16276,hold,222268,236110,541622
16336,hold,191226,193464,615310
16396,hold,271231,238228,490541
16456,hold,319732,249558,430710
16516,hold,221528,230237,548235
16576,hold,298617,252061,449322
16636,hold,329977,242717,427305
16696,hold,288235,256004,455761
16756,hold,271985,246776,481239
16816,hold,330414,293299,376288
16876,hold,263376,242791,493832
16936,hold,250915,233048,516036
16996,hold,193807,246904,559289
17056,hold,302169,252746,445084
17116,hold,199441,266937,533623
17176,short,329945,371550,298505
17236,long,387162,282499,330339
17296,hold,228702,240822,530476
17356,long,409081,405194,185725
17416,long,544090,302896,153014
17476,hold,327594,287003,385403
17536,hold,309928,287221,402851
17596,hold,296391,271436,432173
17656,hold,309367,292729,397904
17716,long,419096,347066,233838
17776,hold,322472,317571,359957
17836,long,454073,349461,196466
17896,short,404085,442017,153898
17956,long,460057,379811,160132
18016,short,436726,491919,71355
18076,long,543299,325299,131403
18136,long,588405,351556,60040
18196,long,656181,330530,13288
18256,long,560573,397458,41968
18316,long,531234,374851,93915
18376,long,445260,389353,165386
18436,long,435617,433937,130446
18496,long,461768,341886,196346
18556,short,375509,385603,238888
18616,long,437336,411035,151629
18676,long,367500,305571,326929
18736,hold,275493,265420,459087
18796,long,372302,324420,303278
18856,long,373827,289054,337119
18916,long,367109,334205,298686
18976,hold,281496,244204,474300
19036,hold,226559,233064,540377
19096,hold,271514,274156,454330
19156,hold,216243,221104,562653
19216,long,350447,317588,331965
19276,long,364191,331037,304772
19336,short,331471,401703,266826
19396,hold,288801,334326,376873
19456,hold,305349,306355,388297
19516,long,372336,293057,334607
19576,long,666752,279258,53990
19636,long,480648,354220,165131
19696,long,520859,429353,49789
19756,long,505663,336487,157850
19816,long,386908,336280,276811
19876,hold,331253,267256,401491
19936,long,470516,323395,206090
19996,long,403898,287796,308306
20056,hold,295261,271788,432951
20116,hold,192079,235144,572776
20176,hold,320395,255357,424247
20236,short,363953,388385,247662
20296,short,372420,377952,249629
20356,hold,320019,286223,393758
20416,short,298256,350823,350921
20476,short,329705,384104,286191
20536,hold,206599,235734,557667
20596,hold,257793,229478,512729
20656,hold,289406,325762,384831
20716,hold,306451,254491,439058
20776,hold,306601,303835,389564
20836,hold,265733,268103,466163
20896,hold,264809,271497,463694
20956,hold,251961,305591,442448
21016,short,442047,451918,106034
21076,short,399216,453679,147105
21136,long,392891,325315,281794
21196,long,386578,306635,306787
21256,long,407749,291183,301068
21316,hold,205069,229239,565692
21376,hold,329493,321736,348771
21436,long,458114,291227,250659
21496,hold,258234,239180,502586
21556,hold,285879,249941,464180
21616,short,377961,453620,168420
21676,long,446935,332482,220583
21736,hold,316912,308951,374137
21796,hold,309133,314194,376674
21856,hold,290612,284210,425178
21916,hold,186923,237618,575459
21976,hold,226511,219010,554479
22036,hold,234052,228417,537531
22096,hold,233438,229596,536966
22156,long,477072,300736,222192
22216,hold,241434,230191,528375
22276,short,394282,402744,202974
22336,long,358340,284883,356777
22396,short,347067,367168,285765
22456,long,510977,293641,195382
22516,long,585844,396064,18092
22576,short,341861,427951,230189
22636,long,508877,347964,143159
22696,short,321700,388175,290124
22756,long,358226,284470,357304
22816,hold,327933,292324,379743
22876,long,421239,366798,211963
22936,hold,306418,278761,414821
22996,hold,318119,268919,412962
23056,hold,286539,275212,438249
23116,hold,254955,267581,477464
23176,long,501025,324683,174292
23236,long,406749,374022,219229
23296,hold,261553,259774,478673
23356,hold,269080,266588,464332
23416,hold,293002,232852,474145
23476,hold,318426,255538,426036
23536,hold,305114,288100,406786
23596,hold,304057,316040,379903
23656,hold,318692,301629,379679
23716,hold,281793,258224,459983
23776,hold,246363,238247,515390
23836,hold,292001,282307,425692
23896,long,361368,322682,315950
23956,short,440969,456929,102102
24016,long,492616,403652,103732
24076,long,357499,344726,297776
24136,long,442800,300082,257118
24196,long,360571,342290,297139
24256,long,411170,353954,234876
24316,long,490756,292899,216345
24376,short,330042,351397,318560
24436,hold,319611,256070,424318
24496,hold,263083,244561,492356
24556,hold,291613,330151,378236
24616,hold,317812,243868,438320
24676,hold,248758,235433,515809
24736,long,443022,414628,142350
24796,short,331709,346103,322188
24856,long,408058,311768,280174
24916,short,335722,379221,285058
24976,long,508605,318840,172555
25036,hold,302858,281855,415286
25096,long,366978,366701,266322
25156,hold,311930,264435,423635
25216,hold,295307,252634,452059
25276,long,375126,351115,273759
25336,hold,279001,268015,452984
25396,long,394793,276364,328843
25456,short,343037,357612,299351
25516,long,604694,293625,101681
25576,long,352603,287716,359681
25636,long,346990,279300,373710
25696,short,266608,350968,382424
25756,hold,336691,272958,390351
25816,hold,337280,246735,415985
25876,hold,248585,235436,515979
25936,hold,278951,271695,449354
25996,hold,287473,312187,400340
26056,hold,247596,226835,525569
26116,long,407763,343230,249007
26176,long,378496,297842,323662
26236,short,385777,408793,205430
26296,hold,221863,234777,543360
26356,hold,250393,244430,505176
26416,short,301683,349575,348742
26476,short,367007,541995,90999
26536,long,456056,312641,231303
26596,long,391245,297017,311737
26656,long,473051,338255,188694
26716,hold,306544,295601,397855
26776,long,378985,353405,267610
26836,long,441271,331444,227285
26896,long,355098,288009,356893
26956,hold,261736,302370,435894
27016,hold,246930,224972,528099
27076,hold,293746,237494,468760
27136,short,354446,424136,221417
27196,short,377188,378569,244243
27256,long,666762,331960,1278
27316,long,696575,303162,263
27376,long,799030,197448,3522
27436,long,748297,248805,2898
27496,long,597205,349197,53598
27556,long,538668,348947,112385
27616,long,520250,326365,153386
27676,long,375292,359754,264955
27736,long,513972,290399,195629
27796,long,591785,405587,2627
27856,long,654155,321564,24280
27916,long,446972,409100,143928
27976,long,528573,331591,139836
28036,long,475844,322271,201885
28096,short,364543,615704,19754
28156,long,730913,252909,16178
28216,long,452522,416583,130895
28276,long,455638,395187,149175
28336,short,429536,570396,68
28396,short,395661,604336,3
28456,long,896901,103080,19
28516,long,636495,305642,57864
28576,long,633473,307875,58651
28636,long,510523,337397,152080
28696,long,690949,280222,28829
28756,short,393533,565468,40999
28816,long,634098,323209,42693
28876,long,617131,352829,30040
28936,long,617114,374781,8105
28996,long,465191,428770,106039
29056,long,475019,382219,142762
29116,long,504149,396355,99497
29176,long,504890,333554,161557
29236,long,405021,336590,258389
29296,long,419966,387221,192813
29356,long,349408,333477,317115
29416,long,358714,310393,330893
29476,hold,329371,332355,338274
29536,long,561377,385551,53071
29596,long,571499,337158,91343
29656,long,512177,326461,161361
29716,long,611466,378088,10446
29776,short,370201,623837,5962
29836,long,615861,315772,68367
29896,long,354784,335418,309798
29956,short,370526,490678,138796
30016,short,375595,422725,201680
30076,long,389836,386007,224157
30136,long,373461,306854,319685
30196,long,475076,375637,149287
30256,long,364110,348972,286918
30316,long,371846,360012,268143
30376,long,393444,279444,327111
30436,long,361802,256740,381457
30496,hold,246531,260336,493133
30556,long,393796,263575,342629
30616,hold,245067,257867,497065
30676,long,381050,343493,275456
30736,hold,326216,311795,361989
30796,hold,278441,278342,443216
30856,hold,335021,269347,395632
30916,hold,264662,239638,495700
30976,long,396062,295648,308290
31036,hold,293612,290345,416043
31096,long,495111,356295,148593
31156,long,536027,356267,107705
31216,long,524245,396099,79656
31276,long,409589,355892,234518
31336,hold,329022,326193,344785
31396,long,490968,296383,212648
31456,long,396457,335640,267903
31516,long,400100,351383,248517
31576,hold,248189,254251,497560
31636,long,430104,326715,243180
31696,hold,339228,311947,348824
31756,long,407117,336278,256604
31816,short,447139,464594,88267
31876,hold,309371,275155,415474
31936,short,391287,456068,152645
31996,long,401094,269274,329632
32056,hold,290551,318741,390708
32116,long,417011,280450,302539
32176,long,347432,271736,380832
32236,hold,331997,283166,384837
32296,long,451598,284172,264230
32356,long,438160,305555,256285
32416,short,285556,371369,343075
32476,long,409461,318904,271636
32536,long,369208,313972,316820
32596,short,332747,667142,111
32656,short,421958,568399,9643
32716,long,663104,314372,22524
32776,short,378517,465519,155964
32836,long,457658,413029,129312
32896,short,337911,662083,6
32956,long,767210,232173,617
33016,long,575378,403116,21506
33076,long,444980,340411,214609
33136,long,347911,305781,346308
33196,hold,324737,311589,363674
33256,long,366792,290001,343207
33316,long,346737,302028,351235
33376,long,470450,318091,211460
33436,short,368176,371110,260714
33496,hold,319542,315342,365117
33556,hold,253379,338299,408322
33616,hold,318210,271759,410031
33676,hold,270308,253258,476434
33736,hold,308651,268662,422687
33796,hold,259451,236562,503987
33856,hold,276011,260941,463048
33916,long,350917,302329,346755
33976,long,390764,295283,313953
34036,short,446213,481206,72582
34096,long,428641,329459,241900
34156,long,411611,323568,264821
34216,long,373577,364064,262359
34276,long,473985,345306,180709
34336,long,373217,318319,308464
34396,long,502371,330882,166747
34456,hold,325618,297339,377043
34516,short,373272,379125,247603
34576,hold,260632,288401,450967
34636,hold,336074,271562,392364
34696,hold,313103,246900,439997
34756,hold,255449,256080,488472
34816,hold,227139,228056,544805
34876,hold,292157,327214,380629
34936,hold,298896,273498,427606
34996,hold,311575,235642,452783
35056,hold,212732,220714,566554
35116,hold,213709,221234,565057
35176,hold,290238,305965,403797
35236,hold,190703,242738,566559
35296,hold,219308,210696,569996
35356,hold,230378,258596,511026
35416,hold,231402,245341,523257
35476,hold,336856,331173,331971
35536,hold,218468,229185,552347
35596,hold,243604,263236,493160
35656,hold,260187,272051,467762
35716,hold,279129,272986,447885
35776,hold,211446,200440,588115
35836,hold,244481,230144,525375
35896,hold,161055,228291,610655
35956,hold,249756,243460,506785
36016,hold,189904,209685,600411
36076,hold,247000,221115,531884
36136,hold,265866,216131,518003
36196,hold,176032,202052,621916
36256,hold,207359,201621,591020
36316,hold,265622,235235,499143
36376,hold,188232,204388,607379
36436,hold,190901,203311,605788
36496,hold,256677,236872,506451
36556,hold,213338,216592,570070
36616,hold,297219,243135,459646
36676,hold,191467,202509,606024
36736,hold,167626,205461,626913
36796,hold,215608,203219,581173
36856,hold,223819,218717,557464
36916,hold,209191,206128,584681
36976,hold,163987,198059,637954
37036,hold,197915,194658,607427
37096,hold,247039,227903,525058
37156,hold,193051,201424,605524
37216,hold,190419,207945,601636
37276,hold,242645,240534,516821
37336,hold,297350,301284,401366
37396,short,390448,569773,39779
37456,long,547430,380605,71965
37516,short,456201,515864,27935
37576,long,519420,315770,164810
37636,long,477121,316006,206874
37696,long,350430,348482,301088
37756,long,485106,330745,184149
37816,short,413054,418952,167994
37876,long,587247,377361,35393
37936,long,584126,379505,36369
37996,long,467328,317698,214975
38056,long,374879,363020,262101
38116,long,476308,373834,149858
38176,long,373120,313641,313239
38236,short,410608,566240,23152
38296,long,635449,328111,36440
38356,long,495481,435375,69145
38416,long,506748,376973,116279
38476,long,615206,356292,28502
38536,long,544734,337239,118028
38596,long,465194,367916,166889
38656,long,356238,334375,309386
38716,short,372392,426969,200638
38776,long,448558,377297,174144
38836,long,354761,351242,293997
38896,short,330116,346068,323816
38956,long,442074,324113,233813
39016,long,426583,302977,270441
39076,long,372564,281293,346143
39136,hold,328333,273796,397871
39196,hold,274997,290524,434479
39256,hold,236068,251388,512544
39316,hold,294548,249222,456230
39376,hold,317906,283067,399027
39436,long,347478,276399,376123
39496,hold,338597,262162,399241
39556,hold,271025,256622,472353
39616,hold,262668,260419,476913
39676,hold,280687,261356,457957
39736,short,366802,426300,206898
39796,long,552770,356057,91173
39856,long,472568,408274,119158
39916,long,403150,326324,270526
39976,long,486073,358689,155238
40036,long,461353,368007,170640
40096,hold,308414,299422,392164
40156,long,563959,320456,115585
40216,long,584721,318663,96616
40276,long,382349,348723,268928
40336,long,347556,300059,352384
40396,hold,233624,261376,505001
40456,hold,325616,313618,360766
40516,hold,229582,279711,490706
40576,hold,251221,261968,486811
40636,hold,207071,226365,566564
40696,hold,259388,250911,489701
40756,hold,225523,276757,497720
40816,hold,228021,297324,474655
40876,hold,289448,277375,433177
40936,hold,224841,251688,523471
40996,hold,306887,234526,458588
41056,hold,249257,239313,511430
41116,long,397976,332063,269962
41176,long,402634,341985,255381
41236,long,413275,362166,224559
41296,long,368643,330462,300895
41356,hold,307803,246720,445478
41416,long,388596,345897,265507
41476,short,460127,488261,51612
41536,long,604808,373325,21867
41596,long,543831,372921,83248
41656,long,449370,337265,213365
41716,long,374994,331349,293658
41776,long,371685,314718,313597
41836,hold,315414,237761,446825
41896,long,371865,302017,326118
41956,hold,305269,304073,390658
42016,hold,296379,279528,424093
42076,hold,262315,261422,476264
42136,hold,200565,242090,557345
42196,hold,275924,332372,391703
42256,hold,216588,288842,494570
42316,hold,231722,226785,541493
42376,hold,295597,248445,455958
42436,hold,274380,247650,477970
42496,hold,210014,247305,542681
42556,long,370064,299535,330401
42616,long,379054,318504,302442
42676,short,423384,469666,106949
42736,long,449589,358025,192387
42796,hold,338090,323416,338494
42856,hold,271267,277388,451345
42916,hold,314506,334047,351447
42976,hold,298793,262602,438605
43036,long,455271,290091,254638
43096,hold,204458,207638,587904
43156,hold,249556,239955,510489
43216,short,348017,423196,228788
43276,hold,266353,236461,497186
43336,hold,230816,258756,510428
43396,hold,326959,307513,365528
43456,hold,266138,292807,441056
43516,hold,280301,252275,467424
43576,hold,230666,219243,550091
43636,hold,254697,222438,522865
43696,hold,263329,300049,436622
43756,hold,280034,271071,448895
43816,hold,255406,238728,505867
43876,hold,264225,306654,429121
43936,hold,248209,243393,508399
43996,hold,277239,266404,456356
44056,long,389739,292098,318163
44116,long,399087,383039,217874
44176,long,415185,375365,209450
44236,long,417355,312216,270430
44296,hold,293522,257718,448760
44356,long,585900,376778,37322
44416,long,433656,392571,173773
44476,long,414790,323269,261941
44536,hold,273747,273707,452546
44596,hold,304244,262432,433324
44656,hold,275381,238500,486119
44716,hold,251001,261834,487165
44776,hold,245576,229083,525341
44836,hold,253952,252260,493788
44896,hold,262668,254089,483244
44956,hold,201782,206586,591632
45016,hold,162935,196807,640258
45076,hold,214452,219923,565626
45136,hold,237227,240654,522118
45196,hold,271306,271640,457054
45256,hold,301841,293184,404975
45316,hold,305005,225861,469134
45376,hold,288961,272393,438646
45436,hold,171877,188849,639275
45496,hold,242053,285074,472873
45556,hold,256813,264681,478506
45616,hold,218097,274027,507876
45676,hold,279386,276022,444591
45736,hold,195512,234390,570098
45796,hold,270932,256421,472647
45856,long,367666,355380,276954
45916,hold,323201,285532,391268
45976,short,334861,373318,291822
46036,long,390839,371916,237245
46096,hold,312409,252587,435004
46156,hold,251072,236691,512237
46216,hold,275858,277404,446738
46276,short,392294,559944,47762
46336,long,449801,415989,134210
46396,hold,336826,295886,367288
46456,hold,236448,246668,516884
46516,hold,320456,299888,379656
46576,short,294202,341560,364237
46636,long,340025,289421,370553
46696,long,342125,340143,317732
46756,hold,234723,248192,517085
46816,long,388879,305778,305343
46876,long,487886,355508,156606
46936,long,364155,317760,318085
46996,long,421614,380823,197563
47056,short,348087,400928,250985
47116,short,394100,395106,210794
47176,long,561311,360997,77692
47236,long,560963,396513,42524
47296,long,423679,316382,259939
47356,long,401372,356288,242341
47416,long,573886,324425,101689
47476,long,755454,231712,12835
47536,long,542779,418373,38848
47596,long,552213,446985,803
47656,long,692828,307159,13
47716,long,567285,395938,36777
47776,long,502631,331320,166049
47836,long,651360,305320,43320
47896,long,442238,348575,209187
47956,long,467368,324538,208094
48016,long,445644,365721,188635
48076,long,520696,372034,107270
48136,long,462770,308520,228710
48196,long,387108,341773,271120
48256,long,432181,346210,221609
48316,long,438592,382496,178912
48376,long,572523,381618,45858
48436,long,555268,406499,38233
48496,long,591256,365962,42783
48556,long,530396,356804,112800
48616,long,523389,384393,92218
48676,long,402744,335434,261823
48736,long,437882,415397,146722
48796,long,452609,349302,198089
48856,short,368925,533465,97610
48916,long,402430,320722,276848
48976,hold,311494,298826,389680
49036,short,334227,386381,279392
49096,short,318773,341381,339846
49156,hold,280543,274434,445023
49216,short,306130,344680,349190
49276,short,436764,493516,69720
49336,long,546191,320745,133064
49396,long,370240,294030,335730
49456,long,428029,361460,210511
49516,long,412172,343242,244586
49576,hold,313305,274218,412477
49636,long,403627,317723,278650
49696,hold,319120,276442,404439
49756,long,385015,359402,255582
49816,short,382736,452541,164723
49876,short,379886,583398,36716
49936,long,643020,320601,36379
49996,long,534292,302743,162965
50056,long,484175,300886,214939
50116,long,459988,349758,190254
50176,long,511123,486697,2181
50236,long,568226,378166,53608
50296,long,565618,393323,41059
50356,long,465486,414515,119999
50416,short,339234,381660,279106
50476,short,324730,350765,324505
50536,long,381318,352879,265803
50596,long,404640,333793,261567
50656,hold,276492,262946,460562
50716,hold,283396,281996,434608
50776,hold,303313,312041,384647
50836,long,389970,350236,259794
50896,hold,238900,259867,501233
50956,hold,333663,268759,397578
51016,hold,297839,295518,406642
51076,hold,336454,296704,366841
51136,long,352877,286740,360383
51196,long,400816,377216,221968
51256,hold,272231,265851,461918
51316,long,512594,390562,96844
51376,short,408171,410498,181331
51436,short,364789,447473,187738
51496,short,375528,539236,85237
51556,long,408432,330182,261386
51616,hold,311859,287181,400961
51676,long,453931,336697,209372
51736,long,486495,333077,180428
51796,long,442906,372583,184511
51856,long,473667,347783,178550
51916,long,423372,341750,234878
51976,long,437653,328263,234084
52036,hold,271324,287185,441491
52096,hold,275584,233564,490852
52156,hold,244908,250081,505011
52216,hold,284612,246356,469031
52276,hold,255840,266454,477706
52336,hold,230839,252772,516389
52396,long,346245,333239,320516
52456,hold,313566,298507,387927
52516,hold,314637,312525,372838
52576,hold,292882,327566,379551
52636,hold,333308,282855,383838
52696,long,401090,395379,203531
52756,long,536295,358627,105079
52816,long,540065,340835,119099
52876,long,489155,345827,165018
52936,long,398609,390054,211337
52996,long,435497,305706,258797
53056,long,496366,330204,173430
53116,hold,331566,325410,343024
53176,long,435724,400095,164181
53236,long,395554,335850,268595
53296,hold,304882,286686,408433
53356,hold,275704,268703,455593
53416,long,426743,362258,210998
53476,hold,291878,287012,421110
53536,hold,276290,250233,473477
53596,hold,277237,277736,445027
53656,hold,290786,255054,454160
53716,long,383774,292253,323973
53776,hold,302008,284688,413303
53836,hold,255292,235402,509306
53896,hold,233795,244172,522034
53956,hold,244066,249737,506196
54016,hold,229873,265924,504202
54076,hold,247002,292230,460768
54136,long,487589,382577,129834
54196,short,366897,620290,12814
54256,long,609733,341544,48723
54316,long,507394,387516,105090
54376,long,506279,290498,203223
54436,long,413795,374855,211349
54496,long,444963,363446,191591
54556,long,492561,307191,200247
54616,long,394288,361658,244054
54676,long,357534,306264,336202
54736,hold,307608,312151,380240
54796,hold,235000,247169,517831
54856,hold,261469,262231,476299
54916,hold,273457,260398,466145
54976,hold,248626,246390,504984
55036,hold,295903,265630,438468
55096,hold,232704,248393,518903
55156,hold,234902,264242,500856
55216,hold,194051,212888,593061
55276,hold,269191,228691,502119
55336,hold,241896,207370,550733
55396,hold,249579,233617,516804
55456,hold,208975,227645,563380
55516,hold,216794,227516,555691
55576,short,311231,407362,281407
55636,hold,279546,262493,457961
55696,long,354053,347159,298788
55756,hold,240566,290022,469412
55816,hold,182882,213293,603825
55876,hold,223343,223603,553054
55936,hold,251118,232320,516561
55996,hold,231586,231738,536676
56056,hold,222629,209534,567836
56116,hold,195014,199012,605973
56176,hold,213290,220748,565962
56236,hold,217671,215101,567227
56296,hold,256543,251870,491587
56356,hold,203292,224316,572391
56416,hold,188226,253343,558431
56476,hold,208650,215089,576261
56536,hold,225699,244898,529403
56596,hold,223374,211875,564751
56656,hold,227329,239494,533177
56716,hold,273885,265797,460317
56776,hold,328751,293476,377774
56836,hold,215888,245625,538487
56896,hold,278593,262714,458693
56956,hold,281298,328513,390189
57016,long,346599,274206,379195
57076,hold,293312,311042,395646
57136,hold,312043,306452,381505
57196,hold,198840,261631,539529
57256,hold,250119,265920,483961
57316,hold,208777,253271,537952
57376,hold,277310,226963,495727
57436,hold,322331,260125,417544
57496,long,580169,351225,68606
57556,long,358270,297499,344231
57616,hold,314544,288230,397226
57676,short,343798,363233,292969
57736,long,506904,356188,136908
57796,long,351919,257734,390347
57856,hold,304683,260019,435298
57916,long,359208,307420,333372
57976,long,344579,322712,332710
58036,hold,243024,299843,457133
58096,hold,338114,310838,351048
58156,hold,299473,278281,422246
58216,hold,297614,266948,435438
58276,hold,255873,297158,446970
58336,hold,222721,255537,521742
58396,long,348368,274347,377285
58456,short,340376,353379,306245
58516,long,468515,338947,192538
58576,short,404845,413244,181910
58636,short,308783,356714,334503
58696,hold,242597,256357,501045
58756,hold,274649,245335,480015
58816,hold,277240,242445,480315
58876,hold,268849,261908,469243
58936,hold,284143,227738,488119
58996,hold,270653,240986,488362
59056,hold,270712,262992,466296
59116,hold,327788,260489,411723
59176,hold,226880,248338,524782
59236,hold,321531,277684,400786
59296,hold,241187,219529,539284
59356,hold,185804,213057,601139
59416,hold,266601,288324,445075
59476,hold,184076,201972,613952
59536,hold,251243,248448,500309
59596,hold,181544,204752,613704
59656,hold,252116,246169,501716
59716,hold,291857,234827,473316
59776,short,322716,346795,330489
59836,hold,266655,257610,475736
59896,long,462285,337308,200407
59956,long,464721,305533,229746
60016,long,348141,270448,381412
60076,long,395151,335278,269571
60136,long,370184,366081,263735
60196,hold,317904,316879,365217
60256,long,439405,369358,191237
60316,hold,276741,250986,472273
60376,hold,289461,277852,432687
60436,long,426760,326788,246452
60496,hold,309567,258134,432299
60556,hold,280880,314357,404763
60616,hold,251456,250074,498471
60676,long,471869,321314,206817
60736,hold,328524,279704,391772
60796,hold,292499,265026,442475
60856,hold,303475,230316,466210
60916,hold,242681,236143,521176
60976,hold,217516,224389,558095
61036,hold,320581,260956,418463
61096,hold,241112,242565,516322
61156,hold,259161,226526,514313
61216,hold,265003,225463,509534
61276,long,398889,297253,303858
61336,long,750519,240401,9080
61396,long,502043,404284,93673
61456,long,448936,365726,185339
61516,short,407995,420033,171973
61576,long,465047,347505,187448
61636,long,384950,354422,260628
61696,short,350215,357144,292641
61756,long,396584,278217,325199
61816,hold,252963,246910,500127
61876,long,386098,295253,318649
61936,hold,312499,295549,391952
61996,hold,295125,292342,412532
62056,hold,322770,273173,404058
62116,hold,262927,256115,480958
62176,hold,220552,248793,530656
62236,long,413328,324977,261696
62296,long,356212,279325,364463
62356,long,429176,387815,183009
62416,short,306579,341780,351641
62476,hold,275367,249979,474654
62536,hold,269416,248621,481963
62596,hold,233800,219634,546566
62656,long,361713,353759,284529
62716,hold,292295,325189,382517
62776,long,385866,358377,255757
62836,long,532512,321431,146057
62896,long,428446,336171,235383
62956,long,376010,347027,276963
63016,long,369278,297843,332879
63076,hold,274883,277650,447467
63136,hold,333239,270103,396658
63196,hold,270109,311116,418774
63256,hold,242450,253446,504104
63316,hold,263858,250642,485500
63376,hold,202644,220029,577327
63436,hold,210863,270782,518355
63496,hold,241347,253657,504996
63556,hold,213600,262639,523761
63616,hold,253266,248269,498465
63676,hold,226135,221848,552018
63736,hold,278727,233865,487408
63796,hold,226947,212986,560068
63856,hold,225045,230818,544136
63916,hold,178940,198935,622126
63976,hold,185478,217501,597021
64036,hold,237087,215867,547047
64096,hold,259592,270509,469899
64156,hold,285602,238980,475419
64216,hold,251127,249692,499181
64276,short,350224,598849,50927
64336,long,397658,366612,235730
64396,short,343323,347738,308939
64456,short,321879,355357,322764
64516,hold,338795,290720,370484
64576,long,445111,285345,269545
64636,long,476054,407345,116600
64696,hold,229307,269357,501336
64756,hold,326295,256798,416907
64816,hold,256938,256448,486614
64876,hold,249600,228953,521447
64936,hold,193239,224122,582639
64996,hold,163624,194400,641975
65056,hold,240413,229900,529687
65116,hold,179997,229267,590736
65176,hold,179236,192451,628313
65236,hold,251259,243348,505393
65296,hold,273855,214311,511834
65356,hold,189880,197662,612458
65416,hold,165112,205730,629158
65476,hold,154855,200296,644849
65536,hold,193373,220328,586298
65596,hold,190793,206026,603181
65656,hold,287602,254858,457540
65716,hold,274873,261919,463208
65776,hold,199741,208771,591489
65836,hold,233545,245948,520506
65896,hold,218310,220488,561202
65956,hold,174839,217716,607445
66016,hold,221059,227145,551796
66076,hold,208220,208276,583504
66136,hold,218988,216280,564732
66196,hold,312519,282362,405119
66256,hold,210591,190357,599051
66316,hold,191713,209897,598390
66376,hold,198549,214632,586819
66436,hold,228939,219579,551482
66496,hold,193851,191461,614689
66556,hold,182329,185835,631836
66616,hold,221379,207413,571208
66676,hold,240545,208102,551354
66736,hold,188898,207795,603307
66796,hold,228475,232337,539187
66856,hold,168467,202707,628825
66916,hold,158988,182829,658183
66976,hold,168190,192123,639687
67036,hold,275586,231835,492580
67096,hold,316589,310476,372935
67156,hold,169605,201329,629066
67216,hold,232764,218118,549118
67276,hold,246412,225113,528475
67336,hold,245160,265111,489728
67396,hold,288133,237063,474805
67456,hold,204985,235267,559749
67516,hold,168790,213376,617834
67576,hold,145734,188470,665796
67636,long,424254,324289,251457
67696,long,376912,294490,328598
67756,hold,286125,253197,460677
67816,hold,213580,248129,538291
67876,hold,226572,233852,539576
67936,hold,216893,216454,566654
67996,hold,264434,255196,480369
68056,hold,235381,228194,536425
68116,hold,223290,249963,526747
68176,hold,271693,270696,457611
68236,hold,219053,228767,552180
68296,hold,220649,208525,570826
68356,hold,248315,235511,516174
68416,hold,188832,213592,597577
68476,hold,236855,237473,525672
68536,short,338069,359173,302758
68596,hold,225502,248681,525817
68656,long,471615,374463,153922
68716,long,383831,280602,335566
68776,long,386525,261377,352098
68836,hold,324307,317259,358434
68896,hold,203360,244046,552594
68956,hold,250178,237362,512460
69016,hold,236915,240250,522834
69076,hold,210447,243761,545792
69136,hold,246393,236396,517211
69196,hold,274289,267686,458024
69256,hold,197273,213113,589615
69316,hold,258275,222716,519009
69376,hold,169979,204432,625589
69436,hold,208377,240511,551112
69496,long,366219,330552,303228
69556,long,356761,286682,356557
69616,hold,289061,254907,456032
69676,hold,338030,240435,421535
69736,hold,218118,235958,545924
69796,hold,239363,231389,529248
69856,hold,253766,219234,527000
69916,long,356676,294802,348521
69976,hold,303486,269899,426615
70036,long,517118,378233,104650
70096,long,358800,346615,294585
70156,long,420394,346570,233036
70216,long,481366,404124,114510
70276,long,408339,395625,196036
70336,long,387400,307533,305067
70396,long,433657,376452,189891
70456,long,369219,279231,351550
70516,hold,238506,235565,525929
70576,hold,214293,270682,515025
70636,short,310814,366568,322618
70696,hold,227783,248929,523288
70756,hold,211760,252184,536055
70816,hold,216504,231075,552421
70876,hold,334617,269861,395522
70936,hold,231409,208501,560090
70996,hold,174853,208741,616405
71056,hold,195015,223767,581219
71116,hold,170020,206948,623031
71176,hold,243347,232256,524396
71236,hold,236357,221863,541780
71296,hold,170427,221349,608224
71356,hold,193955,223774,582271
71416,hold,240780,238087,521133
71476,long,477593,355783,166624
71536,hold,335909,270930,393161
71596,hold,257806,267085,475109
71656,short,317482,355173,327345
71716,long,463970,389279,146751
71776,long,340739,270580,388681
71836,hold,328310,254531,417159
71896,hold,228715,241847,529438
71956,hold,279274,270131,450595
72016,hold,257532,260830,481638
72076,hold,232177,242522,525301
72136,hold,259565,273652,466783
72196,hold,223416,268245,508339
72256,hold,191250,206310,602439
72316,hold,185329,223046,591625
72376,hold,266072,247225,486703
72436,hold,212827,218038,569135
72496,hold,242082,217697,540222
72556,hold,165168,212133,622699
72616,hold,219578,215730,564692
72676,hold,140828,189770,669403
72736,hold,221631,240127,538242
72796,hold,198229,219623,582148
72856,hold,269141,242221,488638
72916,long,496428,348927,154646
72976,short,329578,368104,302318
73036,hold,331896,271106,396998
73096,hold,274279,250504,475216
73156,hold,310263,264235,425501
73216,hold,259800,247497,492704
73276,hold,252924,262516,484560
73336,hold,257346,248743,493911
73396,hold,236174,238708,525118
73456,hold,198746,222858,578397
73516,hold,247144,243363,509493
73576,hold,190314,207315,602372
73636,hold,197828,215824,586348
73696,hold,234773,205761,559466
73756,hold,229496,212816,557688
73816,hold,181773,195432,622795
73876,hold,170214,187018,642768
73936,hold,281588,265980,452433
73996,hold,220906,213306,565788
74056,hold,335695,260548,403757
74116,hold,184548,239411,576041
74176,hold,302480,242516,455004
74236,short,333951,382354,283695
74296,hold,274035,309413,416552
74356,long,457200,354827,187973
74416,long,692155,286431,21414
74476,long,422603,384466,192931
74536,long,479928,424026,96046
74596,long,393622,364014,242364
74656,long,582772,336735,80492
74716,long,409486,323346,267169
74776,hold,333950,311691,354360
74836,long,379934,293103,326963
74896,hold,286710,254369,458920
74956,hold,273363,250496,476141
75016,hold,201375,203685,594940
75076,hold,218329,231270,550401
75136,hold,291774,244973,463253
75196,hold,195524,211521,592955
75256,hold,163331,181065,655604
75316,hold,154160,196140,649700
75376,hold,195999,236237,567763
75436,hold,243846,259801,496353
75496,hold,208483,222693,568824
75556,hold,215008,213589,571403
75616,hold,184151,193224,622625
75676,hold,228521,228895,542584
75736,hold,221993,229610,548397
75796,hold,189291,200808,609901
75856,hold,239763,227148,533089
75916,hold,256147,236182,507672
75976,hold,163331,194070,642599
76036,hold,280799,240657,478544
76096,hold,210097,194006,595896
76156,hold,255272,236041,508687
76216,hold,166656,183562,649782
76276,hold,232926,199424,567650
76336,hold,169857,192907,637236
76396,hold,205028,200868,594104
76456,hold,212692,204985,582323
76516,hold,216937,202346,580717
76576,hold,241877,208048,550075
76636,hold,167531,207819,624650
76696,hold,269793,221559,508648
76756,hold,222920,205295,571786
76816,hold,189169,201754,609077
76876,hold,148726,204384,646890
76936,hold,172826,187509,639665
76996,hold,173411,186252,640337
77056,hold,164758,226126,609116
77116,hold,218947,229506,551546
77176,hold,242972,216779,540248
77236,hold,267204,258189,474607
77296,hold,242786,248777,508437
77356,hold,185261,236030,578709
77416,hold,194483,207208,598309
77476,hold,198113,202930,598957
77536,hold,150053,180902,669045
77596,hold,184008,183048,632944
77656,hold,141760,174767,683473
77716,long,349233,318452,332315
77776,hold,244107,253362,502532
77836,hold,291083,308140,400776
77896,long,342832,280992,376177
77956,hold,259468,281986,458546
78016,hold,291279,299016,409705
78076,hold,310075,261098,428828
78136,hold,183069,207542,609388
78196,hold,188496,252297,559208
78256,hold,258450,259945,481605
78316,hold,251067,237160,511773
78376,hold,281086,249413,469500
78436,hold,249263,263747,486990
78496,hold,213287,221678,565036
78556,long,474216,316578,209206
78616,short,318583,354169,327248
78676,long,534496,413176,52328
78736,long,479170,386844,133986
78796,long,470820,325311,203869
78856,long,364505,293919,341575
78916,long,395839,315022,289138
78976,long,479428,314248,206324
79036,long,460538,316308,223153
79096,short,430529,487925,81545
79156,long,606797,347679,45524
79216,short,484315,488516,27168
79276,long,610531,347618,41851
79336,long,420015,405722,174263
79396,short,331272,351352,317375
79456,long,437283,316326,246390
79516,long,423121,313354,263526
79576,hold,313754,314977,371269
79636,short,355759,636804,7437
79696,long,746948,241945,11107
79756,long,450690,381307,168003
79816,short,486820,503305,9875
79876,long,584836,360697,54467
79936,long,409412,355158,235430
79996,short,408012,438990,152998
80056,long,561348,315112,123540
80116,long,644199,354888,913
80176,long,573334,404657,22010
80236,long,506521,406488,86991
80296,long,479393,422471,98136
80356,short,405132,541505,53363
80416,long,433898,369703,196399
80476,long,496630,337876,165495
80536,long,391687,388441,219872
80596,long,428510,329044,242445
80656,long,358356,308385,333258
80716,long,360888,278801,360310
80776,long,359942,250243,389815
80836,hold,276582,292169,431248
80896,long,373499,336394,290108
80956,hold,326071,263643,410286
81016,long,344950,261595,393454
81076,hold,292629,292649,414722
81136,long,414222,412150,173628
81196,hold,274106,244806,481088
81256,hold,312674,311330,375997
81316,hold,293828,305704,400469
81376,long,358583,343383,298033
81436,short,377848,403174,218979
81496,long,494271,432959,72769
81556,long,504826,474511,20663
81616,short,459208,505749,35042
81676,long,503309,339653,157038
81736,long,561976,417702,20321
81796,long,770312,228693,995
81856,short,314034,683448,2518
81916,long,717681,259206,23114
81976,long,585198,386149,28653
82036,long,514569,351108,134323
82096,long,448072,378694,173234
82156,long,510088,306410,183502
82216,long,497030,307385,195585
82276,long,537702,301877,160421
82336,long,441080,331263,227656
82396,long,411261,289175,299565
82456,hold,321696,314683,363621
82516,hold,337180,319212,343607
82576,hold,311071,334877,354052
82636,long,425207,335070,239722
82696,hold,304835,290671,404494
82756,hold,331134,325669,343197
82816,short,402099,435192,162709
82876,hold,328524,249664,421812
82936,long,550291,362929,86780
82996,long,623180,363491,13328
83056,long,482392,341541,176067
83116,long,553742,346013,100245
83176,long,455232,329795,214973
83236,short,401887,411756,186357
83296,short,428245,545211,26545
83356,long,572598,309424,117978
83416,long,471307,327885,200808
83476,long,367661,286578,345761
83536,hold,295811,313180,391009
83596,long,345292,287422,367286
83656,long,784254,214682,1063
83716,long,716575,279697,3729
83776,long,600658,392181,7161
83836,long,605316,377291,17393
83896,long,516326,443619,40056
83956,long,595717,314778,89505
84016,short,360602,624149,15249
84076,long,566540,377727,55733
84136,long,554455,371378,74167
84196,long,489575,309267,201157
84256,long,475719,375288,148993
84316,short,356446,512667,130886
84376,long,495000,453963,51038
84436,long,610355,371258,18387
84496,long,478907,414026,107066
84556,long,514536,381544,103920
84616,long,554324,313976,131700
84676,long,615693,335398,48908
84736,long,425387,407574,167039
84796,long,494890,327619,177491
84856,long,437623,317121,245256
84916,long,426890,287619,285492
84976,hold,314566,236000,449434
85036,long,369157,282320,348523
85096,long,434061,320918,245020
85156,long,438323,327854,233823
85216,long,389879,355870,254251
85276,short,272005,343805,384190
85336,hold,297385,327369,375245
85396,long,346036,289213,364751
85456,long,351581,242568,405851
85516,hold,266635,251442,481923
85576,long,343653,303417,352929
85636,short,342905,455073,202022
85696,hold,260554,252280,487166
85756,short,289688,352912,357400
85816,hold,329752,332750,337498
85876,long,367787,354261,277952
85936,long,395266,282261,322473
85996,long,347743,296372,355885
86056,hold,246742,282897,470361
86116,hold,265700,248208,486091
86176,hold,295687,306102,398211
86236,hold,201795,241265,556940
86296,hold,246280,314993,438727
86356,long,393005,376111,230884
86416,hold,291884,287734,420382
86476,hold,294330,267168,438501
86536,hold,311153,311372,377475
86596,long,351118,274397,374484
86656,hold,283886,259681,456433
86716,hold,320427,244857,434716
86776,hold,231563,238482,529955
86836,hold,281177,272431,446392
86896,short,296141,363310,340549
86956,hold,300700,242950,456350
87016,hold,255808,233921,510271
87076,hold,252669,284443,462888
87136,hold,229723,299527,470750
87196,hold,272898,309942,417160
87256,short,354772,430800,214427
87316,long,354560,312861,332579
87376,long,728216,262819,8965
87436,long,675492,312247,12261
87496,long,551205,429165,19629
87556,long,626290,312000,61710
87616,long,460075,351454,188470
87676,long,426250,383619,190131
87736,long,446957,336081,216962
87796,short,350439,452617,196944
87856,short,430829,475187,93984
87916,short,347556,423970,228474
87976,long,469190,339049,191761
88036,short,383040,385776,231185
88096,long,396989,342418,260593
88156,hold,325947,319557,354495
88216,hold,269112,297129,433760
88276,long,548685,404213,47102
88336,short,358935,365446,275619
88396,long,610804,337802,51394
88456,long,430984,374422,194595
88516,long,410965,371468,217568
88576,long,408692,311640,279668
88636,long,383044,354780,262175
88696,long,397746,378505,223749
88756,long,583431,416514,55
88816,long,535334,446085,18581
88876,long,528950,404199,66852
88936,short,434379,530265,35356
88996,long,683259,316705,36
89056,long,603175,393833,2992
89116,long,610576,336327,53097
89176,long,624010,331905,44086
89236,long,555582,394925,49493
89296,long,539027,356459,104515
89356,long,530849,413856,55294
89416,long,747347,252533,120
89476,long,498507,413490,88003
89536,long,498998,376415,124588
89596,long,496880,450228,52892
89656,long,377266,323697,299037
89716,short,420412,436672,142916
89776,long,502529,367199,130272
89836,long,410340,398433,191226
89896,long,393294,331200,275506
89956,short,362829,416380,220791
90016,long,398400,350439,251162
90076,long,478358,417850,103792
90136,long,618915,340320,40766
90196,long,724188,275430,381
90256,long,731385,259945,8670
90316,long,632607,322219,45175
90376,long,532540,408391,59069
90436,short,465111,519955,14934
90496,long,591290,346040,62670
90556,long,668058,307148,24794
90616,long,593668,287717,118615
90676,long,387605,314491,297904
90736,long,428401,408799,162801
90796,long,490098,318924,190978
90856,short,411176,436349,152475
90916,long,464361,306850,228789
90976,long,544075,317690,138236
91036,long,425285,353291,221425
91096,hold,302216,292711,405073
91156,hold,308369,324478,367153
91216,hold,265824,286151,448025
91276,long,366213,330302,303485
91336,long,388847,316900,294253
91396,long,512500,329985,157515
91456,long,436465,415922,147612
91516,short,459081,481680,59240
91576,long,573015,341698,85287
91636,long,595113,401495,3392
91696,short,467504,474274,58222
91756,long,495353,368623,136024
91816,long,586150,383149,30702
91876,long,440200,348459,211341
91936,long,447290,372595,180115
91996,short,407562,426480,165958
92056,long,424750,315743,259508
92116,hold,315595,287593,396812
92176,long,414508,343874,241618
92236,long,443473,268585,287942
92296,long,510563,354452,134985
92356,long,551545,357902,90553
92416,long,346463,279141,374396
92476,long,390875,330097,279029
92536,short,326164,348693,325143
92596,long,390080,343143,266777
92656,long,375764,320535,303701
92716,long,418140,373190,208669
92776,long,446251,330650,223099
92836,long,448209,314958,236834
92896,short,358157,365092,276751
92956,long,511612,344519,143869
93016,long,507680,375767,116553
93076,long,581647,393326,25028
93136,long,491499,423997,84504
93196,long,587273,391986,20742
93256,long,619934,311319,68747
93316,long,466595,367896,165509
93376,long,540106,364228,95666
93436,long,553003,326314,120682
93496,long,488535,481388,30077
93556,long,563984,282000,154015
93616,short,194336,805664,0
93676,long,869532,130269,200
93736,long,577853,396299,25848
93796,long,553993,357492,88515
93856,long,534467,286094,179440
93916,hold,313468,284390,402142
93976,hold,303375,301789,394836
94036,long,362171,340393,297435
94096,long,399211,339715,261074
94156,long,410216,330074,259710
94216,long,461141,368006,170853
94276,short,336812,371156,292032
94336,hold,338960,307698,353342
94396,short,442785,514176,43039
94456,long,630931,324560,44510
94516,short,450956,543957,5087
94576,long,681747,315032,3221
94636,long,628250,356864,14886
94696,long,559392,378093,62515
94756,long,572541,343261,84198
94816,short,462622,512416,24962
94876,long,749324,250247,429
94936,long,673150,307470,19379
94996,long,458633,426724,114644
95056,long,376913,330528,292559
95116,short,370335,389423,240243
95176,long,540530,331298,128172
95236,short,336575,380211,283214
95296,long,355847,292725,351428
95356,hold,219192,239189,541619
95416,hold,301175,316855,381969
95476,hold,238599,240566,520835
95536,hold,316216,300954,382831
95596,hold,292599,249438,457963
95656,long,346308,289278,364414
95716,hold,264288,295378,440334
95776,hold,318228,260714,421058
95836,hold,276991,263903,459106
95896,hold,254911,253662,491426
95956,long,354418,268542,377040
96016,hold,336546,313461,349993
96076,short,380889,382218,236892
96136,long,341280,282978,375742
96196,hold,282401,271714,445886
96256,hold,252477,224299,523224
96316,hold,180820,199412,619768
96376,hold,233687,293166,473147
96436,hold,309003,251488,439509
96496,hold,286863,221714,491423
96556,hold,245139,252180,502681
96616,hold,277479,287781,434740
96676,hold,277214,260152,462633
96736,hold,260589,246192,493220
96796,hold,211599,218236,570165
96856,hold,258098,300525,441377
96916,hold,222563,213915,563522
96976,hold,239332,228184,532484
97036,hold,273349,247208,479443
97096,long,347034,304410,348557
97156,long,403580,395432,200988
97216,long,451392,351273,197335
97276,long,369423,333379,297198
97336,long,565001,391127,43872
97396,long,429862,324518,245620
97456,long,577708,332705,89587
97516,long,600979,319669,79352
97576,long,477633,447053,75314
97636,long,578165,336640,85194
97696,long,459979,310514,229507
97756,long,386437,376645,236919
97816,long,565871,390026,44103
97876,long,515981,454078,29941
97936,short,484857,487152,27991
97996,short,471271,501418,27311
98056,long,437538,341827,220635
98116,long,420481,380679,198840
98176,hold,323064,305626,371310
98236,hold,255889,269231,474880
98296,long,357505,295649,346845
98356,hold,294706,323348,381945
98416,long,366401,323717,309882
98476,long,621737,311857,66406
98536,long,616778,328900,54322
98596,long,433648,398084,168268
98656,long,475787,452525,71688
98716,long,522834,383947,93219
98776,short,481530,517318,1152
98836,long,734520,258312,7168
98896,long,537006,430186,32808
98956,long,567074,414840,18085
99016,long,604304,380678,15018
99076,long,683828,309052,7120
99136,long,599723,327587,72691
99196,long,581829,346119,72052
99256,long,496569,346566,156865
99316,long,464528,438356,97116
99376,long,514004,427118,58879
99436,long,684827,314064,1109
99496,long,493885,411061,95054
99556,long,458592,366907,174502
99616,long,438509,310668,250823
99676,long,439165,396181,164654
99736,long,375966,369715,254318
99796,long,355072,295080,349848
99856,long,405866,306578,287556
99916,long,441875,334058,224067
99976,hold,328769,328556,342674
100036,long,347819,302946,349235
100096,long,460350,425193,114457
100156,long,543906,380352,75742
100216,long,695817,302974,1210
100276,long,695227,299679,5094
100336,long,549029,405082,45889
100396,long,455506,355028,189465
100456,long,546292,423397,30311
100516,long,467910,439416,92674
100576,long,419174,369466,211361
100636,hold,332026,275358,392616
100696,hold,303153,278438,418408
100756,short,365751,402450,231799
100816,long,421990,341249,236761
100876,long,410788,349871,239341
100936,long,429987,406776,163237
100996,long,530127,353372,116501
101056,long,408159,376881,214960
101116,long,437793,317318,244889
101176,short,364188,448480,187332
101236,long,399788,344643,255570
101296,long,436714,369808,193478
101356,long,525288,379422,95290
101416,hold,315004,285824,399172
101476,long,346797,293269,359934
101536,long,346016,320299,333685
101596,long,575385,385427,39189
101656,short,454021,533867,12113
101716,long,548705,427687,23607
101776,long,453807,388243,157950
101836,long,509794,367765,122440
101896,long,572533,343743,83724
101956,long,441130,318880,239990
102016,long,413671,325576,260752
102076,hold,247203,224254,528543
102136,long,379606,315533,304861
102196,hold,286359,309940,403701
102256,hold,249512,262449,488039
102316,long,430408,289401,280190
102376,long,364981,328209,306809
102436,long,377105,286536,336359
102496,long,382949,297433,319618
102556,hold,308169,306961,384869
102616,hold,287582,309815,402603
102676,hold,305902,258110,435988
102736,short,313899,354999,331102
102796,long,402938,293303,303759
102856,long,359492,321305,319203
102916,hold,284729,314491,400780
102976,hold,326730,298309,374960
103036,long,518801,360434,120765
103096,long,608731,344942,46326
103156,long,478413,477376,44211
103216,long,482017,409364,108619
103276,short,438668,468698,92633
103336,long,534533,366237,99230
103396,long,455257,332057,212686
103456,long,493006,295591,211403
103516,long,384101,286457,329442
103576,hold,319429,304533,376038
103636,hold,255710,325437,418853
103696,long,371159,325089,303752
103756,long,372381,319630,307989
103816,hold,262392,240132,497477
103876,hold,329278,271589,399133
103936,hold,294834,260559,444608
103996,hold,259566,304145,436289
104056,hold,203810,246304,549886
104116,hold,288039,245302,466659
104176,hold,336329,297451,366220
104236,hold,279870,285562,434568
104296,hold,278264,264930,456806
104356,hold,249969,283120,466911
104416,long,345997,263319,390684
104476,hold,315759,286193,398048
104536,long,520187,438705,41108
104596,long,450136,389403,160461
104656,long,469772,377633,152595
104716,long,401049,353213,245739
104776,hold,334893,332528,332579
104836,hold,316162,306728,377110
104896,hold,274277,316265,409458
104956,hold,337326,285485,377189
105016,hold,297117,238759,464124
105076,hold,215599,231852,552548
105136,hold,305480,289998,404523
105196,hold,241286,221761,536953
105256,hold,321383,264155,414462
105316,hold,233180,227304,539516
105376,hold,217735,234348,547918
105436,hold,207647,204272,588081
105496,hold,270745,233371,495884
105556,hold,291092,280603,428305
105616,short,325368,381375,293256
105676,hold,327436,262321,410243
105736,hold,219860,248040,532100
105796,hold,232147,237010,530843
105856,hold,227283,233784,538934
105916,hold,229209,217383,553408
105976,hold,309172,303988,386840
106036,hold,265290,224317,510393
106096,hold,252740,226020,521240
106156,hold,275519,224703,499778
106216,hold,216831,247104,536065
106276,hold,254110,245933,499957
106336,hold,238473,225359,536168
106396,hold,205421,221579,573000
106456,hold,227894,219492,552614
106516,hold,200906,209022,590072
106576,hold,250941,229723,519337
106636,hold,202789,226865,570346
106696,hold,305250,291403,403347
106756,hold,278787,224474,496739
106816,hold,228892,220843,550265
106876,hold,180265,196722,623013
106936,hold,197279,198255,604466
106996,hold,251244,279058,469699
107056,hold,238425,257780,503796
107116,hold,210741,218441,570818
107176,hold,292216,301656,406128
107236,short,394966,499050,105985
107296,long,490751,327868,181381
107356,long,358841,326252,314907
107416,long,353400,312923,333676
107476,long,355324,326531,318145
107536,long,493705,480675,25621
107596,long,498880,345955,155165
107656,long,384990,331610,283400
107716,short,307700,621544,70756
107776,long,493983,320964,185053
107836,long,361717,348045,290238
107896,long,429212,365375,205413
107956,long,468823,324014,207163
108016,hold,326752,282617,390630
108076,hold,245035,288848,466116
108136,hold,254290,287291,458419
108196,hold,270374,244048,485578
108256,hold,257395,255827,486778
108316,short,299870,367387,332743
108376,hold,317434,260153,422413
108436,hold,315914,293711,390374
108496,hold,313480,315277,371243
108556,hold,279701,248058,472241
108616,hold,261447,294281,444272
108676,hold,324439,264845,410716
108736,short,342071,425281,232648
108796,long,482323,312295,205382
108856,long,523363,429943,46694
108916,long,428435,308971,262594
108976,short,366117,376158,257725
109036,long,374688,283307,342005
109096,long,409522,333032,257446
109156,hold,311505,286948,401547
109216,hold,319368,280028,400605
109276,long,347644,263566,388790
109336,hold,324021,265875,410104
109396,hold,201502,226718,571781
109456,hold,244620,241292,514089
109516,short,345020,438635,216344
109576,long,423147,292538,284315
109636,hold,339118,312244,348638
109696,hold,259578,260063,480360
109756,hold,282889,239582,477529
109816,hold,332615,283855,383530
109876,long,446924,392101,160975
109936,hold,273214,271149,455637
109996,hold,219525,257968,522506
110056,short,359733,407557,232710
110116,hold,285430,277811,436759
110176,long,345811,311224,342965
110236,hold,290516,295613,413872
110296,long,530632,389311,80058
110356,long,446451,340666,212883
110416,long,498141,328944,172914
110476,long,421039,328176,250785
110536,long,426778,323654,249568
110596,hold,304027,277244,418729
110656,hold,289408,281497,429095
110716,hold,280558,233082,486360
110776,long,362947,281180,355873
110836,hold,291809,269563,438628
110896,hold,278537,269200,452263
110956,hold,322335,306922,370743
111016,hold,326627,292794,380579
111076,hold,285836,261274,452890
111136,hold,244397,271155,484448
111196,hold,213197,241580,545223
111256,hold,300116,275463,424421
111316,hold,250535,251780,497685
111376,hold,218248,240868,540884
111436,hold,195286,223568,581146
111496,hold,203806,241357,554837
111556,long,344929,332059,323012
111616,hold,283487,261107,455406
111676,hold,333166,302305,364529
111736,short,383797,401518,214685
111796,hold,281133,326245,392622
111856,short,275455,363917,360628
111916,hold,262991,294129,442879
111976,long,579827,394036,26137
112036,long,522565,428568,48867
112096,long,489636,307784,202579
112156,long,457548,306980,235472
112216,long,352271,276925,370804
112276,long,352462,320351,327187
112336,short,331806,350990,317205
112396,long,493602,348423,157975
112456,long,377653,343389,278958
112516,hold,216980,273719,509301
112576,hold,241253,242740,516006
112636,hold,247228,256574,496198
112696,hold,255825,249102,495073
112756,hold,279036,253118,467846
112816,hold,262679,249227,488094
112876,hold,176557,224574,598869
112936,short,319661,521531,158808
112996,long,434498,291159,274343
113056,hold,255827,248013,496160
113116,hold,277600,252307,470093
113176,long,438384,396971,164645
113236,long,506147,415019,78834
113296,long,558777,377751,63472
113356,long,509746,330305,159949
113416,long,367917,282720,349362
113476,long,379274,298552,322175
113536,hold,276526,238706,484768
113596,hold,206883,267111,526005
113656,hold,257897,267506,474597
113716,hold,322401,332867,344732
113776,hold,223185,252727,524088
113836,hold,239825,237969,522205
113896,hold,235942,250403,513654
113956,hold,302021,278579,419400
114016,hold,243033,226172,530795
114076,hold,249648,263678,486674
114136,hold,263685,279762,456553
114196,hold,308575,311121,380304
114256,long,342421,302464,355115
114316,hold,331252,276559,392189
114376,hold,226079,213966,559955
114436,hold,239818,249521,510660
114496,hold,315147,306282,378570
114556,long,407982,325261,266757
114616,long,479897,416868,103235
114676,short,306237,372545,321218
114736,long,433926,338391,227683
114796,hold,258414,270588,470998
114856,hold,284808,260818,454373
114916,hold,320113,259177,420710
114976,hold,295703,270394,433903
115036,hold,224582,210906,564512
115096,hold,272466,247880,479653
115156,hold,260665,233652,505683
115216,hold,207424,229317,563259
115276,hold,196821,228544,574635
115336,hold,218987,212551,568462
115396,hold,246395,222133,531472
115456,hold,231666,199355,568979
115516,hold,173135,188901,637963
115576,hold,187825,194099,618076
115636,hold,198376,217389,584235
115696,hold,209687,200878,589435
115756,hold,204788,200137,595075
115816,hold,220674,217629,561698
115876,hold,175234,207407,617359
115936,hold,218365,198633,583002
115996,hold,174313,186531,639157
116056,hold,286121,219386,494494
116116,hold,198987,206000,595013
116176,hold,203149,207937,588913
116236,hold,235715,220619,543666
116296,hold,223317,197996,578687
116356,hold,191314,222722,585965
116416,hold,233160,220254,546585
116476,hold,221517,217204,561280
116536,hold,191346,198317,610338
116596,hold,244690,231913,523397
116656,hold,262012,237202,500785
116716,hold,222276,202308,575416
116776,hold,164964,189322,645714
116836,hold,164147,184961,650892
116896,hold,249434,221050,529516
116956,hold,196481,192799,610721
117016,hold,177906,182345,639749
117076,hold,136127,167634,696240
117136,hold,170684,181130,648186
117196,hold,141495,171437,687068
117256,hold,143809,176968,679223
117316,hold,216802,224945,558254
117376,hold,253316,250217,496467
117436,hold,307431,229990,462580
117496,hold,258594,227591,513814
117556,hold,298355,244824,456820
117616,hold,299609,298161,402230
117676,hold,233816,239997,526187
117736,hold,309324,263132,427544
117796,hold,190622,210463,598916
117856,hold,170289,189742,639970
117916,hold,204268,229053,566679
117976,hold,316760,291929,391311
118036,hold,302240,236649,461112
118096,hold,319509,252448,428044
118156,long,460653,323334,216013
118216,hold,314473,263541,421986
118276,hold,316052,311405,372543
118336,hold,284129,279014,436857
118396,hold,300284,317471,382245
118456,hold,311254,291804,396942
118516,hold,291581,325630,382789
118576,hold,290204,266380,443415
118636,hold,202663,244216,553122
118696,hold,251901,234580,513519
118756,hold,209004,238670,552326
118816,hold,266517,270481,463002
118876,hold,278652,288275,433073
118936,short,338202,356640,305158
118996,long,478224,340017,181760
119056,short,321266,350252,328482
119116,long,397535,320051,282414
119176,hold,313817,249539,436643
119236,hold,327855,280935,391210
119296,hold,318128,286384,395489
119356,long,374368,281114,344518
119416,short,272375,342991,384634
119476,hold,313190,308783,378027
119536,hold,290253,289738,420009
119596,hold,238388,244685,516927
119656,long,354170,310019,335811
119716,hold,247593,304455,447952
119776,long,394428,335787,269785
119836,hold,253484,260038,486479
119896,hold,281298,249684,469018
119956,hold,292330,310246,397424
120016,hold,276519,297310,426171
120076,hold,244031,229379,526591
120136,hold,318984,277874,403142
120196,hold,248338,237423,514239
120256,hold,285102,272862,442036
120316,long,483212,329724,187064
120376,long,490292,337646,172061
120436,short,355522,358828,285650
120496,short,318801,344152,337048
120556,hold,293850,306506,399644
120616,short,338239,370694,291067
120676,hold,286705,258266,455029
120736,hold,326748,327122,346131
120796,hold,324430,271571,404000
120856,hold,291605,339820,368575
120916,long,397939,301597,300464
120976,hold,270088,246184,483728
121036,hold,263399,242829,493772
121096,hold,265623,304624,429753
121156,hold,267218,277840,454943
121216,hold,261879,255589,482532
121276,hold,216098,223858,560044
121336,hold,186142,211421,602437
121396,hold,221960,208107,569933
121456,hold,307131,265471,427398
121516,hold,246111,242185,511703
121576,hold,246785,217133,536082
121636,hold,237346,229580,533074
121696,hold,311662,281933,406405
121756,hold,279178,320816,400006
121816,long,477288,381833,140879
121876,long,418841,371774,209384
121936,long,371324,326422,302255
121996,long,355630,318978,325392
122056,long,418633,308938,272428
122116,short,351828,408989,239183
122176,hold,290321,302407,407272
122236,hold,316311,251404,432286
122296,long,357779,292322,349900
122356,hold,327177,266359,406463
122416,hold,255215,282151,462634
122476,hold,208229,255619,536151
122536,hold,329391,261854,408755
122596,hold,274568,258639,466794
122656,hold,254508,243718,501774
122716,hold,230228,215824,553947
122776,hold,307835,228987,463178
122836,hold,232321,233197,534482
122896,hold,234571,247159,518271
122956,hold,212668,227249,560083
123016,hold,198223,237807,563971
123076,hold,247935,248359,503706
123136,long,355827,282901,361272
123196,hold,295911,316467,387623
123256,long,538829,323441,137730
123316,long,372326,315719,311955
123376,long,374607,302711,322682
123436,long,365706,285487,348807
123496,long,352872,254642,392486
123556,hold,315161,258455,426383
123616,hold,295248,273646,431106
123676,hold,262705,230178,507117
123736,hold,291127,263874,444999
123796,hold,223058,254369,522573
123856,hold,282970,248952,468077
123916,hold,192005,249147,558848
123976,hold,277449,238078,484472
124036,short,300427,349129,350444
124096,hold,256945,259778,483278
124156,long,383999,344235,271766
124216,long,359507,286573,353920
124276,long,343168,303412,353420
124336,long,372446,325416,302138
124396,hold,259331,290623,450046
124456,hold,271115,290733,438152
124516,hold,244706,289633,465661
124576,hold,315792,273627,410580
124636,long,412187,317842,269971
124696,short,447390,473268,79342
124756,long,443609,402620,153771
124816,short,349370,400268,250363
124876,short,349002,381166,269832
124936,long,364403,317491,318106
124996,long,341468,308702,349829
125056,hold,338185,276257,385558
125116,hold,252460,243880,503660
125176,hold,248332,252423,499245
125236,hold,218519,248254,533227
125296,hold,196271,234624,569105
125356,hold,290200,268996,440805
125416,hold,285818,258615,455567
125476,long,408851,318868,272280
125536,hold,215828,227520,556653
125596,hold,230244,240622,529135
125656,hold,242468,250135,507396
125716,hold,279412,238783,481805
125776,hold,288958,250765,460277
125836,hold,196150,225504,578346
125896,long,390705,276893,332402
125956,long,407053,336995,255952
126016,long,514822,302771,182407
126076,hold,261127,246757,492116
126136,hold,314190,261898,423912
126196,hold,256063,259168,484770
126256,hold,304842,274996,420162
126316,short,339377,580353,80270
126376,long,400414,302538,297048
126436,long,340760,333320,325920
126496,hold,284654,283749,431597
126556,hold,215213,227176,557610
126616,hold,272481,247829,479690
126676,hold,233505,225904,540591
126736,hold,287238,243061,469700
126796,hold,319652,291847,388502
126856,hold,250935,253691,495374
126916,hold,256819,270730,472452
126976,hold,297255,244447,458299
127036,hold,272505,242391,485104
127096,hold,184824,223512,591663
127156,hold,246248,237179,516573
127216,hold,248760,221267,529972
127276,hold,191237,227016,581747
127336,hold,179045,221580,599374
127396,long,343882,274178,381940
127456,hold,307630,269799,422570
127516,hold,289636,241052,469312
127576,long,343961,301089,354950
127636,hold,274687,234842,490470
127696,hold,267655,250080,482265
127756,long,379431,302248,318321
127816,hold,281375,274740,443885
127876,hold,230938,282922,486140
127936,hold,300791,237667,461542
127996,hold,288560,262895,448546
128056,long,520978,336044,142978
128116,long,377087,330980,291933
128176,long,381046,356671,262283
128236,long,463051,330421,206528
128296,long,474725,327252,198023
128356,long,341953,323388,334659
128416,hold,296471,283377,420152
128476,hold,324339,293436,382225
128536,hold,242750,265602,491648
128596,hold,318172,298148,383680
128656,hold,274902,273139,451960
128716,long,359151,353772,287078
128776,long,399560,309437,291003
128836,hold,242955,265571,491473
128896,hold,275846,282300,441854
128956,long,409347,317629,273024
129016,long,585064,393347,21589
129076,long,519361,359548,121091
129136,long,398681,360886,240433
129196,long,367215,343736,289048
129256,long,401330,371536,227135
129316,hold,319093,307111,373795
129376,long,453798,323379,222823
129436,hold,320109,270191,409701
129496,short,320362,398496,281142
129556,long,438462,431842,129696
129616,hold,303954,331520,364526
129676,hold,323169,265954,410877
129736,hold,294092,239772,466135
129796,hold,301327,244958,453715
129856,hold,271313,269434,459253
129916,hold,260170,213509,526320
129976,hold,298200,260203,441597
130036,hold,223981,218584,557435
130096,long,359825,274978,365197
130156,hold,282636,301067,416296
130216,hold,298555,291488,409957
130276,long,377131,282867,340002
130336,hold,320124,286434,393443
130396,long,368368,349807,281825
130456,short,448351,502855,48795
130516,long,427965,377292,194742
130576,long,389079,355946,254975
130636,long,405665,287176,307159
130696,long,347748,322738,329514
130756,hold,323451,277560,398989
130816,long,454922,289214,255864
130876,hold,215659,229241,555100
130936,hold,287222,289056,423721
130996,long,398990,264604,336406
131056,long,355316,296419,348265
131116,long,347394,312040,340566
131176,long,366462,360238,273300
131236,hold,325505,292817,381678
131296,hold,319039,270443,410519
131356,hold,238806,306562,454632
131416,hold,260172,309254,430574
131476,hold,264035,261323,474641
131536,hold,299033,286240,414727
131596,short,394135,440033,165833
131656,hold,294599,273245,432156
131716,hold,338246,273650,388105
131776,long,392903,307942,299154
131836,hold,278611,294717,426672
131896,long,552247,397734,50020
131956,long,446102,407687,146212
132016,long,457408,345659,196933
132076,short,378313,422222,199465
132136,long,496090,318916,184994
132196,hold,339958,286542,373500
132256,short,283524,716329,147
132316,long,749661,249462,876
132376,short,442867,546928,10204
132436,long,601319,356581,42100
132496,long,514730,349902,135368
132556,long,428494,292692,278814
132616,hold,307946,307460,384594
132676,hold,338457,315147,346395
132736,hold,274873,257360,467767
132796,hold,269203,252617,478181
132856,hold,245346,261259,493394
132916,long,359589,298057,342353
132976,hold,318203,278172,403624
133036,hold,301055,276500,422444
133096,long,352712,317735,329553
133156,long,397864,299175,302960
133216,long,432207,400463,167330
133276,long,503753,387582,108665
133336,long,559801,407516,32684
133396,long,577987,364344,57670
133456,long,414078,385850,200072
133516,long,444485,330658,224857
133576,long,369609,320914,309477
133636,long,365825,353176,280999
133696,long,374449,290358,335192
133756,hold,279851,290159,429990
133816,hold,322976,250558,426466
133876,long,343779,299153,357068
133936,hold,267758,290009,442232
133996,long,370579,293985,335436
134056,long,433911,301691,264398
134116,hold,318742,302238,379020
134176,hold,317148,287488,395364
134236,hold,268584,251329,480087
134296,hold,216153,215775,568072
134356,long,366412,348857,284730
134416,hold,331358,303241,365400
134476,long,362013,283802,354185
134536,short,364480,533749,101771
134596,long,514348,448764,36888
134656,long,486142,391561,122297
134716,long,458226,363558,178216
134776,long,576672,403497,19831
134836,long,591976,372433,35591
134896,long,650224,320506,29270
134956,long,465538,383666,150796
135016,long,397775,394283,207942
135076,long,496982,336025,166993
135136,long,387069,333738,279193
135196,hold,294821,268113,437066
135256,hold,314040,319505,366455
135316,hold,238467,271217,490316
135376,hold,317130,242043,440827
135436,long,351596,269380,379024
135496,hold,314257,288937,396806
135556,hold,288731,274535,436733
135616,hold,268577,234683,496740
135676,hold,218563,215313,566124
135736,hold,258690,228466,512844
135796,hold,238345,250531,511125
135856,hold,177968,233209,588822
135916,hold,295487,253569,450944
135976,hold,246392,260327,493281
136036,hold,211794,252740,535466
136096,hold,293395,228133,478472
136156,short,296103,344378,359519
136216,long,372100,323264,304636
136276,hold,284578,258936,456487
136336,hold,336838,250517,412646
136396,hold,302976,247767,449257
136456,hold,288405,280854,430741
136516,hold,230641,247151,522208
136576,hold,250284,225979,523737
136636,hold,320839,279089,400071
136696,hold,285499,261144,453357
136756,hold,195082,210902,594016
136816,hold,279155,245740,475105
136876,hold,219899,217910,562191
136936,hold,249923,255903,494174
136996,hold,234519,215907,549574
137056,hold,218672,232767,548561
137116,hold,146735,196521,656744
137176,hold,166932,188798,644270
137236,hold,248587,247240,504172
137296,hold,230869,260422,508710
137356,hold,200835,221101,578064
137416,hold,270430,256304,473266
137476,hold,222204,258279,519517
137536,hold,199033,241363,559604
137596,hold,292336,284309,423356
137656,long,395061,349321,255618
137716,long,359443,302407,338151
137776,hold,258204,261834,479962
137836,short,357270,396812,245918
137896,long,530063,446373,23564
137956,long,750482,242550,6968
138016,long,516466,375795,107739
138076,long,765419,223067,11514
138136,long,581106,395581,23312
138196,long,589200,395784,15016
138256,long,569557,422380,8062
138316,long,539053,399171,61776
138376,long,439371,332983,227647
138436,long,460871,409067,130061
138496,long,574798,393045,32157
138556,long,559517,374296,66187
138616,long,503998,379013,116989
138676,long,662603,331558,5839
138736,long,546209,375931,77860
138796,long,475797,411326,112876
138856,long,559030,361807,79163
138916,long,496235,373155,130609
138976,long,516625,361203,122172
139036,long,550241,397363,52396
139096,short,276659,723331,10
139156,long,606633,393365,2
139216,long,605783,369002,25216
139276,long,659296,324015,16689
139336,long,539110,397496,63394
139396,long,574339,381778,43884
139456,long,543223,350906,105871
139516,long,373406,246014,380580
139576,long,357330,278836,363834
139636,short,323852,424029,252119
139696,long,414288,297724,287988
139756,long,516582,387672,95746
139816,long,355863,327742,316395
139876,long,402853,361722,235425
139936,long,356815,301318,341867
139996,long,341358,340191,318452
140056,long,340159,337154,322688
140116,long,378434,272693,348873
140176,short,355387,386984,257629
140236,hold,321173,335768,343058
140296,hold,322428,301648,375924
140356,short,350297,401397,248306
140416,short,313415,376261,310324
140476,short,383149,501402,115449
140536,long,561067,361933,77000
140596,long,519948,440956,39096
140656,short,389952,429450,180598
140716,long,524917,451687,23396
140776,long,514278,380621,105102
140836,long,472548,442607,84845
140896,long,548702,315178,136120
140956,long,392219,283784,323997
141016,long,474668,339954,185378
141076,long,551569,325915,122516
141136,long,552203,388116,59682
141196,short,327362,659097,13540
141256,long,567703,331793,100504
141316,long,546189,366980,86831
141376,long,675064,309102,15834
141436,long,549012,334145,116842
141496,long,441624,423150,135226
141556,long,594141,361843,44016
141616,long,396678,364610,238711
141676,hold,335441,302877,361682
141736,long,368041,342115,289844
141796,long,583169,403335,13496
141856,long,576830,353848,69323
141916,long,471292,329553,199156
141976,long,523229,450770,26001
142036,long,595614,335065,69321
142096,long,516513,318153,165335
142156,long,516328,338489,145183
142216,long,621091,375357,3552
142276,long,673238,301338,25424
142336,hold,328395,321967,349637
142396,long,416031,385733,198236
142456,long,497210,370238,132552
142516,short,308800,358270,332931
142576,long,365508,343996,290496
142636,long,379513,373659,246828
142696,long,342305,269546,388149
142756,short,340624,470607,188769
142816,hold,287546,283671,428784
142876,hold,256124,249415,494462
142936,hold,294946,277827,427227
142996,hold,268100,294566,437334
143056,long,434817,318306,246876
143116,long,349133,284461,366406
143176,hold,288689,278816,432495
143236,hold,330388,323911,345701
143296,long,348095,327784,324121
143356,long,451459,367864,180678
143416,long,660173,320907,18920
143476,short,392524,545462,62014
143536,long,603788,384736,11476
143596,long,505495,449222,45282
143656,short,395201,409786,195013
143716,long,445665,394189,160147
143776,long,433439,352065,214497
143836,hold,297867,322598,379536
143896,long,389591,271381,339028
143956,hold,297180,334097,368723
144016,short,342344,350356,307301
144076,long,443100,299567,257333
144136,long,387113,304057,308830
144196,long,344999,298791,356210
144256,long,373610,289132,337258
144316,hold,278856,289560,431584
144376,hold,273759,305711,420529
144436,hold,316212,274875,408913
144496,long,435292,371359,193350
144556,long,392096,301647,306257
144616,hold,331833,311974,356193
144676,hold,277599,334412,387989
144736,long,425024,355414,219562
144796,short,337755,348130,314115
144856,long,548325,384016,67659
144916,long,544223,372869,82908
144976,short,328569,352601,318829
145036,long,390984,309296,299720
145096,long,448375,340207,211418
145156,long,412529,350899,236572
145216,hold,317843,298082,384075
145276,hold,238927,226619,534453
145336,hold,331293,327449,341259
145396,hold,203933,254531,541536
145456,hold,298344,295222,406433
145516,hold,263913,260813,475274
145576,hold,262933,252320,484747
145636,hold,325738,300687,373575
145696,hold,305126,254959,439915
145756,long,360202,270770,369028
145816,hold,299422,274799,425779
145876,long,359823,285619,354558
145936,hold,328426,327761,343813
145996,hold,246765,276924,476311
146056,hold,215377,232461,552162
146116,hold,247051,212323,540626
146176,hold,239575,225524,534901
146236,hold,307004,287330,405665
146296,short,400124,408605,191271
146356,long,464329,345664,190007
146416,long,380259,344693,275048
146476,hold,292860,314645,392496
146536,hold,282070,232402,485528
146596,hold,233605,265355,501040
146656,hold,333273,283022,383705
146716,hold,329925,319705,350369
146776,long,350421,264333,385245
146836,hold,247920,269979,482102
146896,hold,299902,248603,451496
146956,hold,277824,265075,457102
147016,long,383016,331247,285737
147076,long,378876,280228,340896
147136,short,374778,385067,240155
147196,short,353195,364875,281929
147256,long,353801,291268,354932
147316,hold,302013,242548,455439
147376,hold,312646,285920,401434
147436,hold,217505,249739,532756
147496,hold,265411,275497,459093
147556,hold,261153,280024,458823
147616,long,380511,302546,316943
147676,long,377442,299740,322819
147736,long,470995,352301,176703
147796,long,379846,297367,322787
147856,long,419197,318457,262346
147916,hold,331999,307529,360472
147976,hold,330627,333253,336120
148036,long,365413,303097,331490
148096,long,667535,274539,57926
148156,long,606402,318937,74661
148216,long,529367,310974,159659
148276,long,399652,301002,299346
148336,long,438352,326314,235334
148396,long,459471,313701,226828
148456,long,435457,302441,262102
148516,long,419822,402111,178066
148576,long,353409,291453,355138
148636,hold,264792,277804,457403
148696,long,379718,303274,317008
148756,short,355786,452807,191407
148816,hold,256619,280185,463197
148876,hold,269104,242785,488111
148936,hold,313285,290105,396609
148996,long,366296,281809,351895
149056,hold,263922,295543,440535
149116,hold,331217,259293,409491
149176,long,550482,375707,73812
149236,long,494032,440283,65685
149296,long,537332,362355,100313
149356,long,381666,330117,288217
149416,hold,313537,338005,348457
149476,hold,301561,289969,408471
149536,hold,314527,279329,406143
149596,long,378982,247217,373801
149656,hold,318598,323941,357462
149716,hold,325046,255955,418999
149776,short,322537,347954,329510
149836,hold,280515,275565,443919
149896,hold,300875,257729,441396
149956,hold,287254,254774,457973
150016,hold,264382,243478,492140
150076,hold,273896,244936,481169
150136,hold,268845,272606,458549
150196,hold,318950,268188,412861
150256,hold,254389,249051,496560
150316,long,346479,283347,370174
150376,hold,322262,316778,360960
150436,hold,309525,302835,387640
150496,hold,293847,256646,449507
150556,hold,290361,305106,404533
150616,long,473989,382727,143284
150676,long,551546,303338,145116
150736,long,393962,314268,291770
150796,long,361010,270363,368627
150856,short,412312,445242,142446
150916,hold,324050,309982,365968
150976,long,359185,264800,376015
151036,long,380378,307544,312078
151096,long,364719,325151,310131
151156,long,354488,272709,372802
151216,hold,316666,330263,353071
151276,long,354379,315408,330213
151336,hold,318433,281051,400516
151396,hold,263212,242835,493952
151456,hold,288380,284300,427320
151516,hold,272546,252594,474861
151576,long,436190,277091,286719
151636,hold,259018,269073,471910
151696,hold,333526,295423,371051
151756,long,396979,301159,301862
151816,long,347171,254330,398500
151876,hold,292957,272764,434279
151936,hold,281031,255776,463193
151996,hold,277140,263170,459690
152056,long,343774,329082,327143
152116,long,385082,340873,274046
152176,long,345784,304098,350118
152236,hold,323874,301679,374447
152296,long,607713,371356,20931
152356,long,481267,291913,226820
152416,long,344892,284510,370599
152476,hold,338633,275666,385701
152536,hold,274448,271032,454520
152596,hold,238359,256895,504745
152656,hold,293409,264558,442033
152716,hold,311776,254716,433508
152776,hold,266902,307147,425951
152836,hold,265988,233537,500475
152896,hold,242017,245131,512852
152956,hold,207073,213066,579860
153016,hold,224711,223112,552176
153076,hold,234541,231010,534449
153136,hold,249003,268972,482025
153196,hold,307706,283321,408972
153256,hold,229308,307977,462714
153316,hold,197271,233133,569596
153376,hold,266285,232791,500925
153436,hold,252949,266021,481030
153496,long,377219,318310,304471
153556,short,356358,384148,259494
153616,short,338331,351750,309919
153676,hold,305279,279601,415121
153736,long,350111,299472,350416
153796,hold,321885,319620,358495
153856,hold,287321,268730,443949
153916,hold,234705,243846,521449
153976,hold,231194,223242,545564
154036,hold,296473,240312,463215
154096,hold,187583,221248,591170
154156,hold,292485,244156,463360
154216,hold,212209,235163,552627
154276,hold,219056,209414,571530
154336,hold,212906,259626,527468
154396,hold,208115,218077,573808
154456,hold,222904,220877,556219
154516,hold,259789,235721,504490
154576,hold,247555,223244,529201
154636,hold,207276,230580,562144
154696,hold,221481,214310,564210
154756,hold,225430,207485,567086
154816,hold,153209,192724,654067
154876,hold,170812,203238,625951
154936,hold,225609,225625,548767
154996,hold,230991,236444,532566
155056,hold,221892,221775,556333
155116,hold,250276,214272,535452
155176,hold,219543,208825,571632
155236,hold,170361,198371,631269
155296,hold,251470,212655,535875
155356,hold,252605,219740,527655
155416,hold,218445,209105,572450
155476,hold,236693,266990,496317
155536,hold,196699,201169,602132
155596,hold,200580,190596,608823
155656,hold,267912,264122,467967
155716,hold,200452,222181,577366
155776,hold,189631,205301,605068
155836,hold,190475,208040,601485
155896,hold,202481,217536,579982
155956,hold,220033,196693,583275
156016,hold,178134,200409,621457
156076,hold,187815,202800,609386
156136,hold,199199,232557,568244
156196,hold,172588,210346,617067
156256,hold,192909,194700,612391
156316,hold,233703,229572,536725
156376,hold,197339,212844,589817
156436,hold,222320,242330,535351
156496,hold,242229,250507,507264
156556,hold,329640,247931,422429
156616,hold,252472,236409,511120
156676,hold,207440,224905,567656
156736,hold,186250,194514,619236
156796,hold,219543,190580,589877
156856,hold,159550,186139,654311
156916,hold,168731,204880,626389
156976,hold,242614,214512,542874
157036,hold,238341,214871,546788
157096,hold,186636,195618,617745
157156,hold,160010,183836,656154
157216,hold,177052,195351,627597
157276,hold,174045,195883,630072
157336,hold,170855,194758,634387
157396,hold,285314,264336,450350
157456,hold,287308,230512,482179
157516,hold,177414,205267,617319
157576,hold,211394,238333,550273
157636,long,353715,309376,336909
157696,hold,262770,249519,487712
157756,hold,211211,272656,516133
157816,hold,255195,260887,483918
157876,hold,246374,226144,527482
157936,hold,277167,229828,493005
157996,hold,199502,212382,588116
158056,hold,187301,192574,620125
158116,hold,184619,207057,608325
158176,hold,238566,236802,524632
158236,hold,289625,273209,437166
158296,hold,312822,245140,442037
158356,hold,256130,237505,506365
158416,hold,303401,304195,392404
158476,long,473076,343336,183588
158536,long,396081,300367,303552
158596,hold,256129,278511,465360
158656,hold,232693,278900,488406
158716,hold,203684,230533,565783
158776,hold,258545,258212,483243
158836,hold,214061,242074,543865
158896,hold,185160,223882,590958
158956,hold,217734,264821,517445
159016,hold,207278,225750,566972
159076,hold,287019,335376,377605
159136,hold,318900,321321,359779
159196,long,393099,302623,304278
159256,long,438992,352527,208481
159316,long,440644,369271,190085
159376,hold,337293,307906,354801
159436,long,504147,412015,83838
159496,long,450666,295866,253468
159556,hold,327671,266110,406219
159616,hold,207956,267818,524225
159676,hold,243330,222444,534226
159736,hold,316276,255573,428151
159796,hold,244270,219564,536166
159856,hold,260518,255601,483881
159916,long,534423,342051,123526
159976,long,356515,332806,310679
160036,long,356239,341824,301937
160096,hold,199766,258028,542207
160156,hold,221852,256060,522088
160216,hold,249200,270441,480359
160276,hold,194928,218319,586754
160336,hold,219002,242180,538818
160396,hold,251091,261724,487185
160456,hold,214664,236557,548779
160516,hold,239383,240386,520230
160576,hold,212016,236587,551397
160636,long,480097,400736,119167
160696,long,484250,372322,143428
160756,short,370435,394805,234760
160816,short,386792,422230,190977
160876,short,295597,355596,348806
160936,hold,336442,309359,354199
160996,hold,235963,277962,486075
161056,long,355269,326253,318477
161116,hold,293267,263538,443195
161176,long,772429,219359,8212
161236,long,362056,306186,331758
161296,long,506561,335138,158300
161356,long,411254,364689,224057
161416,long,434242,285180,280578
161476,hold,254002,268304,477694
161536,hold,196746,220772,582482
161596,hold,262854,309467,427679
161656,hold,259166,253663,487171
161716,hold,252511,265591,481897
161776,short,392885,416486,190628
161836,hold,305053,255426,439522
161896,short,361101,402959,235940
161956,hold,227960,235323,536717
162016,short,316037,352580,331383
162076,hold,289847,274261,435892
162136,long,712523,272434,15044
162196,short,461270,486522,52208
162256,long,395465,352201,252334
162316,hold,282818,297249,419933
162376,hold,316013,308254,375734
162436,hold,326635,331728,341638
162496,hold,332473,277125,390402
162556,hold,336543,254311,409146
162616,long,409008,311060,279932
162676,hold,231772,246189,522039
162736,hold,253416,326265,420319
162796,hold,275338,312537,412126
162856,hold,311979,241611,446410
162916,hold,285282,277736,436982
162976,long,464784,365659,169557
163036,hold,246358,221249,532393
163096,hold,304254,304046,391699
163156,long,357864,281295,360841
163216,hold,294491,289280,416229
163276,long,380656,277453,341892
163336,hold,283033,248604,468363
163396,hold,222882,256086,521032
163456,hold,327298,246640,426062
163516,hold,275259,271418,453323
163576,long,412728,386314,200959
163636,long,355200,346156,298644
163696,hold,287573,248953,463473
163756,short,299566,410886,289548
163816,long,368864,279162,351973
163876,hold,231748,270799,497453
163936,hold,211033,274397,514570
163996,hold,191142,203501,605357
164056,hold,313818,261915,424266
164116,hold,218768,210918,570314
164176,hold,309418,289721,400861
164236,short,299856,368169,331976
164296,short,320991,343039,335970
164356,long,407002,286226,306772
164416,hold,269249,256207,474545
164476,hold,304880,254039,441081
164536,hold,315011,286880,398108
164596,hold,201297,241703,557000
164656,hold,257654,250242,492103
164716,hold,219194,244818,535988
164776,hold,222495,244185,533320
164836,long,377932,280680,341388
164896,short,345505,453850,200645
164956,long,384850,331533,283618
165016,short,403081,562097,34822
165076,long,497522,385483,116995
165136,short,310324,356229,333447
165196,hold,258371,255744,485885
165256,long,422331,316012,261658
165316,hold,239696,269137,491167
165376,hold,259857,253687,486456
165436,hold,262918,234420,502662
165496,hold,337197,280041,382761
165556,hold,170497,242077,587427
165616,hold,301890,266831,431278
165676,hold,216839,239066,544095
165736,hold,205655,236623,557722
165796,hold,213447,238645,547908
165856,hold,200929,234471,564600
165916,hold,236482,234660,528858
165976,hold,245639,220869,533492
166036,hold,271108,222951,505942
166096,hold,276448,242466,481087
166156,hold,283079,282219,434701
166216,hold,230466,234933,534601
166276,hold,238851,234444,526704
166336,hold,317745,249438,432817
166396,hold,237105,242200,520695
166456,long,353405,323206,323389
166516,hold,240202,219730,540069
166576,hold,259137,224176,516686
166636,hold,229325,242461,528214
166696,hold,163880,197800,638320
166756,hold,243398,215218,541384
166816,hold,155775,201021,643204
166876,hold,209198,209490,581312
166936,hold,264789,250551,484660
166996,hold,188871,237149,573980
167056,hold,250118,222510,527372
167116,long,370342,328918,300740
167176,long,454087,306812,239101
167236,hold,186046,211356,602598
167296,hold,283008,232893,484099
167356,hold,264896,245375,489729
167416,hold,266589,247370,486041
167476,hold,274099,233835,492066
167536,hold,251902,245009,503089
167596,hold,207620,211507,580872
167656,hold,195726,205916,598358
167716,hold,232194,227839,539967
167776,hold,205823,233573,560603
167836,hold,311647,267978,420375
167896,hold,237670,253987,508342
167956,hold,269278,248063,482659
168016,hold,273991,255091,470917
168076,long,346781,258117,395102
168136,hold,264647,231373,503980
168196,hold,216362,208559,575080
168256,hold,248733,223685,527581
168316,hold,196025,229266,574708
168376,hold,250443,288324,461233
168436,hold,300777,306901,392322
168496,long,356857,341355,301788
168556,short,355251,367774,276975
168616,long,361268,318281,320450
168676,long,346197,258775,395028
168736,hold,292715,265012,442273
168796,hold,244977,249518,505505
168856,hold,252887,272869,474244
168916,hold,185676,231469,582855
168976,hold,248863,243875,507262
169036,hold,247938,261432,490630
169096,hold,201406,245011,553583
169156,hold,281064,271794,447141
169216,hold,320388,297879,381733
169276,hold,304689,280686,414625
169336,long,459283,334543,206174
169396,long,431337,323731,244932
169456,long,429174,336733,234093
169516,hold,258149,258181,483670
169576,hold,234273,247631,518096
169636,hold,318591,249564,431845
169696,hold,207023,233248,559728
169756,hold,200890,227195,571915
169816,hold,186831,202377,610792
169876,hold,245018,241859,513124
169936,hold,239946,271587,488467
169996,short,349557,489898,160545
170056,long,371604,288466,339930
170116,long,343637,305087,351276
170176,hold,248745,226418,524837
170236,hold,280856,291685,427458
170296,hold,219728,204262,576010
170356,hold,224026,220841,555133
170416,hold,196562,213921,589518
170476,hold,234978,250551,514471
170536,hold,237915,228135,533949
170596,hold,318393,276358,405249
170656,hold,215797,256389,527814
170716,short,297304,354716,347980
170776,short,355284,363894,280822
170836,hold,251252,257122,491626
170896,hold,302995,258728,438277
170956,long,377910,292559,329531
171016,long,351979,273355,374666
171076,hold,267145,266290,466565
171136,hold,229472,282384,488144
171196,short,307524,405351,287126
171256,long,400135,341417,258448
171316,long,370255,365612,264134
171376,hold,256749,239764,503487
171436,hold,235845,248405,515750
171496,hold,274125,239045,486831
171556,hold,283077,249294,467629
171616,hold,317453,249481,433066
171676,hold,280208,261450,458342
171736,hold,246371,217542,536086
171796,hold,281201,233200,485598
171856,hold,293202,241208,465591
171916,hold,196797,227009,576194
171976,hold,204604,198796,596600
172036,hold,195218,235510,569271
172096,hold,249981,257580,492439
172156,long,418975,387984,193041
172216,long,564100,342016,93884
172276,long,396668,290050,313283
172336,long,341401,328373,330226
172396,hold,303064,259475,437461
172456,hold,309978,270378,419644
172516,hold,262525,277238,460237
172576,hold,331638,329167,339195
172636,hold,250975,248444,500580
172696,hold,290797,302246,406957
172756,long,377082,269280,353637
172816,hold,252471,239708,507821
172876,hold,184116,212827,603056
172936,hold,222227,243654,534119
172996,hold,264783,314174,421043
173056,hold,232903,239373,527723
173116,hold,222595,207701,569704
173176,hold,197930,214334,587735
173236,hold,239305,214553,546142
173296,hold,214073,206999,578928
173356,hold,185405,190709,623886
173416,hold,272238,234480,493281
173476,hold,279586,286971,433443
173536,hold,277331,263388,459281
173596,hold,292042,271392,436566
173656,long,495117,347922,156961
173716,short,361788,499321,138891
173776,long,374280,355880,269839
173836,hold,258235,249762,492003
173896,hold,334607,293852,371541
173956,long,362608,331512,305880
174016,long,356349,258005,385646
174076,hold,316886,258292,424822
174136,hold,324631,255096,420273
174196,hold,306671,250200,443129
174256,hold,239366,238594,522040
174316,hold,275358,282190,442451
174376,hold,286327,268854,444819
174436,hold,242622,274973,482405
174496,hold,190443,220440,589116
174556,hold,203944,240235,555820
174616,hold,249403,234334,516263
174676,hold,275995,297512,426492
174736,hold,251218,251604,497178
174796,hold,231931,227112,540957
174856,hold,248878,232831,518292
174916,hold,204465,209706,585829
174976,hold,204232,232819,562949
175036,hold,298710,338213,363078
175096,short,316288,358254,325458
175156,hold,297429,315713,386859
175216,long,405602,322715,271683
175276,hold,315766,307761,376473
175336,hold,231217,221846,546937
175396,hold,303866,270643,425490
175456,hold,266587,270770,462643
175516,hold,212070,197830,590100
175576,hold,291828,273527,434646
175636,hold,248116,244535,507349
175696,hold,144813,194075,661113
175756,hold,194607,241010,564383
175816,hold,210229,220057,569714
175876,hold,199137,209392,591471
175936,hold,253636,214931,531434
175996,hold,198863,214816,586321
176056,hold,179228,217082,603690
176116,hold,232111,214005,553884
176176,hold,212782,222576,564642
176236,hold,208088,215095,576817
176296,hold,195716,217847,586437
176356,hold,279140,235563,485298
176416,hold,241444,226524,532032
176476,hold,199983,198057,601960
176536,hold,148575,199595,651830
176596,hold,176156,208855,614989
176656,hold,170996,198929,630076
176716,hold,259335,259921,480745
176776,hold,243518,203111,553371
176836,hold,236088,211133,552779
176896,hold,159946,197141,642913
176956,hold,165761,183772,650467
177016,hold,249114,222136,528750
177076,hold,158808,195792,645400
177136,long,348651,252316,399033
177196,hold,305987,247190,446824
177256,hold,325379,274707,399914
177316,hold,307583,249268,443149
177376,hold,305082,243039,451879
177436,hold,234406,224432,541162
177496,hold,269919,237105,492976
177556,hold,285538,223058,491405
177616,hold,249964,262952,487083
177676,hold,286385,266539,447076
177736,hold,238455,250399,511147
177796,hold,295157,249022,455820
177856,hold,294277,228229,477494
177916,hold,206614,216407,576978
177976,hold,233893,235185,530922
178036,hold,212949,222650,564402
178096,hold,215069,239873,545058
178156,hold,214802,209375,575823
178216,hold,219459,217055,563487
178276,hold,200223,200447,599331
178336,hold,186968,226798,586234
178396,hold,134677,180641,684682
178456,long,341776,331004,327220
178516,long,374275,329916,295809
178576,long,389876,279127,330997
178636,hold,308305,274572,417123
178696,long,495472,302026,202502
178756,hold,311362,254711,433927
178816,hold,313562,239003,447435
178876,hold,164429,236968,598603
178936,hold,214200,213277,572524
178996,hold,228320,252543,519137
179056,hold,195372,213901,590727
179116,hold,201898,235674,562428
179176,hold,191177,204363,604461
179236,hold,260243,229419,510338
179296,hold,301912,257996,440092
179356,hold,225292,256068,518639
179416,long,414114,399045,186842
179476,long,387236,333069,279695
179536,hold,291426,259987,448586
179596,hold,254945,262961,482094
179656,hold,242524,227329,530147
179716,hold,260367,244858,494774
179776,hold,302056,257625,440319
179836,hold,253917,237491,508593
179896,hold,254698,230853,514449
179956,hold,221306,233272,545421
180016,hold,274010,280299,445691
180076,hold,312994,242573,444433
180136,hold,321601,286631,391769
180196,hold,233546,234284,532170
180256,hold,201546,199464,598990
180316,hold,182457,208697,608846
180376,hold,188221,211033,600746
180436,hold,198142,232964,568893
180496,hold,207234,263348,529418
180556,hold,176488,209048,614464
180616,hold,197416,214208,588376
180676,hold,239853,243291,516856
180736,hold,260184,252205,487611
180796,hold,276045,260006,463950
180856,long,341815,321498,336687
180916,long,372168,263656,364176
180976,long,359055,344248,296697
181036,hold,318920,267994,413086
181096,hold,287158,255897,456945
181156,hold,244541,224822,530637
181216,hold,232687,238542,528771
181276,hold,197506,269176,533318
181336,long,346455,309673,343872
181396,hold,333473,290935,375592
181456,hold,289398,282518,428084
181516,hold,326583,294246,379171
181576,hold,330025,333360,336614
181636,hold,252799,271036,476165
181696,hold,244280,231896,523824
181756,hold,269936,283525,446539
181816,hold,234454,222427,543119
181876,hold,223200,225257,551542
181936,hold,171102,207536,621361
181996,hold,193515,208097,598388
182056,hold,245092,231108,523800
182116,hold,204278,200574,595147
182176,hold,208120,210021,581859
182236,hold,207114,229406,563480
182296,hold,304379,319427,376195
182356,hold,301761,293657,404582
182416,hold,290486,325844,383670
182476,hold,307257,242607,450136
182536,long,463776,376116,160108
182596,long,375122,331428,293449
182656,long,408274,286620,305106
182716,hold,208310,231460,560230
182776,hold,287278,271766,440956
182836,hold,253478,259098,487424
182896,hold,247701,256304,495995
182956,short,444438,463188,92374
183016,long,382850,280268,336882
183076,hold,289417,332989,377594
183136,hold,283801,269160,447040
183196,hold,269570,285835,444595
183256,hold,232253,223557,544190
183316,hold,190154,209311,600535
183376,hold,294173,283039,422788
183436,hold,190367,223279,586353
183496,hold,217515,219648,562837
183556,hold,240352,237724,521924
183616,hold,222658,237711,539631
183676,hold,243105,240718,516178
183736,short,301046,344027,354927
183796,hold,317151,291841,391008
183856,long,532767,321138,146095
183916,hold,288477,262423,449100
183976,hold,336661,300250,363089
184036,hold,264166,287098,448736
184096,short,335838,379446,284717
184156,long,497512,340096,162391
184216,long,609625,297829,92546
184276,hold,281990,279598,438412
184336,hold,268915,296715,434370
184396,long,380070,333609,286321
184456,hold,279586,294980,425434
184516,hold,289043,271935,439022
184576,hold,284232,250215,465553
184636,hold,236501,248479,515020
184696,hold,196672,221841,581487
184756,hold,234381,251169,514450
184816,short,355109,356085,288806
184876,short,450499,457922,91579
184936,long,365680,320852,313468
184996,hold,235135,247617,517248
185056,long,386749,305005,308246
185116,hold,260971,236450,502579
185176,long,346395,343921,309684
185236,long,469142,352415,178443
185296,long,372430,330912,296658
185356,long,343030,284673,372298
185416,hold,285235,256557,458208
185476,hold,257571,327336,415093
185536,hold,178588,222658,598753
185596,hold,229058,249077,521865
185656,hold,269153,227869,502978
185716,hold,275848,228907,495246
185776,hold,222688,235804,541508
185836,hold,263982,228088,507931
185896,hold,252941,208725,538334
185956,hold,183396,198690,617914
186016,hold,208902,230402,560696
186076,hold,198509,204816,596674
186136,hold,254432,250930,494638
186196,hold,230599,276140,493261
186256,hold,265756,260633,473611
186316,hold,328470,283734,387797
186376,hold,207359,229117,563523
186436,hold,271144,262986,465870
186496,hold,260449,230624,508927
186556,hold,215104,210877,574019
186616,hold,217260,226309,556431
186676,hold,250188,238690,511123
186736,hold,274919,232441,492641
186796,hold,191944,240633,567423
186856,hold,274805,251610,473585
186916,hold,188692,212383,598925
186976,hold,260027,209368,530605
187036,hold,277841,242114,480046
187096,hold,227273,243270,529457
187156,long,570299,371355,58345
187216,long,416553,397684,185763
187276,long,437479,294195,268326
187336,long,363300,298298,338402
187396,hold,327079,296888,376032
187456,hold,265668,248590,485742
187516,hold,228245,256831,514923
187576,hold,281585,253027,465388
187636,hold,281254,272913,445833
187696,long,374527,277536,347937
187756,long,380309,318073,301619
187816,hold,191266,250173,558561
187876,hold,205476,264922,529602
187936,hold,278734,312490,408776
187996,hold,268464,270938,460598
188056,long,419788,397468,182744
188116,hold,284618,270285,445097
188176,long,415372,372172,212456
188236,long,354974,279023,366003
188296,hold,309880,299369,390751
188356,hold,272203,258231,469567
188416,hold,318069,235113,446818
188476,hold,289858,264940,445202
188536,long,379365,312714,307921
188596,hold,313633,275546,410821
188656,hold,328394,259110,412496
188716,short,300746,400790,298464
188776,long,363249,357568,279184
188836,hold,319744,259200,421056
188896,hold,265438,231140,503422
188956,hold,246180,243760,510060
189016,hold,208073,235147,556781
189076,long,488263,388276,123461
189136,long,478110,365862,156028
189196,hold,230992,254082,514927
189256,hold,307786,282463,409751
189316,hold,255252,260520,484228
189376,long,371510,323758,304732
189436,hold,316545,271029,412426
189496,long,452054,375099,172847
189556,long,602996,354709,42295
189616,long,439806,312090,248103
189676,hold,249632,251466,498903
189736,long,572383,346563,81054
189796,long,562054,317759,120187
189856,long,433680,279577,286743
189916,hold,289473,302295,408232
189976,hold,320341,263392,416267
190036,hold,208003,223873,568124
190096,hold,280037,329576,390386
190156,long,457208,289253,253539
190216,short,355290,358729,285982
190276,long,379120,294424,326456
190336,long,347482,288686,363832
190396,hold,206528,247972,545500
190456,hold,257083,261606,481312
190516,hold,225226,240391,534383
190576,hold,305818,227508,466674
190636,hold,250035,227196,522769
190696,hold,234459,270767,494774
190756,hold,199321,233203,567476
190816,hold,233632,279635,486733
190876,long,403662,317111,279227
190936,short,377982,553285,68733
190996,long,347117,347110,305772
191056,long,419852,381608,198540
191116,long,364982,274041,360977
191176,hold,314454,307440,378106
191236,hold,252352,254073,493575
191296,hold,288057,270835,441108
191356,hold,330279,295852,373869
191416,hold,310747,297855,391399
191476,hold,327662,247588,424750
191536,hold,244641,249465,505894
191596,long,358914,289572,351513
191656,hold,321657,264220,414123
191716,hold,238176,248658,513166
191776,hold,248168,249072,502760
191836,hold,211478,210095,578427
191896,hold,208047,212184,579769
191956,hold,225239,255124,519638
192016,hold,285569,298983,415447
192076,long,391541,290332,318127
192136,hold,240913,221826,537261
192196,hold,299987,252951,447063
192256,hold,244900,236074,519027
192316,hold,321644,257894,420462
192376,short,401145,480276,118579
192436,long,402257,299373,298370
192496,hold,283324,263692,452985
192556,hold,321762,336100,342138
192616,hold,320968,296857,382175
192676,hold,297614,244523,457863
192736,hold,246586,233335,520079
192796,hold,259230,258621,482149
192856,hold,171201,198223,630575
192916,hold,233280,230711,536008
192976,hold,286026,241225,472749
193036,hold,209442,228494,562064
193096,short,301232,340169,358599
193156,hold,240822,252284,506895
193216,hold,295141,259004,445854
193276,hold,234269,237172,528559
193336,hold,330496,272308,397196
193396,hold,241155,278080,480765
193456,hold,327192,266806,406001
193516,hold,265066,265189,469746
193576,long,366307,267698,365995
193636,hold,333032,263070,403898
193696,hold,235270,260215,504515
193756,hold,292483,244640,462877
193816,long,510691,386914,102394
193876,long,454539,312551,232910
193936,hold,310404,288367,401229
193996,hold,276839,280693,442468
194056,hold,304041,289693,406266
194116,long,447868,319521,232611
194176,long,366483,336460,297056
194236,hold,332738,294313,372949
194296,long,391931,286550,321519
194356,hold,285373,295822,418805
194416,long,355070,283298,361632
194476,hold,278061,308469,413470
194536,hold,250412,230330,519258
194596,long,357904,259093,383002
194656,hold,224294,254034,521672
194716,hold,260630,251745,487624
194776,hold,279865,249333,470802
194836,hold,268304,234186,497510
194896,short,324971,374565,300464
194956,hold,253727,269024,477249
195016,hold,258401,244797,496802
195076,hold,210307,240853,548840
195136,hold,258575,275739,465685
195196,hold,208437,221013,570550
195256,long,390832,324319,284849
195316,hold,319256,315053,365691
195376,hold,273855,295179,430966
195436,hold,326335,273636,400029
195496,hold,276893,265807,457300
195556,hold,298212,272199,429589
195616,hold,205014,216537,578449
195676,hold,338705,319094,342201
195736,hold,261977,270872,467151
195796,hold,245005,253900,501094
195856,hold,320700,290678,388622
195916,hold,322306,296740,380954
195976,hold,294911,314687,390402
196036,hold,241824,241850,516327
196096,hold,216919,222562,560519
196156,hold,173434,202002,624564
196216,hold,229557,210188,560255
196276,hold,197152,199351,603497
196336,hold,168759,212520,618722
196396,hold,248679,280180,471141
196456,hold,270682,255791,473527
196516,hold,260146,236805,503049
196576,hold,241782,243612,514606
196636,hold,242974,224179,532847
196696,hold,305272,239954,454774
196756,hold,231323,246356,522321
196816,hold,212258,223741,564001
196876,hold,190955,207483,601562
196936,short,313733,396869,289398
196996,hold,255444,214953,529604
197056,hold,216589,229409,554002
197116,hold,272778,230609,496613
197176,hold,303984,282861,413155
197236,hold,231153,243353,525494
197296,hold,212299,212220,575481
197356,hold,214293,224290,561417
197416,hold,220845,210932,568223
197476,hold,174587,225516,599897
197536,hold,200209,201023,598768
197596,hold,172893,185103,642004
197656,hold,182643,200052,617305
197716,hold,255454,210457,534089
197776,hold,217255,281263,501483
197836,hold,209851,232975,557173
197896,hold,272083,237122,490795
197956,hold,188107,195701,616192
198016,hold,216939,218506,564555
198076,hold,170185,188410,641405
198136,hold,245371,267821,486808
198196,hold,314595,314427,370978
198256,hold,284969,324280,390751
198316,hold,334842,296890,368268
198376,long,508461,410022,81516
198436,long,377857,361767,260376
198496,long,498630,338525,162846
198556,hold,255045,250191,494764
198616,long,359633,330031,310336
198676,short,350504,422392,227104
198736,short,338499,451119,210382
198796,long,534342,369900,95758
198856,short,306558,446904,246538
198916,long,361192,360143,278665
198976,long,460299,424670,115032
199036,long,469702,412919,117379
199096,short,386023,389289,224689
199156,long,401190,323748,275062
199216,hold,295148,271927,432924
199276,long,354504,266595,378901
199336,hold,301932,279387,418681
199396,hold,279919,271365,448716
199456,hold,278376,321418,400207
199516,hold,271782,315039,413179
199576,long,347755,317475,334770
199636,hold,262975,267970,469055
199696,hold,304570,303672,391758
199756,short,292564,408795,298641
199816,hold,274191,321396,404413
199876,long,459868,293887,246245
199936,hold,244014,272364,483622
199996,hold,260333,244708,494959
200056,hold,251313,306568,442119
200116,hold,190714,217938,591347
200176,long,397238,340647,262115
200236,long,428277,352957,218767
200296,hold,326969,304542,368488
200356,hold,317057,295609,387334
200416,hold,283668,281916,434416
200476,hold,244339,231438,524223
200536,hold,245234,323130,431636
200596,hold,317804,312213,369983
200656,hold,321951,321009,357040
200716,hold,204639,223797,571564
200776,hold,193548,226265,580187
200836,hold,277379,290170,432451
200896,hold,210810,225750,563439
200956,hold,243766,260105,496129
201016,long,374331,344713,280956
201076,long,378628,261674,359698
201136,hold,283008,280384,436608
201196,short,361221,444982,193797
201256,hold,278962,281336,439701
201316,long,440584,310007,249410
201376,short,307632,348813,343556
201436,short,361271,413886,224844
201496,short,293368,359684,346948
201556,hold,312772,254046,433182
201616,long,363974,300834,335193
201676,long,350069,329707,320223
201736,long,372102,302984,324914
201796,hold,229653,231275,539072
201856,hold,252905,241847,505248
201916,long,378204,329432,292364
201976,hold,293232,275100,431668
202036,short,297145,448866,253988
202096,long,449790,342613,207597
202156,hold,261534,287245,451221
202216,hold,332428,326905,340667
202276,hold,283170,258118,458712
202336,hold,338215,243941,417844
202396,hold,247087,273582,479331
202456,short,323531,363411,313058
202516,short,425048,521095,53857
202576,long,424316,370694,204989
202636,short,440671,502039,57291
202696,long,695797,286194,18009
202756,long,521281,347468,131251
202816,short,359644,373733,266623
202876,hold,314836,301728,383436
202936,hold,275805,275305,448890
202996,long,385863,336933,277204
203056,long,495665,379453,124882
203116,short,389473,424342,186185
203176,short,381924,393611,224465
203236,long,360069,315002,324929
203296,short,374494,391223,234283
203356,long,375219,311196,313585
203416,long,389051,353417,257532
203476,long,417490,301600,280909
203536,hold,273404,267707,458889
203596,long,405679,395433,198888
203656,hold,219662,245788,534550
203716,hold,284008,303669,412323
203776,hold,326351,314743,358906
203836,hold,260720,295111,444170
203896,long,522314,402779,74907
203956,long,347573,343179,309248
204016,long,384149,304440,311411
204076,hold,309943,277970,412087
204136,long,340937,297551,361512
204196,long,354263,278904,366833
204256,long,402181,302886,294934
204316,long,357322,283229,359449
204376,hold,298920,278675,422405
204436,hold,240080,217030,542890
204496,hold,254531,282771,462697
204556,hold,337833,333843,328324
204616,hold,313853,277951,408196
204676,hold,248107,247785,504108
204736,hold,274221,304684,421095
204796,hold,292507,260969,446524
204856,hold,259646,334042,406312
204916,hold,276706,267834,455460
204976,hold,235312,251781,512907
205036,hold,233691,223132,543177
205096,hold,222389,302218,475393
205156,hold,211400,222684,565916
205216,short,308394,690874,732
205276,long,509039,371217,119744
205336,short,427733,448289,123978
205396,short,409597,432189,158215
205456,short,424759,526859,48382
205516,long,423033,313539,263428
205576,long,340269,311176,348555
205636,long,399450,308038,292512
205696,long,404771,299691,295538
205756,long,438891,304107,257001
205816,long,422302,318914,258784
205876,long,422706,324398,252896
205936,long,502898,350829,146273
205996,hold,318362,300098,381539
206056,long,383519,290764,325717
206116,hold,263629,260411,475960
206176,hold,171968,207226,620806
206236,hold,236381,289386,474233
206296,hold,211159,259316,529526
206356,hold,311755,256492,431752
206416,hold,291345,319606,389050
206476,hold,200971,227911,571119
206536,hold,227327,234911,537762
206596,hold,294563,310793,394644
206656,short,287920,381698,330382
206716,hold,292589,320139,387272
206776,hold,326097,263921,409982
206836,hold,259877,281446,458677
206896,hold,244453,273088,482458
206956,hold,285201,291291,423508
207016,hold,218931,234342,546727
207076,hold,248912,231971,519117
207136,hold,253420,234521,512059
207196,hold,273955,229811,496233
207256,hold,276256,232560,491184
207316,long,534321,337011,128668
207376,long,368182,306481,325337
207436,long,427564,407992,164443
207496,hold,339001,268608,392390
207556,hold,233241,224897,541863
207616,hold,165401,212771,621828
207676,hold,126442,186637,686921
207736,hold,232756,244300,522944
207796,hold,281807,266900,451293
207856,hold,302715,288800,408486
207916,long,383963,363644,252394
207976,hold,327197,259490,413313
208036,hold,301678,283928,414394
208096,hold,307811,286058,406131
208156,hold,217326,242937,539736
208216,hold,222849,246885,530266
208276,hold,326623,264191,409187
208336,long,362399,321033,316568
208396,hold,256178,299991,443831
208456,hold,237881,209776,552342
208516,hold,212294,211993,575713
208576,hold,206985,246054,546962
208636,hold,225762,216785,557453
208696,short,425946,530201,43853
208756,hold,278964,315097,405940
208816,hold,299527,266409,434064
208876,hold,331055,301392,367553
208936,hold,256253,284234,459513
208996,hold,264186,241147,494667
209056,hold,186536,255060,558404
209116,hold,193167,221003,585830
209176,hold,198754,233354,567891
209236,short,257377,366699,375923
209296,hold,219343,252850,527807
209356,hold,241945,224621,533435
209416,hold,246390,267077,486533
209476,hold,189128,221608,589263
209536,hold,222597,232186,545217
209596,hold,282196,257201,460603
209656,hold,327947,263627,408426
209716,hold,277944,269537,452519
209776,short,300715,347473,351811
209836,long,422888,298033,279078
209896,long,366080,284078,349841
209956,hold,312346,267576,420078
210016,hold,255492,236356,508152
210076,hold,230616,235682,533702
210136,long,351640,286602,361758
210196,hold,248220,253883,497897
210256,hold,284039,251282,464679
210316,short,319772,646285,33943
210376,long,503112,303210,193677
210436,long,402386,350185,247429
210496,hold,214518,239307,546175
210556,long,342877,311141,345983
210616,hold,303012,274803,422185
210676,hold,290471,254546,454983
210736,hold,205012,235852,559136
210796,hold,208778,242849,548373
210856,hold,263605,239834,496562
210916,hold,195453,245326,559221
210976,hold,223020,222197,554783
211036,short,327641,525566,146793
211096,long,447471,369179,183350
211156,long,547814,339328,112857
211216,long,350575,301055,348370
211276,hold,317615,312736,369649
211336,hold,239583,274303,486114
211396,hold,307913,320910,371176
211456,hold,307162,270790,422049
211516,hold,322378,305673,371948
211576,long,402828,357317,239855
211636,hold,258426,247216,494358
211696,hold,253671,277160,469169
211756,hold,289846,324728,385426
211816,short,283199,349769,367033
211876,hold,318195,260548,421257
211936,hold,205432,211101,583466
211996,hold,195313,224480,580207
212056,long,356153,325596,318251
212116,hold,205767,228915,565319
212176,hold,198596,237948,563456
212236,hold,238319,271403,490277
212296,hold,313446,282931,403624
212356,hold,210346,219203,570451
212416,hold,243146,231393,525461
212476,hold,232452,242475,525074
212536,short,417723,460443,121834
212596,short,380482,395328,224190
212656,long,348125,295699,356176
212716,hold,315500,288648,395852
212776,hold,250336,239323,510341
212836,hold,275939,312147,411914
212896,long,364387,281430,354183
212956,hold,282211,236922,480866
213016,hold,261035,264697,474268
213076,hold,298030,307782,394188
213136,long,356551,300865,342584
213196,hold,285832,273991,440177
213256,hold,306817,267680,425503
213316,hold,232625,253245,514130
213376,hold,206584,248853,544563
213436,long,419056,296655,284289
213496,hold,245659,213898,540443
213556,hold,305617,246747,447636
213616,hold,238905,217358,543736
213676,hold,225774,254307,519919
213736,hold,269160,253183,477657
213796,hold,239879,239395,520726
213856,hold,201287,238673,560040
213916,hold,252480,254200,493320
213976,long,470832,415120,114047
214036,long,433918,349321,216761
214096,long,468296,356596,175108
214156,long,406255,334011,259735
214216,long,467521,333269,199210
214276,short,348882,433956,217162
214336,long,420837,293791,285373
214396,hold,273738,225902,500360
214456,hold,213457,251651,534892
214516,hold,235993,243583,520424
214576,long,432064,328168,239768
214636,long,517085,370757,112159
214696,hold,286057,279241,434701
214756,hold,251539,257560,490901
214816,hold,264490,257531,477979
214876,hold,177970,204216,617814
214936,hold,265922,272699,461379
214996,long,351683,322441,325876
215056,long,398211,339026,262764
215116,hold,286813,270897,442290
215176,long,357310,322230,320461
215236,hold,187104,219766,593130
215296,short,371869,465473,162658
215356,hold,294901,328284,376816
215416,long,437501,344880,217620
215476,long,359776,306421,333803
215536,hold,310269,307124,382608
215596,long,430352,381647,188001
215656,hold,273818,318555,407627
215716,hold,297398,276627,425975
215776,hold,319260,277506,403234
215836,hold,278529,232998,488473
215896,hold,257747,241324,500928
215956,long,410508,340712,248780
216016,long,427303,383037,189660
216076,long,397875,317797,284328
216136,long,471874,311827,216300
216196,long,430128,310149,259724
216256,hold,287824,251740,460436
216316,hold,213219,267057,519724
216376,hold,245501,219160,535339
216436,hold,187471,258791,553739
216496,hold,190141,236499,573359
216556,hold,251201,229360,519439
216616,hold,299078,297806,403115
216676,hold,247672,226135,526193
216736,hold,219233,230278,550489
216796,hold,191665,216797,591538
216856,hold,291800,255434,452766
216916,hold,225071,231134,543796
216976,hold,292145,255025,452830
217036,hold,267189,238386,494425
217096,hold,230250,215395,554355
217156,hold,246474,228819,524707
217216,hold,175918,208825,615258
217276,hold,187891,254365,557744
217336,hold,165535,202919,631546
217396,hold,281688,245615,472697
217456,hold,234943,286863,478195
217516,hold,259495,211680,528825
217576,hold,321002,295982,383016
217636,hold,216329,217310,566361
217696,hold,222931,211487,565582
217756,hold,231006,209515,559479
217816,hold,188916,234951,576134
217876,hold,291767,227845,480387
217936,hold,226219,221715,552066
217996,hold,254597,275201,470202
218056,hold,337373,260101,402526
218116,hold,279238,230614,490148
218176,hold,211251,205705,583044
218236,hold,265309,242326,492365
218296,hold,303134,304496,392370
218356,hold,195488,222340,582172
218416,short,326351,427153,246497
218476,hold,207950,239916,552134
218536,hold,204218,224457,571326
218596,hold,314785,265458,419757
218656,hold,282791,258022,459187
218716,hold,229724,210058,560218
218776,hold,300712,300817,398471
218836,hold,248712,240226,511061
218896,hold,270145,310279,419576
218956,hold,271331,232176,496493
219016,hold,263777,258075,478148
219076,hold,301462,290327,408211
219136,long,347838,251617,400544
219196,hold,244599,226901,528501
219256,hold,209994,264260,525746
219316,hold,182286,219519,598195
219376,hold,211512,235519,552969
219436,short,387830,424419,187751
219496,long,348979,285855,365166
219556,hold,320206,309180,370614
219616,hold,317529,297250,385221
219676,hold,265477,232036,502487
219736,long,430581,353676,215743
219796,long,390113,279991,329897
219856,hold,243688,255380,500932
219916,hold,259502,300422,440077
219976,hold,231243,256050,512707
220036,hold,218311,263003,518686
220096,hold,256124,276349,467527
220156,hold,237867,249196,512937
220216,hold,331941,293125,374934
220276,hold,236772,242659,520569
220336,hold,298434,286581,414985
220396,hold,248444,290746,460809
220456,hold,182077,227325,590598
220516,long,396028,347599,256374
220576,hold,261368,273650,464982
220636,hold,213345,208031,578624
220696,hold,176118,202435,621446
220756,hold,192475,200658,606867
220816,hold,216218,269910,513873
220876,hold,232650,204812,562538
220936,hold,224281,221738,553982
220996,hold,174617,200315,625068
221056,hold,268053,246882,485064
221116,hold,243243,226786,529971
221176,long,370831,334512,294657
221236,hold,283184,294606,422210
221296,hold,307647,276535,415818
221356,hold,292884,298683,408433
221416,hold,268279,285462,446259
221476,hold,237557,217317,545126
221536,hold,241134,248626,510240
221596,hold,278568,318500,402932
221656,hold,276133,242336,481531
221716,hold,244170,255455,500374
221776,hold,302689,270329,426982
221836,hold,252504,261880,485617
221896,hold,198768,225178,576055
221956,hold,292457,260500,447043
222016,hold,201389,211506,587106
222076,hold,242962,214196,542842
222136,hold,226638,245592,527770
222196,hold,187731,202691,609578
222256,hold,234652,229796,535552
222316,hold,201405,216039,582555
222376,hold,222249,219257,558494
222436,hold,249073,244258,506668
222496,hold,313395,281942,404663
222556,hold,232718,260794,506488
222616,long,443438,348923,207638
222676,hold,268368,261870,469761
222736,hold,225619,264528,509854
222796,hold,214878,236165,548956
222856,hold,233983,241843,524174
222916,hold,242216,243649,514135
222976,hold,241632,308359,450009
223036,hold,293646,250550,455804
223096,hold,250178,232878,516944
223156,hold,214836,229004,556160
223216,hold,205487,206610,587903
223276,hold,233616,247208,519176
223336,hold,293797,239256,466947
223396,hold,254637,244660,500703
223456,hold,207099,200339,592562
223516,hold,144977,194702,660320
223576,hold,216395,248473,535132
223636,hold,305282,250464,444253
223696,hold,244588,221587,533825
223756,hold,201083,196180,602736
223816,hold,160768,197448,641783
223876,hold,201269,226099,572631
223936,hold,252033,261238,486729
223996,hold,249045,301621,449334
224056,long,471903,442596,85501
224116,hold,320906,338286,340808
224176,short,310531,349700,339769
224236,long,462417,338081,199502
224296,short,286220,595371,118409
224356,short,321513,541163,137324
224416,short,418823,526886,54291
224476,long,563071,397168,39762
224536,long,421843,360870,217287
224596,hold,277388,261883,460729
224656,short,286430,389663,323907
224716,hold,193317,202946,603736
224776,hold,271701,304743,423556
224836,hold,260887,236847,502266
224896,hold,237823,220054,542124
224956,hold,221978,216545,561477
225016,hold,255086,256615,488299
225076,hold,214569,225340,560091
225136,hold,246615,233336,520049
225196,hold,250143,241901,507955
225256,hold,261103,240188,498709
225316,hold,213730,218276,567993
225376,hold,228656,284666,486678
225436,long,366120,280712,353167
225496,hold,307758,306499,385742
225556,long,426406,391225,182369
225616,hold,316160,289690,394150
225676,hold,304555,332653,362792
225736,hold,237435,257374,505192
225796,hold,298091,238958,462952
225856,hold,272599,253488,473913
225916,hold,261211,265319,473470
225976,hold,211184,213569,575247
226036,hold,231370,234983,533647
226096,hold,192022,277536,530441
226156,hold,251797,230631,517572
226216,hold,238944,223940,537117
226276,hold,237656,229618,532726
226336,hold,142509,196542,660950
226396,hold,200228,216273,583499
226456,hold,211889,215644,572466
226516,hold,249355,263559,487087
226576,hold,162228,196094,641678
226636,hold,211609,207392,580999
226696,hold,203232,198760,598007
226756,hold,211466,208860,579674
226816,hold,208492,220764,570744
226876,hold,253338,231726,514936
226936,hold,228056,232400,539544
226996,hold,266643,284286,449071
227056,hold,196619,209349,594032
227116,hold,196419,201408,602173
227176,hold,234914,237806,527280
227236,hold,208161,213207,578632
227296,hold,267129,226081,506790
227356,hold,160393,189180,650427
227416,hold,168669,195838,635493
227476,hold,161988,188938,649073
227536,hold,231914,230866,537220
227596,hold,163713,205725,630562
227656,hold,195963,204619,599418
227716,hold,164446,187985,647569
227776,hold,185275,193318,621407
227836,hold,144453,176724,678823
227896,hold,251274,214528,534198
227956,hold,257119,215110,527771
228016,hold,160046,184242,655712
228076,hold,189315,223179,587506
228136,hold,263149,279597,457253
228196,hold,168564,192442,638994
228256,hold,238953,222496,538551
228316,hold,197752,217743,584505
228376,hold,230090,227464,542446
228436,hold,241287,276536,482176
228496,hold,205080,237134,557786
228556,hold,223163,226269,550567
228616,hold,255819,214979,529203
228676,hold,158459,177725,663816
228736,hold,235425,200693,563882
228796,hold,202450,216123,581427
228856,hold,289026,288664,422310
228916,hold,328144,295998,375858
228976,hold,315450,274720,409830
229036,long,343213,303736,353051
229096,hold,284949,223984,491068
229156,hold,218076,226616,555309
229216,hold,181504,200614,617882
229276,hold,286279,232171,481550
229336,hold,227896,207391,564713
229396,hold,211878,232852,555270
229456,hold,184116,189607,626277
229516,hold,226611,213480,559908
229576,short,429583,449761,120657
229636,hold,299489,280473,420039
229696,hold,236025,248974,515001
229756,hold,220252,232950,546798
229816,long,379805,337053,283141
229876,short,345868,372157,281975
229936,hold,263182,260167,476651
229996,long,356154,322816,321031
230056,hold,273240,287184,439576
230116,hold,213392,227857,558751
230176,hold,217980,258058,523962
230236,long,348523,343768,307708
230296,long,530728,330760,138512
230356,hold,254994,268357,476649
230416,hold,262183,283107,454710
230476,hold,250098,277586,472316
230536,hold,319759,263636,416604
230596,hold,218865,246046,535090
230656,hold,164014,224005,611980
230716,hold,243856,226808,529336
230776,hold,287095,286233,426672
230836,hold,250377,261459,488164
230896,hold,245038,263421,491541
230956,hold,310488,254361,435151
231016,hold,272587,243961,483452
231076,hold,264945,260828,474227
231136,hold,238590,268301,493109
231196,hold,264884,231842,503274
231256,long,393757,365823,240420
231316,long,453532,318980,227488
231376,long,356824,287517,355659
231436,hold,338708,273604,387688
231496,hold,324559,265008,410433
231556,hold,237397,256125,506478
231616,long,359055,337089,303856
231676,short,323671,511189,165139
231736,hold,267414,251431,481154
231796,hold,288763,269573,441664
231856,hold,270160,319894,409946
231916,hold,316796,294969,388235
231976,hold,229346,232575,538079
232036,hold,228137,221420,550443
232096,hold,232515,231234,536251
232156,hold,176759,216705,606536
232216,hold,196898,200709,602393
232276,hold,224816,228694,546489
232336,hold,248923,225233,525845
232396,hold,259916,237437,502647
232456,hold,214702,236260,549038
232516,hold,197514,216315,586171
232576,hold,264817,276612,458570
232636,long,349251,292154,358596
232696,long,393649,304388,301963
232756,long,343644,343581,312774
232816,hold,308075,307608,384317
232876,hold,263573,251062,485364
232936,short,353830,468837,177334
232996,long,354603,281204,364194
233056,hold,326418,258254,415328
233116,hold,303820,282127,414054
233176,long,395078,289631,315291
233236,hold,260441,239868,499690
233296,hold,227222,227146,545632
233356,hold,252018,258357,489625
233416,hold,289285,267127,443588
233476,hold,209744,241752,548504
233536,hold,293130,292853,414017
233596,hold,290344,231737,477919
233656,hold,249429,230377,520195
233716,hold,227464,239107,533429
233776,hold,305040,267271,427688
233836,hold,214458,225939,559603
233896,hold,225687,241721,532593
233956,hold,324523,301799,373679
234016,hold,254324,267245,478431
234076,hold,277079,250031,472890
234136,long,363795,306778,329426
234196,hold,240457,280863,478681
234256,long,379454,331393,289153
234316,hold,242544,246064,511392
234376,hold,287238,269587,443175
234436,long,406498,278507,314995
234496,short,383900,501259,114840
234556,long,453485,304886,241630
234616,long,447641,339331,213028
234676,long,348427,339136,312438
234736,short,329966,642997,27037
234796,long,501291,479375,19334
234856,long,421863,412306,165831
234916,long,449936,328148,221916
234976,long,398140,349114,252746
235036,hold,243095,273839,483066
235096,hold,319956,290322,389722
235156,hold,327511,308060,364429
235216,hold,304397,315192,380410
235276,long,407759,337161,255079
235336,long,368754,313763,317483
235396,hold,259458,290338,450204
235456,hold,283620,262377,454004
235516,hold,273646,270304,456050
235576,long,440942,399586,159472
235636,short,359567,392491,247942
235696,long,372172,312269,315559
235756,short,320464,374805,304732
235816,long,373029,348370,278602
235876,long,343489,297691,358820
235936,long,406996,311762,281241
235996,hold,333176,279281,387543
236056,hold,285236,243576,471188
236116,hold,198686,233306,568008
236176,hold,204595,220383,575023
236236,long,346366,299637,353997
236296,hold,246308,245338,508354
236356,hold,212362,220621,567017
236416,hold,237524,228658,533818
236476,hold,178742,194032,627226
236536,hold,165043,204243,630714
236596,hold,199053,240720,560227
236656,hold,237776,222730,539493
236716,hold,229281,223450,547269
236776,hold,218382,222468,559149
236836,hold,185524,194924,619553
236896,hold,189549,213573,596878
236956,hold,219756,213832,566412
237016,hold,248763,244024,507213
237076,hold,187926,201621,610453
237136,hold,294466,245181,460353
237196,hold,284457,254771,460772
237256,hold,218182,237889,543930
237316,hold,280051,263074,456874
237376,hold,330108,325485,344407
237436,hold,261547,223710,514743
237496,hold,298576,229823,471600
237556,hold,184441,201766,613793
237616,hold,234434,198822,566743
237676,hold,178967,230183,590850
237736,hold,255879,217726,526395
237796,hold,177723,188625,633652
237856,hold,169875,181597,648529
237916,hold,144670,170914,684415
237976,hold,191773,220856,587371
238036,hold,300456,274269,425275
238096,hold,219577,226934,553488
238156,hold,201392,243870,554738
238216,hold,262208,225890,511902
238276,hold,183892,198015,618093
238336,hold,212849,209378,577773
238396,hold,237108,269830,493061
238456,hold,253419,248380,498201
238516,hold,239327,240863,519810
238576,hold,227467,247297,525236
238636,hold,197484,218337,584179
238696,hold,191242,223951,584808
238756,hold,208248,199913,591839
238816,hold,272869,301448,425682
238876,long,370881,300083,329036
238936,hold,338872,305265,355863
238996,hold,241472,263676,494852
239056,hold,208585,234548,556867
239116,short,375341,407090,217569
239176,hold,252640,252265,495095
239236,hold,307607,237655,454738
239296,hold,247418,234306,518276
239356,hold,233809,227041,539150
239416,hold,211126,214580,574294
239476,hold,251877,224401,523721
239536,hold,270582,279466,449953
239596,hold,194711,234812,570478
239656,hold,221201,223050,555749
239716,hold,222410,226770,550820
239776,hold,220717,230242,549041
239836,hold,256632,243856,499512
239896,long,389374,367392,243234
239956,hold,308722,306651,384627
240016,hold,319855,269748,410398
240076,hold,282231,270709,447060
240136,hold,254958,258611,486431
240196,hold,245680,260250,494069
240256,long,397104,344572,258324
240316,hold,192765,232974,574261
240376,hold,247730,282613,469657
240436,long,517152,295761,187087
240496,short,442862,491774,65365
240556,long,356687,300208,343105
240616,hold,231141,278444,490415
240676,hold,299873,312275,387852
240736,hold,267639,284174,448186
240796,hold,247804,253405,498792
240856,hold,274835,257121,468044
240916,hold,234189,257724,508088
240976,hold,290251,266789,442960
241036,hold,269003,269380,461618
241096,hold,289171,276431,434398
241156,hold,295430,296017,408553
241216,hold,293181,300285,406534
241276,hold,323245,264325,412430
241336,long,394253,330137,275610
241396,long,451095,445568,103336
241456,long,407246,339129,253625
241516,long,477787,378960,143254
241576,hold,311505,321981,366514
241636,long,360762,303859,335380
241696,hold,281162,326753,392085
241756,long,377181,277731,345089
241816,long,358005,267126,374870
241876,hold,277429,241533,481038
241936,hold,175275,215221,609504
241996,hold,233646,224778,541577
242056,short,317714,356772,325514
242116,hold,276022,228781,495198
242176,hold,248359,224054,527588
242236,hold,167587,201470,630943
242296,hold,204717,225065,570218
242356,hold,331029,280866,388104
242416,hold,209137,231960,558903
242476,hold,248445,249213,502341
242536,hold,324787,301075,374138
242596,long,340881,263058,396061
242656,hold,291235,284901,423865
242716,short,299706,380261,320033
242776,long,475337,420572,104091
242836,short,415067,460109,124823
242896,short,328323,367046,304632
242956,hold,303835,301199,394966
243016,long,475398,409251,115351
243076,long,536437,419395,44168
243136,long,375416,298555,326029
243196,hold,266389,271869,461742
243256,hold,270742,281044,448214
243316,hold,250770,218346,530884
243376,hold,239409,266833,493758
243436,long,345521,294256,360223
243496,hold,237874,274772,487354
243556,hold,224019,214216,561766
243616,hold,230250,215722,554028
243676,hold,213032,267669,519300
243736,hold,209139,240047,550814
243796,hold,186456,201780,611765
243856,hold,199280,211709,589011
243916,hold,216163,211273,572564
243976,hold,221189,202353,576458
244036,hold,212435,230884,556681
244096,hold,282898,232909,484193
244156,hold,200982,229056,569961
244216,hold,291868,245498,462635
244276,hold,320581,264980,414439
244336,hold,274989,254506,470505
244396,hold,323012,270851,406138
244456,hold,262365,241639,495996
244516,hold,311568,298073,390359
244576,hold,296355,235792,467853
244636,hold,225937,225481,548583
244696,hold,268755,235863,495382
244756,hold,329359,244693,425948
244816,hold,200307,221661,578032
244876,hold,278761,237825,483413
244936,hold,180557,204575,614868
244996,hold,262168,221230,516602
245056,hold,174706,194093,631201
245116,hold,252531,218926,528542
245176,hold,187610,216763,595627
245236,hold,287667,224322,488011
245296,hold,295708,293507,410785
245356,long,395188,300067,304745
245416,hold,277283,274642,448076
245476,hold,206667,253793,539540
245536,hold,191763,214153,594084
245596,hold,198822,231064,570114
245656,long,392506,344439,263055
245716,long,532196,363429,104376
245776,short,337233,345927,316840
245836,long,360214,323475,316312
245896,long,518116,331721,150163
245956,hold,285799,307736,406465
246016,hold,312916,244505,442578
246076,hold,281407,250728,467866
246136,hold,255968,273215,470817
246196,hold,263279,269221,467500
246256,hold,194287,211472,594240
246316,hold,222392,222041,555566
246376,hold,160597,192540,646863
246436,hold,192749,197337,609915
246496,hold,167824,197012,635164
246556,hold,155294,181326,663380
246616,hold,173509,184790,641700
246676,hold,174027,209754,616219
246736,hold,167730,190072,642198
246796,hold,157221,188765,654013
246856,hold,190193,232179,577627
246916,hold,165891,187404,646705
246976,hold,163461,186424,650115
247036,hold,182868,197445,619687
247096,hold,234169,232734,533098
247156,hold,220869,248639,530492
247216,hold,257871,218651,523478
247276,hold,210005,207475,582521
247336,hold,303323,253079,443598
247396,long,368962,362040,268997
247456,long,356413,305603,337984
247516,short,322708,348973,328318
247576,long,602115,331405,66480
247636,hold,337188,280854,381958
247696,long,538992,381681,79327
247756,long,375981,316293,307727
247816,long,554171,397312,48517
247876,long,404047,318618,277336
247936,hold,328291,331543,340166
247996,hold,300797,272500,426703
248056,hold,269472,246854,483675
248116,hold,235832,246752,517416
248176,hold,306589,277791,415620
248236,hold,238417,226074,535509
248296,long,347709,313032,339259
248356,hold,263809,222544,513647
248416,hold,207791,241812,550396
248476,short,287750,467974,244276
248536,short,465804,482811,51385
248596,long,570550,356911,72539
248656,short,411147,411414,177439
248716,short,363067,562308,74625
248776,hold,296553,313588,389859
248836,hold,297617,318029,384353
248896,short,409999,480249,109752
248956,long,461848,310627,227525
249016,long,394779,369117,236104
249076,long,460070,324367,215563
249136,long,357376,306861,335762
249196,long,405343,309559,285098
249256,hold,237552,246206,516242
249316,hold,286745,291854,421401
249376,hold,230537,246733,522730
249436,hold,238116,225564,536321
249496,hold,207158,219586,573256
249556,short,255391,347141,397468
249616,hold,227627,228116,544258
249676,hold,255057,244965,499979
249736,hold,226572,234219,539208
249796,hold,222321,245307,532372
249856,hold,228320,231042,540638
249916,hold,250877,275919,473203
249976,long,392137,380654,227209
250036,long,444128,326910,228962
250096,short,356262,424422,219316
250156,long,505040,393002,101958
250216,long,467254,353231,179515
250276,long,386712,342929,270359
250336,long,383064,317710,299225
250396,long,473939,329287,196774
250456,short,413189,529606,57205
250516,long,439871,343210,216919
250576,hold,289178,325146,385676
250636,hold,336098,332275,331627
250696,hold,286593,308935,404472
250756,hold,292802,299402,407796
250816,hold,203130,257389,539481
250876,hold,288690,257215,454094
250936,hold,214600,249822,535579
250996,hold,247187,308972,443841
251056,long,414444,364845,220711
251116,hold,277950,260812,461238
251176,hold,283199,282583,434218
251236,hold,229558,242273,528169
251296,hold,263253,240650,496097
251356,long,340472,279019,380509
251416,long,443808,307431,248761
251476,hold,277126,291846,431028
251536,hold,318341,281467,400193
251596,hold,264411,304665,430924
251656,hold,258231,275040,466729
251716,hold,282081,273832,444087
251776,hold,302968,251828,445204
251836,hold,255845,251854,492301
251896,hold,248579,263245,488175
251956,hold,217433,233359,549208
252016,hold,286378,299154,414468
252076,long,387555,274534,337911
252136,long,376014,348495,275491
252196,hold,278531,291998,429471
252256,hold,238703,240385,520912
252316,hold,196612,205176,598212
252376,hold,226555,225234,548211
252436,hold,211558,205756,582686
252496,hold,202674,227730,569596
252556,hold,233705,254173,512122
252616,hold,281078,254476,464446
252676,hold,203448,235218,561334
252736,hold,227940,239422,532638
252796,hold,290944,297734,411323
252856,short,354227,485833,159939
252916,short,415655,425697,158648
252976,long,417103,268120,314778
253036,long,344058,252462,403480
253096,hold,317518,257590,424891
253156,hold,261310,256795,481895
253216,hold,339058,262048,398894
253276,hold,280157,266614,453229
253336,hold,297003,264131,438866
253396,hold,290316,257342,452342
253456,hold,309148,252065,438787
253516,hold,255836,254896,489267
253576,hold,295381,271798,432821
253636,hold,310087,297722,392191
253696,hold,251106,240752,508143
253756,hold,215964,228902,555134
253816,hold,231922,225597,542481
253876,hold,205986,239452,554562
253936,hold,237861,216662,545477
253996,long,389731,384436,225833
254056,hold,211824,222031,566145
254116,hold,207752,220331,571918
254176,hold,220398,227533,552069
254236,hold,251673,262202,486125
254296,long,352218,304416,343366
254356,hold,294539,311234,394227
254416,long,347260,298320,354419
254476,hold,332136,291669,376195
254536,hold,285730,256882,457388
254596,hold,284215,252173,463612
254656,hold,217246,219376,563377
254716,hold,260210,289988,449802
254776,long,345894,288917,365190
254836,hold,223724,230360,545916
254896,hold,207431,222299,570271
254956,long,384052,282702,333246
255016,hold,268087,234725,497187
255076,hold,177909,212725,609367
255136,hold,164787,194975,640238
255196,hold,178463,194243,627294
255256,hold,263038,226826,510136
255316,hold,249311,215078,535612
255376,hold,309435,268639,421926
255436,hold,271986,237863,490152
255496,hold,265199,292825,441976
255556,hold,211688,210579,577732
255616,hold,224606,219468,555926
255676,hold,315024,269276,415700
255736,short,311795,342427,345779
255796,long,364880,274649,360471
255856,hold,223503,260449,516048
255916,hold,270183,250656,479161
255976,hold,337200,287037,375763
256036,hold,276075,275223,448701
256096,hold,280303,241302,478395
256156,hold,200593,214079,585328
256216,hold,290590,217880,491530
256276,hold,240585,243652,515763
256336,hold,180458,210429,609113
256396,hold,192403,213871,593726
256456,hold,223695,211855,564450
256516,hold,153055,184291,662654
256576,hold,145003,204650,650347
256636,hold,150602,177394,672004
256696,hold,149474,172528,677999
256756,hold,127858,163898,708244
256816,hold,133088,176412,690500
256876,hold,166185,183211,650604
256936,hold,166858,178255,654887
256996,hold,184560,183906,631535
257056,hold,128863,179204,691933
257116,hold,124654,160662,714684
257176,hold,255019,207719,537263
257236,hold,199114,187556,613330
257296,hold,215623,224588,559790
257356,hold,230922,199760,569318
257416,hold,179953,195533,624514
257476,hold,199884,193797,606319
257536,hold,147800,200304,651896
257596,hold,183170,185980,630850
257656,hold,187033,191863,621104
257716,hold,136912,169613,693475
257776,hold,134015,168228,697757
257836,hold,146368,179104,674529
257896,hold,181451,197447,621102
257956,hold,149509,171800,678690
258016,hold,196982,186303,616716
258076,hold,164978,172174,662848
258136,hold,156219,170651,673130
258196,hold,164936,176146,658919
258256,hold,140781,172642,686578
258316,hold,198389,200538,601073
258376,hold,208309,234250,557441
258436,hold,176641,212414,610946
258496,hold,206058,222543,571399
258556,hold,212346,240194,547461
258616,hold,247262,209787,542951
258676,hold,262122,260623,477255
258736,hold,293595,261973,444433
258796,hold,214298,223146,562556
258856,hold,167818,198646,633536
258916,hold,170743,214667,614590
258976,hold,225731,207823,566446
259036,hold,171713,195108,633178
259096,hold,251279,206961,541760
259156,hold,281721,278114,440165
259216,hold,225737,221905,552359
259276,hold,299421,276815,423765
259336,hold,212929,221360,565711
259396,hold,172225,215294,612481
259456,hold,155330,182564,662106
259516,hold,208282,198926,592792
259576,hold,166005,194576,639419
259636,hold,334567,271726,393707
259696,hold,174278,215802,609920
259756,hold,221390,204503,574107
259816,hold,168627,210468,620906
259876,hold,198287,198097,603616
259936,hold,232234,219218,548548
259996,hold,210509,213715,575777
260056,long,389298,310201,300501
260116,hold,316237,327439,356324
260176,hold,271496,268546,459958
260236,hold,262012,255808,482180
260296,hold,294444,260059,445497
260356,hold,277561,220676,501763
260416,hold,242737,236304,520959
260476,hold,187806,206909,605284
260536,hold,331555,271653,396792
260596,hold,234540,226824,538636
